Workbook

Sheet Main
C3: PLEASE CHECK THE OTHER TABS AT THE BOTTOM! THIS IS ONLY THE FIRST TAB.
C4: IT IS RECOMMENDED THAT YOU ZOOM OUT TO SEE EVERYTHING BETTER.
C5: CLICK/TAP THE LINK INSIDE THAT BOX TO ACCESS THE TRAINER ORDER.
C6: REPORT MISTAKES IN THE #DOCUMENTATION-REPORTS CHANNEL ON OUR DISCORD SERVER.
C8: HARDCORE GENERAL RESTRICTIONS AND CHANGES
E10: Weather / Terrain set by the AI's Pokémon is permanent.
E12: Defog, Steel Roller, Ice Spinner and Splintered Stormshards do not remove terrain.
E14: Electric Seed is unobtainable from wild Pokémon before beating Lt. Surge.
E16: Misty Seed is unobtainable from wild Pokémon before beating Sabrina.
E18: Psychic Seed is unobtainable from wild Pokémon before beating Koga.
E20: Your follower Pokémon cannot pick up an Eject Button in Power Plant.
E22: The first four Level Caps are different (see the Level Caps below).
E24: The location of Charizardite Y and Charizardite X are swapped.
E26: The location of Gardevoirite and Cameruptite are swapped.
E28: Rapid Spin does not boost speed.
E30: Moves that have a chance to Omniboost can't give boosts to the player.
E32: Shedinja is unobtainable.
... E40: Psyshock TM is given by Sabrina and not found on Underground Path.
C42: LEVEL CAPS
E44: Pre-Brock (16)
E46: Pre-Mt. Moon Archer (23)
E48: Pre-Misty (28)
E50: Pre-Lt. Surge (36)
E52: Pre-Erika (44)
E54: Pre-Game Corner Giovanni (47)
E56: Pre-Silph Co. Archer & Ariana (56)
E58: Pre-Giovanni Silph Co. (57)
E60: Pre-Sabrina (59)
E62: Pre-Koga (68)
E64: Pre-May (73)
E66: Pre-Blaine (76)
... E78: Post Game (100)
C80: HOW TO GET FOCUS SASH AND CHOICE ITEMS FROM QUESTS
E81: Show a Pokémon with 125+ base stat in the respective stat (Chuck asks for a Pokémon with strong attack, show a mon with 125+ base attack like Terrakion).
C83: ABOUT THE SHEET
E85: All of the trainer info in this sheet should be 100% accurate, because it was either obtained via byte copying and using the Stat Scanner, or thanks to source code data.
E87: Even if something looks VERY wrong, that's how it is in-game. Though, feel free to report text typos if you ever find those.
E89: All of the opposing Pokémon's moves in this sheet are PP maxed.
E91: Generally, if a Pokémon has Gyro Ball in its moveset or is part of a Trick Room team, you can safely assume it has zero speed IVs.
E93: Rival's chosen starter determines what team he gets. If he has the Squirtle team, that means the player chose a Fire-type starter Pokémon.
E95: Since Hardcore Mode auto-enables Minimal Grinding Mode, opponents don't have EVs. Except for one specific case which is the Ghost Marowak, having 252 HP EVs.
E97: All speed stats are determined based on the point when you're expected to battle with the trainer at that specific juncture in the game.
C99: ABILITY CHANGES | AA99: SPECIFIC ABILITY CHANGES
E101: BANNED | I101: -> | J101: CHANGE | Q101: BANNED | U101: -> | V101: CHANGE | AE101: BANNED | AI101: -> | AJ101: CHANGE
E102: Drought | I102: -> | J102: Sheer Force | Q102: Orichalcum Pulse | U102: -> | V102: Protosynthesis | AC102: {=IFERROR(VLOOKUP(AE102,Dex!$B$3:$S185,18,FALSE),"")} | AE102: Tyranitar | AI102: -> | AJ102: Intimidate
E104: Desolate Land | Q104: Hadron Engine | U104: -> | V104: Quark Drive | AE104: (Sand Stream)
E106: Grassy Surge | I106: -> | J106: Self Sufficient | Q106: Speed Boost | U106: -> | V106: Infiltrator | AC106: =IMAGE("https://raw.githubusercontent.com/darkbooker/RadicalRedSprites/main/Sprites/TYRANITAR_MEGA.png",4,64,64) | AE106: Mega Tyranitar | AI106: -> | AJ106: Intimidate
E108: Seed Sower | Q108: Imposter | U108: -> | V108: Limber | AE108: (Sand Stream)
E110: Sand Stream | I110: -> | J110: Sand Force | Q110: Magic Bounce | U110: -> | V110: Magic Guard | AC110: =IMAGE("https://raw.githubusercontent.com/darkbooker/RadicalRedSprites/main/Sprites/BLAZIKEN_MEGA.png",4,64,64) | AE110: Mega Blaziken | AI110: -> | AJ110: Striker
E112: Sand Spit | Q112: Blazing Soul | U112: -> | V112: Flash Fire | AE112: (Speed Boost)
E114: Drizzle | I114: -> | J114: Adaptability | Q114: Triage | U114: -> | V114: Natural Cure | AC114: =IMAGE("https://raw.githubusercontent.com/darkbooker/RadicalRedSprites/main/Sprites/SPINDA.png",4,64,64) | AE114: Spinda Keeps Contrary
E116: Primordial Sea | Q116: Trace | U116: -> | V116: Synchronize
E118: Defiant | I118: -> | J118: Clear Body | Q118: Stamina | U118: -> | V118: Inner Focus | AC118: {=IFERROR(VLOOKUP(AE118,Dex!$B$3:$S185,18,FALSE),"")} | AE118: Gigalith | AI118: -> | AJ118: Solid Rock
E120: Competitive | Q120: Contrary | U120: -> | V120: Bad Company | AE120: (Sand Stream)
E122: Misty Surge | I122: -> | J122: Telepathy | Q122: Psychic Surge | U122: -> | V122: Dazzling | AC122: =IMAGE("https://raw.githubusercontent.com/darkbooker/RadicalRedSprites/main/Sprites/COMFEY.png",4,64,64) | AE122: Comfey Keeps Triage
E124: Electric Surge | Q124: Snow Warning | U124: -> | V124: Slush Rush
E126: Moxie | I126: -> | J126: Unnerve | Q126: Toxic Debris | U126: -> | V126: Corrosion | AC126: =IMAGE("https://raw.githubusercontent.com/darkbooker/RadicalRedSprites/main/Sprites/RILLABOOM.png",4,64,64) | AE126: Rillaboom | AI126: -> | AJ126: Intimidate
E128: Chilling Neigh | Q128: Anger Shell | U128: -> | V128: Regenerator | AE128: (Grassy Terrain)
E130: Grim Neigh | AC130: =IMAGE("https://raw.githubusercontent.com/darkbooker/RadicalRedSprites/main/Sprites/ESPATHRA.png",4,64,64) | AE130: Espathra Keeps Speed Boost
E132: Soul-Heart
E134: Beast Boost
C137: BANNED MOVES | AE137: TOXIC & LEECH SEED ALLOWED POKEMON
E139: PHYSICAL | K139: SPECIAL | R139: SET UP | X139: OTHER | AE139: These Pokemon are "subpar" compared to others, and as such they are allowed to learn Toxic and Leech Seed, if they could already learn these moves outside of Restricted/Hardcore Mode:
E140: Aqua Step | K140: Charge Beam | R140: Acid Armor | X140: Charm
E141: Fell Stinger | K141: Electro Shot | R141: Agility | X141: Court Change
AE142: {=IFERROR(VLOOKUP(AG142,Dex!$B$3:$S185,18,FALSE),"")} | AG142: Butterfree | AK142: {=IFERROR(VLOOKUP(AM142,Dex!$B$3:$S185,18,FALSE),"")} | AM142: Sudowoodo | AQ142: {=IFERROR(VLOOKUP(AS142,Dex!$B$3:$S185,18,FALSE),"")} | AS142: Bastiodon | AW142: {=IFERROR(VLOOKUP(AY142,Dex!$B$3:$S185,18,FALSE),"")} | AY142: Maractus | BC142: {=IFERROR(VLOOKUP(BE142,Dex!$B$3:$S185,18,FALSE),"")} | BE142: Shiinotic
E143: Flame Charge | K143: Esper Wing | R143: Amnesia | X143: Decorate
E144: Power-Up Punch | K144: Fiery Dance | R144: Autotomize | X144: Destiny Bond | AE144: {=IFERROR(VLOOKUP(AG144,Dex!$B$3:$S185,18,FALSE),"")} | AG144: Raticate | AK144: {=IFERROR(VLOOKUP(AM144,Dex!$B$3:$S185,18,FALSE),"")} | AM144: Magcargo | AQ144: {=IFERROR(VLOOKUP(AS144,Dex!$B$3:$S185,18,FALSE),"")} | AS144: Wormadam | AW144: {=IFERROR(VLOOKUP(AY144,Dex!$B$3:$S185,18,FALSE),"")} | AY144: Garbodor | BC144: {=IFERROR(VLOOKUP(BE144,Dex!$B$3:$S185,18,FALSE),"")} | BE144: Minior-Core
E145: Scale Shot | K145: Meteor Beam | R145: Barrier | X145: Leech Seed (Not Fully)
E146: Skull Bash | K146: Spit Up | R146: Belly Drum | AE146: {=IFERROR(VLOOKUP(AG146,Dex!$B$3:$S185,18,FALSE),"")} | AG146: Raticate-A | AK146: {=IFERROR(VLOOKUP(AM146,Dex!$B$3:$S185,18,FALSE),"")} | AM146: Shuckle | AQ146: {=IFERROR(VLOOKUP(AS146,Dex!$B$3:$S185,18,FALSE),"")} | AS146: Mothim | AW146: {=IFERROR(VLOOKUP(AY146,Dex!$B$3:$S185,18,FALSE),"")} | AY146: Swanna | BC146: {=IFERROR(VLOOKUP(BE146,Dex!$B$3:$S185,18,FALSE),"")} | BE146: Komala
E147: Trailblaze | K147: Torch Song | R147: Bulk Up | X147: Magic Coat
R148: Calm Mind | X148: Perish Song | AE148: {=IFERROR(VLOOKUP(AG148,Dex!$B$3:$S185,18,FALSE),"")} | AG148: Wigglytuff | AK148: {=IFERROR(VLOOKUP(AM148,Dex!$B$3:$S185,18,FALSE),"")} | AM148: Corsola | AQ148: {=IFERROR(VLOOKUP(AS148,Dex!$B$3:$S185,18,FALSE),"")} | AS148: Pachirisu | AW148: {=IFERROR(VLOOKUP(AY148,Dex!$B$3:$S185,18,FALSE),"")} | AY148: Vanilluxe | BC148: {=IFERROR(VLOOKUP(BE148,Dex!$B$3:$S185,18,FALSE),"")} | BE148: Greedent
E149: TERRAIN | K149: HAZARDS | R149: Clangorous Soul | X149: Powder
E150: Chilly Reception | K150: Spikes | R150: Coaching | X150: Protect | AE150: {=IFERROR(VLOOKUP(AG150,Dex!$B$3:$S185,18,FALSE),"")} | AG150: Parasect | AK150: {=IFERROR(VLOOKUP(AM150,Dex!$B$3:$S185,18,FALSE),"")} | AM150: Mightyena | AQ150: {=IFERROR(VLOOKUP(AS150,Dex!$B$3:$S185,18,FALSE),"")} | AS150: Cherrim | AW150: {=IFERROR(VLOOKUP(AY150,Dex!$B$3:$S185,18,FALSE),"")} | AY150: Emolga | BC150: {=IFERROR(VLOOKUP(BE150,Dex!$B$3:$S185,18,FALSE),"")} | BE150: Thievul
E151: Electric Terrain | K151: Stealth Rock | R151: Coil | X151: Psych Up
E152: Grassy Terrain | K152: Sticky Web | R152: Cosmic Power | X152: Shed Tail | AE152: {=IFERROR(VLOOKUP(AG152,Dex!$B$3:$S185,18,FALSE),"")} | AG152: Venomoth | AK152: {=IFERROR(VLOOKUP(AM152,Dex!$B$3:$S185,18,FALSE),"")} | AM152: Linoone | AQ152: {=IFERROR(VLOOKUP(AS152,Dex!$B$3:$S185,18,FALSE),"")} | AS152: Purugly | AW152: {=IFERROR(VLOOKUP(AY152,Dex!$B$3:$S185,18,FALSE),"")} | AY152: Beheeyem | BC152: {=IFERROR(VLOOKUP(BE152,Dex!$B$3:$S185,18,FALSE),"")} | BE152: Eldegoss
E153: Misty Terrain | K153: Toxic Spikes | R153: Cotton Guard | X153: Snatch
E154: Psychic Terrain | R154: Curse | X154: Strength Sap | AE154: {=IFERROR(VLOOKUP(AG154,Dex!$B$3:$S185,18,FALSE),"")} | AG154: Dugtrio | AK154: {=IFERROR(VLOOKUP(AM154,Dex!$B$3:$S185,18,FALSE),"")} | AM154: Beautifly | AQ154: {=IFERROR(VLOOKUP(AS154,Dex!$B$3:$S185,18,FALSE),"")} | AS154: Skuntank | AW154: {=IFERROR(VLOOKUP(AY154,Dex!$B$3:$S185,18,FALSE),"")} | AY154: Cryogonal | BC154: {=IFERROR(VLOOKUP(BE154,Dex!$B$3:$S185,18,FALSE),"")} | BE154: Dubwool
E155: Rain Dance | R155: Defense Curl | X155: Substitute
E156: Sandstorm | R156: Dragon Dance | X156: Taunt | AE156: {=IFERROR(VLOOKUP(AG156,Dex!$B$3:$S185,18,FALSE),"")} | AG156: Dugtrio-A | AK156: {=IFERROR(VLOOKUP(AM156,Dex!$B$3:$S185,18,FALSE),"")} | AM156: Dustox | AQ156: {=IFERROR(VLOOKUP(AS156,Dex!$B$3:$S185,18,FALSE),"")} | AS156: Chatot | AW156: {=IFERROR(VLOOKUP(AY156,Dex!$B$3:$S185,18,FALSE),"")} | AY156: Stunfisk | BC156: {=IFERROR(VLOOKUP(BE156,Dex!$B$3:$S185,18,FALSE),"")} | BE156: Coalossal
E157: Snowscape | R157: Fillet Away | X157: Toxic (Not Fully)
E158: Sunny Day | R158: Geomancy | AE158: {=IFERROR(VLOOKUP(AG158,Dex!$B$3:$S185,18,FALSE),"")} | AG158: Persian | AK158: {=IFERROR(VLOOKUP(AM158,Dex!$B$3:$S185,18,FALSE),"")} | AM158: Grumpig | AQ158: {=IFERROR(VLOOKUP(AS158,Dex!$B$3:$S185,18,FALSE),"")} | AS158: Carnivine | AW158: {=IFERROR(VLOOKUP(AY158,Dex!$B$3:$S185,18,FALSE),"")} | AY158: Stunfisk-G | BC158: {=IFERROR(VLOOKUP(BE158,Dex!$B$3:$S185,18,FALSE),"")} | BE158: Stonjourner
E159: Trick Room | R159: Growth | X159: Wide Guard
R160: Harden | AE160: {=IFERROR(VLOOKUP(AG160,Dex!$B$3:$S185,18,FALSE),"")} | AG160: Persian-A | AK160: {=IFERROR(VLOOKUP(AM160,Dex!$B$3:$S185,18,FALSE),"")} | AM160: Spinda | AQ160: {=IFERROR(VLOOKUP(AS160,Dex!$B$3:$S185,18,FALSE),"")} | AS160: Lumineon | AW160: {=IFERROR(VLOOKUP(AY160,Dex!$B$3:$S185,18,FALSE),"")} | AY160: Druddigon | BC160: {=IFERROR(VLOOKUP(BE160,Dex!$B$3:$S185,18,FALSE),"")} | BE160: Pincurchin
R161: Hone Claws
R162: Howl | AE162: {=IFERROR(VLOOKUP(AG162,Dex!$B$3:$S185,18,FALSE),"")} | AG162: Vileplume | AK162: {=IFERROR(VLOOKUP(AM162,Dex!$B$3:$S185,18,FALSE),"")} | AM162: Castform | AQ162: {=IFERROR(VLOOKUP(AS162,Dex!$B$3:$S185,18,FALSE),"")} | AS162: Abomasnow | AW162: {=IFERROR(VLOOKUP(AY162,Dex!$B$3:$S185,18,FALSE),"")} | AY162: Vivillon | BC162: {=IFERROR(VLOOKUP(BE162,Dex!$B$3:$S185,18,FALSE),"")} | BE162: Eiscue
R163: Iron Defense
R164: Meditate | AE164: {=IFERROR(VLOOKUP(AG164,Dex!$B$3:$S185,18,FALSE),"")} | AG164: Bellossom | AK164: {=IFERROR(VLOOKUP(AM164,Dex!$B$3:$S185,18,FALSE),"")} | AM164: Kecleon | AQ164: {=IFERROR(VLOOKUP(AS164,Dex!$B$3:$S185,18,FALSE),"")} | AS164: Phione | AW164: {=IFERROR(VLOOKUP(AY164,Dex!$B$3:$S185,18,FALSE),"")} | AY164: Furfrou | BC164: {=IFERROR(VLOOKUP(BE164,Dex!$B$3:$S185,18,FALSE),"")} | BE164: Indeedee-M
R165: Nasty Plot
R166: No Retreat | AE166: {=IFERROR(VLOOKUP(AG166,Dex!$B$3:$S185,18,FALSE),"")} | AG166: Victreebel | AK166: {=IFERROR(VLOOKUP(AM166,Dex!$B$3:$S185,18,FALSE),"")} | AM166: Luvdisc | AQ166: {=IFERROR(VLOOKUP(AS166,Dex!$B$3:$S185,18,FALSE),"")} | AS166: Serperior | AW166: {=IFERROR(VLOOKUP(AY166,Dex!$B$3:$S185,18,FALSE),"")} | AY166: Slurpuff | BC166: {=IFERROR(VLOOKUP(BE166,Dex!$B$3:$S185,18,FALSE),"")} | BE166: Indeedee-F
R167: Quiver Dance
R168: Rock Polish | AE168: {=IFERROR(VLOOKUP(AG168,Dex!$B$3:$S185,18,FALSE),"")} | AG168: Farfetch'd | AK168: {=IFERROR(VLOOKUP(AM168,Dex!$B$3:$S185,18,FALSE),"")} | AM168: Masquerain | AQ168: {=IFERROR(VLOOKUP(AS168,Dex!$B$3:$S185,18,FALSE),"")} | AS168: Musharna | AW168: {=IFERROR(VLOOKUP(AY168,Dex!$B$3:$S185,18,FALSE),"")} | AY168: Malamar | BC168: {=IFERROR(VLOOKUP(BE168,Dex!$B$3:$S185,18,FALSE),"")} | BE168: Oinkologne
R169: Shell Smash
R170: Shift Gear | AE170: {=IFERROR(VLOOKUP(AG170,Dex!$B$3:$S185,18,FALSE),"")} | AG170: Muk | AK170: {=IFERROR(VLOOKUP(AM170,Dex!$B$3:$S185,18,FALSE),"")} | AM170: Wailord | AQ170: {=IFERROR(VLOOKUP(AS170,Dex!$B$3:$S185,18,FALSE),"")} | AS170: Watchog | AW170: {=IFERROR(VLOOKUP(AY170,Dex!$B$3:$S185,18,FALSE),"")} | AY170: Dedenne | BC170: {=IFERROR(VLOOKUP(BE170,Dex!$B$3:$S185,18,FALSE),"")} | BE170: Spidops
R171: Stockpile
R172: Swallow | AE172: {=IFERROR(VLOOKUP(AG172,Dex!$B$3:$S185,18,FALSE),"")} | AG172: Ninetales | AK172: {=IFERROR(VLOOKUP(AM172,Dex!$B$3:$S185,18,FALSE),"")} | AM172: Probopass | AQ172: {=IFERROR(VLOOKUP(AS172,Dex!$B$3:$S185,18,FALSE),"")} | AS172: Liepard | AW172: {=IFERROR(VLOOKUP(AY172,Dex!$B$3:$S185,18,FALSE),"")} | AY172: Carbink | BC172: {=IFERROR(VLOOKUP(BE172,Dex!$B$3:$S185,18,FALSE),"")} | BE172: Rabsca
R173: Swords Dance
R174: Tail Glow | AE174: {=IFERROR(VLOOKUP(AG174,Dex!$B$3:$S185,18,FALSE),"")} | AG174: Hypno | AK174: {=IFERROR(VLOOKUP(AM174,Dex!$B$3:$S185,18,FALSE),"")} | AM174: Delcatty | AQ174: {=IFERROR(VLOOKUP(AS174,Dex!$B$3:$S185,18,FALSE),"")} | AS174: Unfezant | AW174: {=IFERROR(VLOOKUP(AY174,Dex!$B$3:$S185,18,FALSE),"")} | AY174: Gumshoos
R175: Tailwind
R176: Tidy Up | AE176: {=IFERROR(VLOOKUP(AG176,Dex!$B$3:$S185,18,FALSE),"")} | AG176: Mr. Mime | AK176: {=IFERROR(VLOOKUP(AM176,Dex!$B$3:$S185,18,FALSE),"")} | AM176: Swalot | AQ176: {=IFERROR(VLOOKUP(AS176,Dex!$B$3:$S185,18,FALSE),"")} | AS176: Gigalith | AW176: {=IFERROR(VLOOKUP(AY176,Dex!$B$3:$S185,18,FALSE),"")} | AY176: Oricorio
...

Sheet Trainer Order
C3: (!) CLICK ON TRAINER'S NAME TO INSTANTLY GO TO PAGE! | F3: LEVEL CAPS
C5: (OPTIONAL)
C6: =IMAGE("https://i.ibb.co/fXwks6z/Rival.png",4,150,150) | D6: RIVAL | F6: 16
D7: ROUTE 22
C10: =IMAGE("https://i.ibb.co/10ZXyNx/Brendan.png",4,150,150) | D10: BRENDAN | F10: 16
D11: VIRIDIAN FOREST
C14: =IMAGE("https://i.ibb.co/8sm893K/Lass.png",4,150,150) | D14: LASS ANNE | F14: 16
D15: VIRIDIAN FOREST
C18: (OPTIONAL)
C19: =IMAGE("https://i.ibb.co/26kF6WW/Ace-Trainer-F.png",4,150,150) | D19: ACE NELLE | F19: 16+
D20: VIRIDIAN FOREST
C23: =IMAGE("https://i.ibb.co/8D0GLzq/Bug-Catcher.png",4,150,150) | D23: CATCHER SAMMY | F23: 16
D24: VIRIDIAN FOREST
C27: =IMAGE("https://i.ibb.co/NWQ5Qdk/Falkner.png",4,150,150) | D27: FALKNER | F27: 16
D28: PEWTER CITY
C31: =IMAGE("https://i.ibb.co/RBhc6sL/Brock.png",4,150,150) | D31: BROCK | F31: 16
D32: PEWTER CITY
C35: =IMAGE("https://i.ibb.co/8sm893K/Lass.png",4,150,150) | D35: LASS SALLY | F35: 23
D36: ROUTE 3
C39: =IMAGE("https://i.ibb.co/zFMzgnB/Super-Nerd.png",4,150,150) | D39: SUPER NERD MIGUEL | F39: 23
D40: MT. MOON
C43: =IMAGE("https://i.ibb.co/xhnkr2Z/Archer.png",4,150,150) | D43: ARCHER | F43: 23
D44: MT. MOON
C47: =IMAGE("https://i.ibb.co/fXwks6z/Rival.png",4,150,150) | D47: RIVAL | F47: 28/36
D48: CERULEAN CITY
C51: =IMAGE("https://i.ibb.co/8D0GLzq/Bug-Catcher.png",4,150,150) | D51: CATCHER CALE | F51: 28/36
D52: NUGGET BRIDGE
C55: =IMAGE("https://i.ibb.co/8sm893K/Lass.png",4,150,150) | D55: LASS ALI | F55: 28/36
D56: NUGGET BRIDGE
C59: =IMAGE("https://i.ibb.co/6nGd7Gm/Youngster.png",4,150,150) | D59: YOUNGSTER TIMMY | F59: 28/36
D60: NUGGET BRIDGE
C63: =IMAGE("https://i.ibb.co/8sm893K/Lass.png",4,150,150) | D63: LASS RELLI | F63: 28/36
D64: NUGGET BRIDGE
C67: =IMAGE("https://i.ibb.co/VxD4KtV/Camper.png",4,150,150) | D67: CAMPER ETHAN | F67: 28/36
D68: NUGGET BRIDGE
C71: =IMAGE("https://i.ibb.co/FzKmMqb/Grunt.png",4,150,150) | D71: GRUNT | F71: 28/36
D72: NUGGET BRIDGE
C75: (OPTIONAL)
C76: =IMAGE("https://i.ibb.co/Lrh0bjy/Bugsy.png",4,150,150) | D76: BUGSY | F76: 28+
D77: ROUTE 25
C80: =IMAGE("https://i.ibb.co/hZTdVGf/Misty.png",4,150,150) | D80: MISTY | F80: 28
D81: CERULEAN CITY
C84: =IMAGE("https://i.ibb.co/FzKmMqb/Grunt.png",4,150,150) | D84: GRUNT | F84: 28/36
D85: DIG HOUSE
C88: =IMAGE("https://i.ibb.co/VxD4KtV/Camper.png",4,150,150) | D88: CAMPER JEFF | F88: 28/36
D89: ROUTE 6
C92: =IMAGE("https://i.ibb.co/sKw2Sqx/Ann-Gentleman.png",4,150,150) | D92: ANN & BROOKS | F92: 28/36
D93: S.S. ANNE
C96: =IMAGE("https://i.ibb.co/4dkFCJ5/Sailors.png",4,150,150) | D96: EDMOND & TREVOR | F96: 28/36
D97: S.S. ANNE
C100: =IMAGE("https://i.ibb.co/10ZXyNx/Brendan.png",4,150,150) | D100: BRENDAN | F100: 28/36
D101: S.S. ANNE
C104: (OPTIONAL)
C105: =IMAGE("https://i.ibb.co/JtgmCkX/Whitney.png",4,150,150) | D105: WHITNEY | F105: 28+
D106: ROUTE 11
C109: =IMAGE("https://i.ibb.co/HxxTWRJ/Gentleman.png",4,150,150) | D109: GENTLEMAN TUCKER | F109: 36
D110: VERMILLION CITY GYM
C113: =IMAGE("https://i.ibb.co/w6kjj5K/Surge.png",4,150,150) | D113: LT. SURGE | F113: 36
D114: VERMILLION CITY
C117: =IMAGE("https://i.ibb.co/YhmcnsP/Picnicker.png",4,150,150) | D117: PICNICKER ALICIA | F117: 36/44
D118: ROUTE 9
C121: =IMAGE("https://i.ibb.co/YhmcnsP/Picnicker.png",4,150,150) | D121: PICNICKER CAITLIN | F121: 36/44
D122: ROUTE 9
C125: =IMAGE("https://i.ibb.co/YhmcnsP/Picnicker.png",4,150,150) | D125: PICNICKER DANA | F125: 36/44
D126: ROCK TUNNEL
C129: =IMAGE("https://i.ibb.co/tw6cc4F/Maniac.png",4,150,150) | D129: MANIAC HERMAN | F129: 36/44
D130: ROUTE 10
C133: (OPTIONAL)
C134: =IMAGE("https://i.ibb.co/h9K4sWf/Morty.png",4,150,150) | D134: MORTY | F134: 36+
D135: LAVENDER TOWN
C138: =IMAGE("https://i.ibb.co/zFMzgnB/Super-Nerd.png",4,150,150) | D138: SUPER NERD AIDAN | F138: 36/44
D139: ROUTE 8
C142: =IMAGE("https://i.ibb.co/26kF6WW/Ace-Trainer-F.png",4,150,150) | D142: ACE MARY | F142: 36/44
D143: CELADON CITY GYM
C146: =IMAGE("https://i.ibb.co/MPXzmB0/Erika.png",4,150,150) | D146: ERIKA | F146: 44
D147: CELADON CITY
C150: =IMAGE("https://i.ibb.co/FzKmMqb/Grunt.png",4,150,150) | D150: GUARD | F150: 47
D151: GAME CORNER
C154: =IMAGE("https://i.ibb.co/FzKmMqb/Grunt.png",4,150,150) | D154: LEFT GUARD | F154: 47
D155: ROCKET HIDEOUT
C158: =IMAGE("https://i.ibb.co/FzKmMqb/Grunt.png",4,150,150) | D158: RIGHT GUARD | F158: 47
D159: ROCKET HIDEOUT
C162: =IMAGE("https://i.ibb.co/WfLWZS3/Giovanni.png",4,150,150) | D162: GIOVANNI | F162: 47
D163: ROCKET HIDEOUT
C166: =IMAGE("https://i.ibb.co/G3XXq1Q/Channeler.png",4,150,150) | D166: CHANNELER RUTH | F166: 36+
D167: POKEMON TOWER
C170: =IMAGE("https://i.ibb.co/JdWvt93/Ghost.png",4,150,150) | D170: GHOST | F170: 56
D171: POKEMON TOWER
C174: =IMAGE("https://i.ibb.co/FzKmMqb/Grunt.png",4,150,150) | D174: GRUNT 1 | F174: 56
D175: POKEMON TOWER
C178: =IMAGE("https://i.ibb.co/FzKmMqb/Grunt.png",4,150,150) | D178: GRUNT 2 | F178: 56
D179: POKEMON TOWER
C182: =IMAGE("https://i.ibb.co/FzKmMqb/Grunt.png",4,150,150) | D182: GRUNT 3 | F182: 56
D183: POKEMON TOWER
C186: =IMAGE("https://i.ibb.co/fXwks6z/Rival.png",4,150,150) | D186: RIVAL | F186: 56
D187: SILPH CO.
C190: =IMAGE("https://i.ibb.co/4M2rgHN/Archer-Ariana.png",4,150,150) | D190: ARIANA & ARCHER | F190: 56
D191: SILPH CO.
C194: =IMAGE("https://i.ibb.co/WfLWZS3/Giovanni.png",4,150,150) | D194: GIOVANNI | F194: 57
D195: SILPH CO.
...

Sheet Kanto Leaders
E3: BATTLE EFFECT: PERMANENT SANDSTORM
C4: =IMAGE("https://i.ibb.co/v10Rh61/Brock.png") | E4: {=IFERROR(VLOOKUP(E5,Dex!$B$3:$G200,3,FALSE),"")} | J4: {=IFERROR(VLOOKUP(J5,Dex!$B$3:$G200,3,FALSE),"")} | O4: {=IFERROR(VLOOKUP(O5,Dex!$B$3:$G200,3,FALSE),"")} | T4: {=IFERROR(VLOOKUP(T5,Dex!$B$3:$G200,3,FALSE),"")} | Y4: {=IFERROR(VLOOKUP(Y5,Dex!$B$3:$G200,3,FALSE),"")} | AD4: {=IFERROR(VLOOKUP(AD5,Dex!$B$3:$G200,3,FALSE),"")}
C5: GYM LEADER BROCK | E5: Hippopotas | J5: Cacnea | O5: Lunatone | T5: Lileep | Y5: Archen | AD5: Varoom
E6: 13 | J6: 15 | O6: 14 | T6: 16 | Y6: 14 | AD6: 15
F7: {=IFERROR(VLOOKUP(E5,Dex!$B$3:$H200,5,FALSE),"")} | K7: {=IFERROR(VLOOKUP(J5,Dex!$B$3:$H200,5,FALSE),"")} | P7: {=IFERROR(VLOOKUP(O5,Dex!$B$3:$H200,5,FALSE),"")} | Q7: {=IFERROR(VLOOKUP(O5,Dex!$B$3:$H200,7,FALSE),"")} | U7: {=IFERROR(VLOOKUP(T5,Dex!$B$3:$H200,5,FALSE),"")} | V7: {=IFERROR(VLOOKUP(T5,Dex!$B$3:$H200,7,FALSE),"")} | Z7: {=IFERROR(VLOOKUP(Y5,Dex!$B$3:$H200,5,FALSE),"")} | AA7: {=IFERROR(VLOOKUP(Y5,Dex!$B$3:$H200,7,FALSE),"")} | AE7: {=IFERROR(VLOOKUP(AD5,Dex!$B$3:$H200,5,FALSE),"")} | AF7: {=IFERROR(VLOOKUP(AD5,Dex!$B$3:$H200,7,FALSE),"")}
E9: Careful | J9: Bashful | O9: Bashful | T9: Bold | Y9: Bashful | AD9: Careful
E10: Sand Stream | J10: Sand Rush | O10: Levitate | T10: Storm Drain | Y10: Defeatist | AD10: Filter
E11: Berry Juice | H11: =IMAGE("https://raw.githubusercontent.com/msikma/pokesprite/master/items/medicine/berry-juice.png",3) | J11: Eviolite | M11: =IMAGE("https://raw.githubusercontent.com/msikma/pokesprite/master/items/hold-item/eviolite.png",3) | O11: Lum Berry | R11: =IMAGE("https://raw.githubusercontent.com/msikma/pokesprite/master/items/berry/lum.png",3) | T11: Oran Berry | W11: =IMAGE("https://raw.githubusercontent.com/msikma/pokesprite/master/items/berry/oran.png",4,28,28) | Y11: Iapapa Berry | AB11: =IMAGE("https://raw.githubusercontent.com/msikma/pokesprite/master/items/berry/iapapa.png",3) | AD11: Air Balloon | AG11: =IMAGE("https://raw.githubusercontent.com/msikma/pokesprite/master/items/hold-item/air-balloon.png",3)
E12: Bulldoze | H12: =IMAGE("https://raw.githubusercontent.com/msikma/pokesprite/master/misc/types/gen8/ground.png",4,20,20) | J12: Pow-Up Punch | M12: =IMAGE("https://raw.githubusercontent.com/msikma/pokesprite/master/misc/types/gen8/fighting.png",4,20,20) | O12: Ancient Power | R12: =IMAGE("https://raw.githubusercontent.com/msikma/pokesprite/master/misc/types/gen8/rock.png",4,20,20) | T12: Stockpile | W12: =IMAGE("https://raw.githubusercontent.com/msikma/pokesprite/master/misc/types/gen8/normal.png",4,20,20) | Y12: Wing Attack | AB12: =IMAGE("https://raw.githubusercontent.com/msikma/pokesprite/master/misc/types/gen8/flying.png",4,20,20) | AD12: Bulldoze | AG12: =IMAGE("https://raw.githubusercontent.com/msikma/pokesprite/master/misc/types/gen8/ground.png",4,20,20)
E13: Rock Tomb | H13: =IMAGE("https://raw.githubusercontent.com/msikma/pokesprite/master/misc/types/gen8/rock.png",4,20,20) | J13: Bullet Seed | M13: =IMAGE("https://raw.githubusercontent.com/msikma/pokesprite/master/misc/types/gen8/grass.png",4,20,20) | O13: Psybeam | R13: =IMAGE("https://raw.githubusercontent.com/msikma/pokesprite/master/misc/types/gen8/psychic.png",4,20,20) | T13: Recover | W13: =IMAGE("https://raw.githubusercontent.com/msikma/pokesprite/master/misc/types/gen8/normal.png",4,20,20) | Y13: Rock Tomb | AB13: =IMAGE("https://raw.githubusercontent.com/msikma/pokesprite/master/misc/types/gen8/rock.png",4,20,20) | AD13: Gyro Ball | AG13: =IMAGE("https://raw.githubusercontent.com/msikma/pokesprite/master/misc/types/gen8/steel.png",4,20,20)
E14: Toxic | H14: =IMAGE("https://raw.githubusercontent.com/msikma/pokesprite/master/misc/types/gen8/poison.png",4,20,20) | J14: Thunder Punch | M14: =IMAGE("https://raw.githubusercontent.com/msikma/pokesprite/master/misc/types/gen8/electric.png",4,20,20) | O14: HP Ground | R14: =IMAGE("https://raw.githubusercontent.com/msikma/pokesprite/master/misc/types/gen8/ground.png",4,20,20) | T14: HP Rock | W14: =IMAGE("https://raw.githubusercontent.com/msikma/pokesprite/master/misc/types/gen8/rock.png",4,20,20) | Y14: Bulldoze | AB14: =IMAGE("https://raw.githubusercontent.com/msikma/pokesprite/master/misc/types/gen8/ground.png",4,20,20) | AD14: Toxic | AG14: =IMAGE("https://raw.githubusercontent.com/msikma/pokesprite/master/misc/types/gen8/poison.png",4,20,20)
E15: Slack Off | H15: =IMAGE("https://raw.githubusercontent.com/msikma/pokesprite/master/misc/types/gen8/normal.png",4,20,20) | J15: Pin Missile | M15: =IMAGE("https://raw.githubusercontent.com/msikma/pokesprite/master/misc/types/gen8/bug.png",4,20,20) | O15: Icy Wind | R15: =IMAGE("https://raw.githubusercontent.com/msikma/pokesprite/master/misc/types/gen8/ice.png",4,20,20) | T15: Mega Drain | W15: =IMAGE("https://raw.githubusercontent.com/msikma/pokesprite/master/misc/types/gen8/grass.png",4,20,20) | Y15: Facade | AB15: =IMAGE("https://raw.githubusercontent.com/msikma/pokesprite/master/misc/types/gen8/normal.png",4,20,20) | AD15: Protect | AG15: =IMAGE("https://raw.githubusercontent.com/msikma/pokesprite/master/misc/types/gen8/normal.png",4,20,20)
E17: BASE STATS | J17: BASE STATS | O17: BASE STATS | T17: BASE STATS | Y17: BASE STATS | AD17: BASE STATS
E18: HP | F18: {=IFERROR(VLOOKUP(E5,Dex!$B$3:$N200,8,FALSE),"")} -> 68 | G18: {=IFERROR(VLOOKUP(F18,Dex!$P$22:$Q$276,2,FALSE),"")} | J18: HP | K18: {=IFERROR(VLOOKUP(J5,Dex!$B$3:$N200,8,FALSE),"")} -> 50 | L18: {=IFERROR(VLOOKUP(K18,Dex!$P$22:$Q$276,2,FALSE),"")} | O18: HP | P18: {=IFERROR(VLOOKUP(O5,Dex!$B$3:$N200,8,FALSE),"")} -> 90 | Q18: {=IFERROR(VLOOKUP(P18,Dex!$P$22:$Q$276,2,FALSE),"")} | T18: HP | U18: {=IFERROR(VLOOKUP(T5,Dex!$B$3:$N200,8,FALSE),"")} -> 66 | V18: {=IFERROR(VLOOKUP(U18,Dex!$P$22:$Q$276,2,FALSE),"")} | Y18: HP | Z18: {=IFERROR(VLOOKUP(Y5,Dex!$B$3:$N200,8,FALSE),"")} -> 55 | AA18: {=IFERROR(VLOOKUP(Z18,Dex!$P$22:$Q$276,2,FALSE),"")} | AD18: HP | AE18: {=IFERROR(VLOOKUP(AD5,Dex!$B$3:$N200,8,FALSE),"")} -> 45 | AF18: {=IFERROR(VLOOKUP(AE18,Dex!$P$22:$Q$276,2,FALSE),"")}
E19: ATK | F19: {=IFERROR(VLOOKUP(E5,Dex!$B$3:$N200,9,FALSE),"")} -> 72 | G19: {=IFERROR(VLOOKUP(F19,Dex!$P$22:$Q$276,2,FALSE),"")} | J19: ATK | K19: {=IFERROR(VLOOKUP(J5,Dex!$B$3:$N200,9,FALSE),"")} -> 85 | L19: {=IFERROR(VLOOKUP(K19,Dex!$P$22:$Q$276,2,FALSE),"")} | O19: ATK | P19: {=IFERROR(VLOOKUP(O5,Dex!$B$3:$N200,9,FALSE),"")} -> 55 | Q19: {=IFERROR(VLOOKUP(P19,Dex!$P$22:$Q$276,2,FALSE),"")} | T19: ATK | U19: {=IFERROR(VLOOKUP(T5,Dex!$B$3:$N200,9,FALSE),"")} -> 41 | V19: {=IFERROR(VLOOKUP(U19,Dex!$P$22:$Q$276,2,FALSE),"")} | Y19: ATK | Z19: {=IFERROR(VLOOKUP(Y5,Dex!$B$3:$N200,9,FALSE),"")} -> 112 | AA19: {=IFERROR(VLOOKUP(Z19,Dex!$P$22:$Q$276,2,FALSE),"")} | AD19: ATK | AE19: {=IFERROR(VLOOKUP(AD5,Dex!$B$3:$N200,9,FALSE),"")} -> 70 | AF19: {=IFERROR(VLOOKUP(AE19,Dex!$P$22:$Q$276,2,FALSE),"")}
E20: DEF | F20: {=IFERROR(VLOOKUP(E5,Dex!$B$3:$N200,10,FALSE),"")} -> 78 | G20: {=IFERROR(VLOOKUP(F20,Dex!$P$22:$Q$276,2,FALSE),"")} | J20: DEF | K20: {=IFERROR(VLOOKUP(J5,Dex!$B$3:$N200,10,FALSE),"")} -> 40 | L20: {=IFERROR(VLOOKUP(K20,Dex!$P$22:$Q$276,2,FALSE),"")} | O20: DEF | P20: {=IFERROR(VLOOKUP(O5,Dex!$B$3:$N200,10,FALSE),"")} -> 65 | Q20: {=IFERROR(VLOOKUP(P20,Dex!$P$22:$Q$276,2,FALSE),"")} | T20: DEF | U20: {=IFERROR(VLOOKUP(T5,Dex!$B$3:$N200,10,FALSE),"")} -> 77 | V20: {=IFERROR(VLOOKUP(U20,Dex!$P$22:$Q$276,2,FALSE),"")} | Y20: DEF | Z20: {=IFERROR(VLOOKUP(Y5,Dex!$B$3:$N200,10,FALSE),"")} -> 45 | AA20: {=IFERROR(VLOOKUP(Z20,Dex!$P$22:$Q$276,2,FALSE),"")} | AD20: DEF | AE20: {=IFERROR(VLOOKUP(AD5,Dex!$B$3:$N200,10,FALSE),"")} -> 63 | AF20: {=IFERROR(VLOOKUP(AE20,Dex!$P$22:$Q$276,2,FALSE),"")}
E21: SPA | F21: {=IFERROR(VLOOKUP(E5,Dex!$B$3:$N200,11,FALSE),"")} -> 38 | G21: {=IFERROR(VLOOKUP(F21,Dex!$P$22:$Q$276,2,FALSE),"")} | J21: SPA | K21: {=IFERROR(VLOOKUP(J5,Dex!$B$3:$N200,11,FALSE),"")} -> 85 | L21: {=IFERROR(VLOOKUP(K21,Dex!$P$22:$Q$276,2,FALSE),"")} | O21: SPA | P21: {=IFERROR(VLOOKUP(O5,Dex!$B$3:$N200,11,FALSE),"")} -> 105 | Q21: {=IFERROR(VLOOKUP(P21,Dex!$P$22:$Q$276,2,FALSE),"")} | T21: SPA | U21: {=IFERROR(VLOOKUP(T5,Dex!$B$3:$N200,11,FALSE),"")} -> 61 | V21: {=IFERROR(VLOOKUP(U21,Dex!$P$22:$Q$276,2,FALSE),"")} | Y21: SPA | Z21: {=IFERROR(VLOOKUP(Y5,Dex!$B$3:$N200,11,FALSE),"")} -> 74 | AA21: {=IFERROR(VLOOKUP(Z21,Dex!$P$22:$Q$276,2,FALSE),"")} | AD21: SPA | AE21: {=IFERROR(VLOOKUP(AD5,Dex!$B$3:$N200,11,FALSE),"")} -> 30 | AF21: {=IFERROR(VLOOKUP(AE21,Dex!$P$22:$Q$276,2,FALSE),"")}
E22: SPD | F22: {=IFERROR(VLOOKUP(E5,Dex!$B$3:$N200,12,FALSE),"")} -> 42 | G22: {=IFERROR(VLOOKUP(F22,Dex!$P$22:$Q$276,2,FALSE),"")} | J22: SPD | K22: {=IFERROR(VLOOKUP(J5,Dex!$B$3:$N200,12,FALSE),"")} -> 40 | L22: {=IFERROR(VLOOKUP(K22,Dex!$P$22:$Q$276,2,FALSE),"")} | O22: SPD | P22: {=IFERROR(VLOOKUP(O5,Dex!$B$3:$N200,12,FALSE),"")} -> 85 | Q22: {=IFERROR(VLOOKUP(P22,Dex!$P$22:$Q$276,2,FALSE),"")} | T22: SPD | U22: {=IFERROR(VLOOKUP(T5,Dex!$B$3:$N200,12,FALSE),"")} -> 87 | V22: {=IFERROR(VLOOKUP(U22,Dex!$P$22:$Q$276,2,FALSE),"")} | Y22: SPD | Z22: {=IFERROR(VLOOKUP(Y5,Dex!$B$3:$N200,12,FALSE),"")} -> 45 | AA22: {=IFERROR(VLOOKUP(Z22,Dex!$P$22:$Q$276,2,FALSE),"")} | AD22: SPD | AE22: {=IFERROR(VLOOKUP(AD5,Dex!$B$3:$N200,12,FALSE),"")} -> 45 | AF22: {=IFERROR(VLOOKUP(AE22,Dex!$P$22:$Q$276,2,FALSE),"")}
E23: SPE | F23: {=IFERROR(VLOOKUP(E5,Dex!$B$3:$N200,13,FALSE),"")} -> 32 | G23: {=IFERROR(VLOOKUP(F23,Dex!$P$22:$Q$276,2,FALSE),"")} | J23: SPE | K23: {=IFERROR(VLOOKUP(J5,Dex!$B$3:$N200,13,FALSE),"")} -> 35 | L23: {=IFERROR(VLOOKUP(K23,Dex!$P$22:$Q$276,2,FALSE),"")} | O23: SPE | P23: {=IFERROR(VLOOKUP(O5,Dex!$B$3:$N200,13,FALSE),"")} -> 90 | Q23: {=IFERROR(VLOOKUP(P23,Dex!$P$22:$Q$276,2,FALSE),"")} | T23: SPE | U23: {=IFERROR(VLOOKUP(T5,Dex!$B$3:$N200,13,FALSE),"")} -> 23 | V23: {=IFERROR(VLOOKUP(U23,Dex!$P$22:$Q$276,2,FALSE),"")} | Y23: SPE | Z23: {=IFERROR(VLOOKUP(Y5,Dex!$B$3:$N200,13,FALSE),"")} -> 70 | AA23: {=IFERROR(VLOOKUP(Z23,Dex!$P$22:$Q$276,2,FALSE),"")} | AD23: SPE | AE23: {=IFERROR(VLOOKUP(AD5,Dex!$B$3:$N200,13,FALSE),"")} -> 47 | AF23: {=IFERROR(VLOOKUP(AE23,Dex!$P$22:$Q$276,2,FALSE),"")}
E24: SPEED STAT: | H24: =ROUNDDOWN((ROUNDDOWN(((((2*F23+31)*E6)/100+5)),0))*1,0) -> 17 | J24: SPEED STAT: | M24: =ROUNDDOWN((ROUNDDOWN(((((2*K23+31)*J6)/100+5)),0))*1,0) -> 20 | O24: SPEED STAT: | R24: =ROUNDDOWN((ROUNDDOWN(((((2*P23+31)*O6)/100+5)),0))*1,0) -> 34 | T24: SPEED STAT: | W24: =ROUNDDOWN((ROUNDDOWN(((((2*U23+31)*T6)/100+5)),0))*1,0) -> 17 | Y24: SPEED STAT: | AB24: =ROUNDDOWN((ROUNDDOWN(((((2*Z23+31)*Y6)/100+5)),0))*1,0) -> 28 | AD24: SPEED STAT: | AG24: =ROUNDDOWN((ROUNDDOWN(((((2*AE23+0)*AD6)/100+5)),0))*1,0) -> 19
J25: SAND RUSH: | M25: =M24*2 -> 40
E28: BATTLE EFFECT: PERMANENT RAIN
C29: =IMAGE("https://i.ibb.co/mh2zYn4/Misty.png") | E29: {=IFERROR(VLOOKUP(E30,Dex!$B$3:$G200,3,FALSE),"")} | J29: {=IFERROR(VLOOKUP(J30,Dex!$B$3:$G200,3,FALSE),"")} | O29: {=IFERROR(VLOOKUP(O30,Dex!$B$3:$G200,3,FALSE),"")} | T29: {=IFERROR(VLOOKUP(T30,Dex!$B$3:$G200,3,FALSE),"")} | Y29: {=IFERROR(VLOOKUP(Y30,Dex!$B$3:$G200,3,FALSE),"")} | AD29: {=IFERROR(VLOOKUP(AD30,Dex!$B$3:$G200,3,FALSE),"")}
C30: GYM LEADER MISTY | E30: Politoed | J30: Ludicolo | O30: Mantine | T30: Clodsire | Y30: Starmie | AD30: Toxicroak
E31: 27 | J31: 28 | O31: 27 | T31: 28 | Y31: 28 | AD31: 27
F32: {=IFERROR(VLOOKUP(E30,Dex!$B$3:$H200,5,FALSE),"")} | K32: {=IFERROR(VLOOKUP(J30,Dex!$B$3:$H200,5,FALSE),"")} | L32: {=IFERROR(VLOOKUP(J30,Dex!$B$3:$H200,7,FALSE),"")} | P32: {=IFERROR(VLOOKUP(O30,Dex!$B$3:$H200,5,FALSE),"")} | Q32: {=IFERROR(VLOOKUP(O30,Dex!$B$3:$H200,7,FALSE),"")} | U32: {=IFERROR(VLOOKUP(T30,Dex!$B$3:$H200,5,FALSE),"")} | V32: {=IFERROR(VLOOKUP(T30,Dex!$B$3:$H200,7,FALSE),"")} | Z32: {=IFERROR(VLOOKUP(Y30,Dex!$B$3:$H200,5,FALSE),"")} | AA32: {=IFERROR(VLOOKUP(Y30,Dex!$B$3:$H200,7,FALSE),"")} | AE32: {=IFERROR(VLOOKUP(AD30,Dex!$B$3:$H200,5,FALSE),"")} | AF32: {=IFERROR(VLOOKUP(AD30,Dex!$B$3:$H200,7,FALSE),"")}
E34: Sassy | J34: Mild | O34: Modest | T34: Careful | Y34: Modest | AD34: Jolly
E35: Drizzle | J35: Swift Swim | O35: Swift Swim | T35: Water Absorb | Y35: Analytic | AD35: Dry Skin
E36: Iapapa Berry | H36: =IMAGE("https://raw.githubusercontent.com/msikma/pokesprite/master/items/berry/iapapa.png",3) | J36: Sitrus Berry | M36: =IMAGE("https://raw.githubusercontent.com/msikma/pokesprite/master/items/berry/sitrus.png",3) | O36: Wacan Berry | R36: =IMAGE("https://raw.githubusercontent.com/msikma/pokesprite/master/items/berry/wacan.png",3) | T36: Black Sludge | W36: =IMAGE("https://raw.githubusercontent.com/msikma/pokesprite/master/items/hold-item/black-sludge.png",3) | Y36: Mystic Water | AB36: =IMAGE("https://raw.githubusercontent.com/msikma/pokesprite/master/items/hold-item/mystic-water.png",3) | AD36: Life Orb | AG36: =IMAGE("https://raw.githubusercontent.com/msikma/pokesprite/master/items/hold-item/life-orb.png",3)
E37: Flip Turn | H37: =IMAGE("https://raw.githubusercontent.com/msikma/pokesprite/master/misc/types/gen8/water.png",4,20,20) | J37: Giga Drain | M37: =IMAGE("https://raw.githubusercontent.com/msikma/pokesprite/master/misc/types/gen8/grass.png",4,20,20) | O37: Scald | R37: =IMAGE("https://raw.githubusercontent.com/msikma/pokesprite/master/misc/types/gen8/water.png",4,20,20) | T37: Poison Jab | W37: =IMAGE("https://raw.githubusercontent.com/msikma/pokesprite/master/misc/types/gen8/poison.png",4,20,20) | Y37: Scald | AB37: =IMAGE("https://raw.githubusercontent.com/msikma/pokesprite/master/misc/types/gen8/water.png",4,20,20) | AD37: Swords Dance | AG37: =IMAGE("https://raw.githubusercontent.com/msikma/pokesprite/master/misc/types/gen8/normal.png",4,20,20)
E38: Scald | H38: =IMAGE("https://raw.githubusercontent.com/msikma/pokesprite/master/misc/types/gen8/water.png",4,20,20) | J38: Scald | M38: =IMAGE("https://raw.githubusercontent.com/msikma/pokesprite/master/misc/types/gen8/water.png",4,20,20) | O38: Hurricane | R38: =IMAGE("https://raw.githubusercontent.com/msikma/pokesprite/master/misc/types/gen8/flying.png",4,20,20) | T38: Bulldoze | W38: =IMAGE("https://raw.githubusercontent.com/msikma/pokesprite/master/misc/types/gen8/ground.png",4,20,20) | Y38: Thunderbolt | AB38: =IMAGE("https://raw.githubusercontent.com/msikma/pokesprite/master/misc/types/gen8/electric.png",4,20,20) | AD38: Drain Punch | AG38: =IMAGE("https://raw.githubusercontent.com/msikma/pokesprite/master/misc/types/gen8/fighting.png",4,20,20)
E39: Earthquake | H39: =IMAGE("https://raw.githubusercontent.com/msikma/pokesprite/master/misc/types/gen8/ground.png",4,20,20) | J39: Aurora Beam | M39: =IMAGE("https://raw.githubusercontent.com/msikma/pokesprite/master/misc/types/gen8/ice.png",4,20,20) | O39: Roost | R39: =IMAGE("https://raw.githubusercontent.com/msikma/pokesprite/master/misc/types/gen8/flying.png",4,20,20) | T39: Recover | W39: =IMAGE("https://raw.githubusercontent.com/msikma/pokesprite/master/misc/types/gen8/normal.png",4,20,20) | Y39: Psyshock | AB39: =IMAGE("https://raw.githubusercontent.com/msikma/pokesprite/master/misc/types/gen8/psychic.png",4,20,20) | AD39: Poison Jab | AG39: =IMAGE("https://raw.githubusercontent.com/msikma/pokesprite/master/misc/types/gen8/poison.png",4,20,20)
E40: Toxic | H40: =IMAGE("https://raw.githubusercontent.com/msikma/pokesprite/master/misc/types/gen8/poison.png",4,20,20) | J40: Thunder Punch | M40: =IMAGE("https://raw.githubusercontent.com/msikma/pokesprite/master/misc/types/gen8/electric.png",4,20,20) | O40: HP Grass | R40: =IMAGE("https://raw.githubusercontent.com/msikma/pokesprite/master/misc/types/gen8/grass.png",4,20,20) | T40: Toxic | W40: =IMAGE("https://raw.githubusercontent.com/msikma/pokesprite/master/misc/types/gen8/poison.png",4,20,20) | Y40: Aurora Beam | AB40: =IMAGE("https://raw.githubusercontent.com/msikma/pokesprite/master/misc/types/gen8/ice.png",4,20,20) | AD40: Sucker Punch | AG40: =IMAGE("https://raw.githubusercontent.com/msikma/pokesprite/master/misc/types/gen8/dark.png",4,20,20)
E42: BASE STATS | J42: BASE STATS | O42: BASE STATS | T42: BASE STATS | Y42: BASE STATS | AD42: BASE STATS
E43: HP | F43: {=IFERROR(VLOOKUP(E30,Dex!$B$3:$N200,8,FALSE),"")} -> 90 | G43: {=IFERROR(VLOOKUP(F43,Dex!$P$22:$Q$276,2,FALSE),"")} | J43: HP | K43: {=IFERROR(VLOOKUP(J30,Dex!$B$3:$N200,8,FALSE),"")} -> 80 | L43: {=IFERROR(VLOOKUP(K43,Dex!$P$22:$Q$276,2,FALSE),"")} | O43: HP | P43: {=IFERROR(VLOOKUP(O30,Dex!$B$3:$N200,8,FALSE),"")} -> 85 | Q43: {=IFERROR(VLOOKUP(P43,Dex!$P$22:$Q$276,2,FALSE),"")} | T43: HP | U43: {=IFERROR(VLOOKUP(T30,Dex!$B$3:$N200,8,FALSE),"")} -> 130 | V43: {=IFERROR(VLOOKUP(U43,Dex!$P$22:$Q$276,2,FALSE),"")} | Y43: HP | Z43: {=IFERROR(VLOOKUP(Y30,Dex!$B$3:$N200,8,FALSE),"")} -> 60 | AA43: {=IFERROR(VLOOKUP(Z43,Dex!$P$22:$Q$276,2,FALSE),"")} | AD43: HP | AE43: {=IFERROR(VLOOKUP(AD30,Dex!$B$3:$N200,8,FALSE),"")} -> 83 | AF43: {=IFERROR(VLOOKUP(AE43,Dex!$P$22:$Q$276,2,FALSE),"")}
E44: ATK | F44: {=IFERROR(VLOOKUP(E30,Dex!$B$3:$N200,9,FALSE),"")} -> 75 | G44: {=IFERROR(VLOOKUP(F44,Dex!$P$22:$Q$276,2,FALSE),"")} | J44: ATK | K44: {=IFERROR(VLOOKUP(J30,Dex!$B$3:$N200,9,FALSE),"")} -> 70 | L44: {=IFERROR(VLOOKUP(K44,Dex!$P$22:$Q$276,2,FALSE),"")} | O44: ATK | P44: {=IFERROR(VLOOKUP(O30,Dex!$B$3:$N200,9,FALSE),"")} -> 40 | Q44: {=IFERROR(VLOOKUP(P44,Dex!$P$22:$Q$276,2,FALSE),"")} | T44: ATK | U44: {=IFERROR(VLOOKUP(T30,Dex!$B$3:$N200,9,FALSE),"")} -> 75 | V44: {=IFERROR(VLOOKUP(U44,Dex!$P$22:$Q$276,2,FALSE),"")} | Y44: ATK | Z44: {=IFERROR(VLOOKUP(Y30,Dex!$B$3:$N200,9,FALSE),"")} -> 75 | AA44: {=IFERROR(VLOOKUP(Z44,Dex!$P$22:$Q$276,2,FALSE),"")} | AD44: ATK | AE44: {=IFERROR(VLOOKUP(AD30,Dex!$B$3:$N200,9,FALSE),"")} -> 106 | AF44: {=IFERROR(VLOOKUP(AE44,Dex!$P$22:$Q$276,2,FALSE),"")}
E45: DEF | F45: {=IFERROR(VLOOKUP(E30,Dex!$B$3:$N200,10,FALSE),"")} -> 75 | G45: {=IFERROR(VLOOKUP(F45,Dex!$P$22:$Q$276,2,FALSE),"")} | J45: DEF | K45: {=IFERROR(VLOOKUP(J30,Dex!$B$3:$N200,10,FALSE),"")} -> 70 | L45: {=IFERROR(VLOOKUP(K45,Dex!$P$22:$Q$276,2,FALSE),"")} | O45: DEF | P45: {=IFERROR(VLOOKUP(O30,Dex!$B$3:$N200,10,FALSE),"")} -> 70 | Q45: {=IFERROR(VLOOKUP(P45,Dex!$P$22:$Q$276,2,FALSE),"")} | T45: DEF | U45: {=IFERROR(VLOOKUP(T30,Dex!$B$3:$N200,10,FALSE),"")} -> 60 | V45: {=IFERROR(VLOOKUP(U45,Dex!$P$22:$Q$276,2,FALSE),"")} | Y45: DEF | Z45: {=IFERROR(VLOOKUP(Y30,Dex!$B$3:$N200,10,FALSE),"")} -> 85 | AA45: {=IFERROR(VLOOKUP(Z45,Dex!$P$22:$Q$276,2,FALSE),"")} | AD45: DEF | AE45: {=IFERROR(VLOOKUP(AD30,Dex!$B$3:$N200,10,FALSE),"")} -> 65 | AF45: {=IFERROR(VLOOKUP(AE45,Dex!$P$22:$Q$276,2,FALSE),"")}
E46: SPA | F46: {=IFERROR(VLOOKUP(E30,Dex!$B$3:$N200,11,FALSE),"")} -> 90 | G46: {=IFERROR(VLOOKUP(F46,Dex!$P$22:$Q$276,2,FALSE),"")} | J46: SPA | K46: {=IFERROR(VLOOKUP(J30,Dex!$B$3:$N200,11,FALSE),"")} -> 100 | L46: {=IFERROR(VLOOKUP(K46,Dex!$P$22:$Q$276,2,FALSE),"")} | O46: SPA | P46: {=IFERROR(VLOOKUP(O30,Dex!$B$3:$N200,11,FALSE),"")} -> 90 | Q46: {=IFERROR(VLOOKUP(P46,Dex!$P$22:$Q$276,2,FALSE),"")} | T46: SPA | U46: {=IFERROR(VLOOKUP(T30,Dex!$B$3:$N200,11,FALSE),"")} -> 45 | V46: {=IFERROR(VLOOKUP(U46,Dex!$P$22:$Q$276,2,FALSE),"")} | Y46: SPA | Z46: {=IFERROR(VLOOKUP(Y30,Dex!$B$3:$N200,11,FALSE),"")} -> 100 | AA46: {=IFERROR(VLOOKUP(Z46,Dex!$P$22:$Q$276,2,FALSE),"")} | AD46: SPA | AE46: {=IFERROR(VLOOKUP(AD30,Dex!$B$3:$N200,11,FALSE),"")} -> 86 | AF46: {=IFERROR(VLOOKUP(AE46,Dex!$P$22:$Q$276,2,FALSE),"")}
E47: SPD | F47: {=IFERROR(VLOOKUP(E30,Dex!$B$3:$N200,12,FALSE),"")} -> 100 | G47: {=IFERROR(VLOOKUP(F47,Dex!$P$22:$Q$276,2,FALSE),"")} | J47: SPD | K47: {=IFERROR(VLOOKUP(J30,Dex!$B$3:$N200,12,FALSE),"")} -> 100 | L47: {=IFERROR(VLOOKUP(K47,Dex!$P$22:$Q$276,2,FALSE),"")} | O47: SPD | P47: {=IFERROR(VLOOKUP(O30,Dex!$B$3:$N200,12,FALSE),"")} -> 140 | Q47: {=IFERROR(VLOOKUP(P47,Dex!$P$22:$Q$276,2,FALSE),"")} | T47: SPD | U47: {=IFERROR(VLOOKUP(T30,Dex!$B$3:$N200,12,FALSE),"")} -> 100 | V47: {=IFERROR(VLOOKUP(U47,Dex!$P$22:$Q$276,2,FALSE),"")} | Y47: SPD | Z47: {=IFERROR(VLOOKUP(Y30,Dex!$B$3:$N200,12,FALSE),"")} -> 85 | AA47: {=IFERROR(VLOOKUP(Z47,Dex!$P$22:$Q$276,2,FALSE),"")} | AD47: SPD | AE47: {=IFERROR(VLOOKUP(AD30,Dex!$B$3:$N200,12,FALSE),"")} -> 65 | AF47: {=IFERROR(VLOOKUP(AE47,Dex!$P$22:$Q$276,2,FALSE),"")}
E48: SPE | F48: {=IFERROR(VLOOKUP(E30,Dex!$B$3:$N200,13,FALSE),"")} -> 70 | G48: {=IFERROR(VLOOKUP(F48,Dex!$P$22:$Q$276,2,FALSE),"")} | J48: SPE | K48: {=IFERROR(VLOOKUP(J30,Dex!$B$3:$N200,13,FALSE),"")} -> 70 | L48: {=IFERROR(VLOOKUP(K48,Dex!$P$22:$Q$276,2,FALSE),"")} | O48: SPE | P48: {=IFERROR(VLOOKUP(O30,Dex!$B$3:$N200,13,FALSE),"")} -> 70 | Q48: {=IFERROR(VLOOKUP(P48,Dex!$P$22:$Q$276,2,FALSE),"")} | T48: SPE | U48: {=IFERROR(VLOOKUP(T30,Dex!$B$3:$N200,13,FALSE),"")} -> 20 | V48: {=IFERROR(VLOOKUP(U48,Dex!$P$22:$Q$276,2,FALSE),"")} | Y48: SPE | Z48: {=IFERROR(VLOOKUP(Y30,Dex!$B$3:$N200,13,FALSE),"")} -> 115 | AA48: {=IFERROR(VLOOKUP(Z48,Dex!$P$22:$Q$276,2,FALSE),"")} | AD48: SPE | AE48: {=IFERROR(VLOOKUP(AD30,Dex!$B$3:$N200,13,FALSE),"")} -> 85 | AF48: {=IFERROR(VLOOKUP(AE48,Dex!$P$22:$Q$276,2,FALSE),"")}
E49: SPEED STAT: | H49: =ROUNDDOWN((ROUNDDOWN(((((2*F48+31)*E31)/100+5)),0))*0.9,0) -> 45 | J49: SPEED STAT: | M49: =ROUNDDOWN((ROUNDDOWN(((((2*K48+31)*J31)/100+5)),0))*1,0) -> 52 | O49: SPEED STAT: | R49: =ROUNDDOWN((ROUNDDOWN(((((2*P48+31)*O31)/100+5)),0))*1,0) -> 51 | T49: SPEED STAT: | W49: =ROUNDDOWN((ROUNDDOWN(((((2*U48+31)*T31)/100+5)),0))*1,0) -> 24 | Y49: SPEED STAT: | AB49: =ROUNDDOWN((ROUNDDOWN(((((2*Z48+31)*Y31)/100+5)),0))*1,0) -> 78 | AD49: SPEED STAT: | AG49: =ROUNDDOWN((ROUNDDOWN(((((2*AE48+31)*AD31)/100+5)),0))*1.1,0) -> 64
J50: SWIFT SWIM: | M50: =M49*2 -> 104 | O50: SWIFT SWIM: | R50: =R49*2 -> 102
E53: BATTLE EFFECT: PERMANENT ELECTRIC TERRAIN
C54: =IMAGE("https://i.ibb.co/w6kjj5K/Surge.png") | E54: {=IFERROR(VLOOKUP(E55,Dex!$B$3:$G200,3,FALSE),"")} | J54: {=IFERROR(VLOOKUP(J55,Dex!$B$3:$G200,3,FALSE),"")} | O54: {=IFERROR(VLOOKUP(O55,Dex!$B$3:$G200,3,FALSE),"")} | T54: {=IFERROR(VLOOKUP(T55,Dex!$B$3:$G200,3,FALSE),"")} | Y54: {=IFERROR(VLOOKUP(Y55,Dex!$B$3:$G200,3,FALSE),"")} | AD54: {=IFERROR(VLOOKUP(AD55,Dex!$B$3:$G200,3,FALSE),"")}
C55: GYM LEADER LT. SURGE | E55: Rotom-F | J55: Electrode-H | O55: Raichu-A | T55: Hitmonlee | Y55: Pawmot | AD55: Ampharos-Mega
E56: 35 | J56: 36 | O56: 36 | T56: 36 | Y56: 36 | AD56: 36
F57: {=IFERROR(VLOOKUP(E55,Dex!$B$3:$H200,5,FALSE),"")} | G57: {=IFERROR(VLOOKUP(E55,Dex!$B$3:$H200,7,FALSE),"")} | K57: {=IFERROR(VLOOKUP(J55,Dex!$B$3:$H200,5,FALSE),"")} | L57: {=IFERROR(VLOOKUP(J55,Dex!$B$3:$H200,7,FALSE),"")} | P57: {=IFERROR(VLOOKUP(O55,Dex!$B$3:$H200,5,FALSE),"")} | Q57: {=IFERROR(VLOOKUP(O55,Dex!$B$3:$H200,7,FALSE),"")} | U57: {=IFERROR(VLOOKUP(T55,Dex!$B$3:$H200,5,FALSE),"")} | Z57: {=IFERROR(VLOOKUP(Y55,Dex!$B$3:$H200,5,FALSE),"")} | AA57: {=IFERROR(VLOOKUP(Y55,Dex!$B$3:$H200,7,FALSE),"")} | AE57: {=IFERROR(VLOOKUP(AD55,Dex!$B$3:$H200,5,FALSE),"")} | AF57: {=IFERROR(VLOOKUP(AD55,Dex!$B$3:$H200,7,FALSE),"")}
E59: Timid | J59: Naive | O59: Modest | T59: Adamant | Y59: Jolly | AD59: Modest
E60: Levitate | J60: Reckless | O60: Surge Surfer | T60: Unburden | Y60: Iron Fist | AD60: Plus Mold Breaker (Mega)
E61: Icium Z | H61: =IMAGE("https://raw.githubusercontent.com/msikma/pokesprite/master/items/z-crystals/icium-z--held.png",3) | J61: Life Orb | M61: =IMAGE("https://raw.githubusercontent.com/msikma/pokesprite/master/items/hold-item/life-orb.png",3) | O61: Focus Sash | R61: =IMAGE("https://raw.githubusercontent.com/msikma/pokesprite/master/items/hold-item/focus-sash.png",3) | T61: Electric Seed | W61: =IMAGE("https://raw.githubusercontent.com/msikma/pokesprite/master/items/hold-item/electric-seed.png",3) | Y61: Punching Glove | AB61: =IMAGE("https://www.serebii.net/itemdex/sprites/punchingglove.png",4,28,28) | AD61: Ampharosite | AG61: =IMAGE("https://raw.githubusercontent.com/msikma/pokesprite/master/items/mega-stone/ampharosite.png",3)
E62: Thunderbolt | H62: =IMAGE("https://raw.githubusercontent.com/msikma/pokesprite/master/misc/types/gen8/electric.png",4,20,20) | J62: Chloroblast | M62: =IMAGE("https://raw.githubusercontent.com/msikma/pokesprite/master/misc/types/gen8/grass.png",4,20,20) | O62: Rising Voltage | R62: =IMAGE("https://raw.githubusercontent.com/msikma/pokesprite/master/misc/types/gen8/electric.png",4,20,20) | T62: Knock Off | W62: =IMAGE("https://raw.githubusercontent.com/msikma/pokesprite/master/misc/types/gen8/dark.png",4,20,20) | Y62: Plasma Fists | AB62: =IMAGE("https://raw.githubusercontent.com/msikma/pokesprite/master/misc/types/gen8/electric.png",4,20,20) | AD62: Volt Switch | AG62: =IMAGE("https://raw.githubusercontent.com/msikma/pokesprite/master/misc/types/gen8/electric.png",4,20,20)
E63: Blizzard | H63: =IMAGE("https://raw.githubusercontent.com/msikma/pokesprite/master/misc/types/gen8/ice.png",4,20,20) | J63: Volt Switch | M63: =IMAGE("https://raw.githubusercontent.com/msikma/pokesprite/master/misc/types/gen8/electric.png",4,20,20) | O63: Psyshock | R63: =IMAGE("https://raw.githubusercontent.com/msikma/pokesprite/master/misc/types/gen8/psychic.png",4,20,20) | T63: Close Combat | W63: =IMAGE("https://raw.githubusercontent.com/msikma/pokesprite/master/misc/types/gen8/fighting.png",4,20,20) | Y63: Mach Punch | AB63: =IMAGE("https://raw.githubusercontent.com/msikma/pokesprite/master/misc/types/gen8/fighting.png",4,20,20) | AD63: Dragon Pulse | AG63: =IMAGE("https://raw.githubusercontent.com/msikma/pokesprite/master/misc/types/gen8/dragon.png",4,20,20)
E64: Freeze-Dry | H64: =IMAGE("https://raw.githubusercontent.com/msikma/pokesprite/master/misc/types/gen8/ice.png",4,20,20) | J64: HP Ice | M64: =IMAGE("https://raw.githubusercontent.com/msikma/pokesprite/master/misc/types/gen8/ice.png",4,20,20) | O64: Nasty Plot | R64: =IMAGE("https://raw.githubusercontent.com/msikma/pokesprite/master/misc/types/gen8/dark.png",4,20,20) | T64: Rock Slide | W64: =IMAGE("https://raw.githubusercontent.com/msikma/pokesprite/master/misc/types/gen8/rock.png",4,20,20) | Y64: Ice Punch | AB64: =IMAGE("https://raw.githubusercontent.com/msikma/pokesprite/master/misc/types/gen8/ice.png",4,20,20) | AD64: Focus Blast | AG64: =IMAGE("https://raw.githubusercontent.com/msikma/pokesprite/master/misc/types/gen8/fighting.png",4,20,20)
E65: Nasty Plot | H65: =IMAGE("https://raw.githubusercontent.com/msikma/pokesprite/master/misc/types/gen8/dark.png",4,20,20) | J65: Explosion | M65: =IMAGE("https://raw.githubusercontent.com/msikma/pokesprite/master/misc/types/gen8/normal.png",4,20,20) | O65: Surf | R65: =IMAGE("https://raw.githubusercontent.com/msikma/pokesprite/master/misc/types/gen8/water.png",4,20,20) | T65: Bulk Up | W65: =IMAGE("https://raw.githubusercontent.com/msikma/pokesprite/master/misc/types/gen8/fighting.png",4,20,20) | Y65: Close Combat | AB65: =IMAGE("https://raw.githubusercontent.com/msikma/pokesprite/master/misc/types/gen8/fighting.png",4,20,20) | AD65: HP Grass | AG65: =IMAGE("https://raw.githubusercontent.com/msikma/pokesprite/master/misc/types/gen8/grass.png",4,20,20)
E67: BASE STATS | J67: BASE STATS | O67: BASE STATS | T67: BASE STATS | Y67: BASE STATS | AD67: BASE STATS
E68: HP | F68: {=IFERROR(VLOOKUP(E55,Dex!$B$3:$N200,8,FALSE),"")} -> 50 | G68: {=IFERROR(VLOOKUP(F68,Dex!$P$22:$Q$276,2,FALSE),"")} | J68: HP | K68: {=IFERROR(VLOOKUP(J55,Dex!$B$3:$N200,8,FALSE),"")} -> 60 | L68: {=IFERROR(VLOOKUP(K68,Dex!$P$22:$Q$276,2,FALSE),"")} | O68: HP | P68: {=IFERROR(VLOOKUP(O55,Dex!$B$3:$N200,8,FALSE),"")} -> 60 | Q68: {=IFERROR(VLOOKUP(P68,Dex!$P$22:$Q$276,2,FALSE),"")} | T68: HP | U68: {=IFERROR(VLOOKUP(T55,Dex!$B$3:$N200,8,FALSE),"")} -> 50 | V68: {=IFERROR(VLOOKUP(U68,Dex!$P$22:$Q$276,2,FALSE),"")} | Y68: HP | Z68: {=IFERROR(VLOOKUP(Y55,Dex!$B$3:$N200,8,FALSE),"")} -> 70 | AA68: {=IFERROR(VLOOKUP(Z68,Dex!$P$22:$Q$276,2,FALSE),"")} | AD68: HP | AE68: {=IFERROR(VLOOKUP(AD55,Dex!$B$3:$N200,8,FALSE),"")} -> 90 | AF68: {=IFERROR(VLOOKUP(AE68,Dex!$P$22:$Q$276,2,FALSE),"")}
E69: ATK | F69: {=IFERROR(VLOOKUP(E55,Dex!$B$3:$N200,9,FALSE),"")} -> 65 | G69: {=IFERROR(VLOOKUP(F69,Dex!$P$22:$Q$276,2,FALSE),"")} | J69: ATK | K69: {=IFERROR(VLOOKUP(J55,Dex!$B$3:$N200,9,FALSE),"")} -> 55 | L69: {=IFERROR(VLOOKUP(K69,Dex!$P$22:$Q$276,2,FALSE),"")} | O69: ATK | P69: {=IFERROR(VLOOKUP(O55,Dex!$B$3:$N200,9,FALSE),"")} -> 85 | Q69: {=IFERROR(VLOOKUP(P69,Dex!$P$22:$Q$276,2,FALSE),"")} | T69: ATK | U69: {=IFERROR(VLOOKUP(T55,Dex!$B$3:$N200,9,FALSE),"")} -> 120 | V69: {=IFERROR(VLOOKUP(U69,Dex!$P$22:$Q$276,2,FALSE),"")} | Y69: ATK | Z69: {=IFERROR(VLOOKUP(Y55,Dex!$B$3:$N200,9,FALSE),"")} -> 115 | AA69: {=IFERROR(VLOOKUP(Z69,Dex!$P$22:$Q$276,2,FALSE),"")} | AD69: ATK | AE69: {=IFERROR(VLOOKUP(AD55,Dex!$B$3:$N200,9,FALSE),"")} -> 95 | AF69: {=IFERROR(VLOOKUP(AE69,Dex!$P$22:$Q$276,2,FALSE),"")}
E70: DEF | F70: {=IFERROR(VLOOKUP(E55,Dex!$B$3:$N200,10,FALSE),"")} -> 107 | G70: {=IFERROR(VLOOKUP(F70,Dex!$P$22:$Q$276,2,FALSE),"")} | J70: DEF | K70: {=IFERROR(VLOOKUP(J55,Dex!$B$3:$N200,10,FALSE),"")} -> 70 | L70: {=IFERROR(VLOOKUP(K70,Dex!$P$22:$Q$276,2,FALSE),"")} | O70: DEF | P70: {=IFERROR(VLOOKUP(O55,Dex!$B$3:$N200,10,FALSE),"")} -> 50 | Q70: {=IFERROR(VLOOKUP(P70,Dex!$P$22:$Q$276,2,FALSE),"")} | T70: DEF | U70: {=IFERROR(VLOOKUP(T55,Dex!$B$3:$N200,10,FALSE),"")} -> 53 | V70: {=IFERROR(VLOOKUP(U70,Dex!$P$22:$Q$276,2,FALSE),"")} | Y70: DEF | Z70: {=IFERROR(VLOOKUP(Y55,Dex!$B$3:$N200,10,FALSE),"")} -> 70 | AA70: {=IFERROR(VLOOKUP(Z70,Dex!$P$22:$Q$276,2,FALSE),"")} | AD70: DEF | AE70: {=IFERROR(VLOOKUP(AD55,Dex!$B$3:$N200,10,FALSE),"")} -> 105 | AF70: {=IFERROR(VLOOKUP(AE70,Dex!$P$22:$Q$276,2,FALSE),"")}
E71: SPA | F71: {=IFERROR(VLOOKUP(E55,Dex!$B$3:$N200,11,FALSE),"")} -> 105 | G71: {=IFERROR(VLOOKUP(F71,Dex!$P$22:$Q$276,2,FALSE),"")} | J71: SPA | K71: {=IFERROR(VLOOKUP(J55,Dex!$B$3:$N200,11,FALSE),"")} -> 95 | L71: {=IFERROR(VLOOKUP(K71,Dex!$P$22:$Q$276,2,FALSE),"")} | O71: SPA | P71: {=IFERROR(VLOOKUP(O55,Dex!$B$3:$N200,11,FALSE),"")} -> 95 | Q71: {=IFERROR(VLOOKUP(P71,Dex!$P$22:$Q$276,2,FALSE),"")} | T71: SPA | U71: {=IFERROR(VLOOKUP(T55,Dex!$B$3:$N200,11,FALSE),"")} -> 35 | V71: {=IFERROR(VLOOKUP(U71,Dex!$P$22:$Q$276,2,FALSE),"")} | Y71: SPA | Z71: {=IFERROR(VLOOKUP(Y55,Dex!$B$3:$N200,11,FALSE),"")} -> 70 | AA71: {=IFERROR(VLOOKUP(Z71,Dex!$P$22:$Q$276,2,FALSE),"")} | AD71: SPA | AE71: {=IFERROR(VLOOKUP(AD55,Dex!$B$3:$N200,11,FALSE),"")} -> 165 | AF71: {=IFERROR(VLOOKUP(AE71,Dex!$P$22:$Q$276,2,FALSE),"")}
E72: SPD | F72: {=IFERROR(VLOOKUP(E55,Dex!$B$3:$N200,12,FALSE),"")} -> 107 | G72: {=IFERROR(VLOOKUP(F72,Dex!$P$22:$Q$276,2,FALSE),"")} | J72: SPD | K72: {=IFERROR(VLOOKUP(J55,Dex!$B$3:$N200,12,FALSE),"")} -> 80 | L72: {=IFERROR(VLOOKUP(K72,Dex!$P$22:$Q$276,2,FALSE),"")} | O72: SPD | P72: {=IFERROR(VLOOKUP(O55,Dex!$B$3:$N200,12,FALSE),"")} -> 85 | Q72: {=IFERROR(VLOOKUP(P72,Dex!$P$22:$Q$276,2,FALSE),"")} | T72: SPD | U72: {=IFERROR(VLOOKUP(T55,Dex!$B$3:$N200,12,FALSE),"")} -> 110 | V72: {=IFERROR(VLOOKUP(U72,Dex!$P$22:$Q$276,2,FALSE),"")} | Y72: SPD | Z72: {=IFERROR(VLOOKUP(Y55,Dex!$B$3:$N200,12,FALSE),"")} -> 60 | AA72: {=IFERROR(VLOOKUP(Z72,Dex!$P$22:$Q$276,2,FALSE),"")} | AD72: SPD | AE72: {=IFERROR(VLOOKUP(AD55,Dex!$B$3:$N200,12,FALSE),"")} -> 110 | AF72: {=IFERROR(VLOOKUP(AE72,Dex!$P$22:$Q$276,2,FALSE),"")}
E73: SPE | F73: {=IFERROR(VLOOKUP(E55,Dex!$B$3:$N200,13,FALSE),"")} -> 86 | G73: {=IFERROR(VLOOKUP(F73,Dex!$P$22:$Q$276,2,FALSE),"")} | J73: SPE | K73: {=IFERROR(VLOOKUP(J55,Dex!$B$3:$N200,13,FALSE),"")} -> 150 | L73: {=IFERROR(VLOOKUP(K73,Dex!$P$22:$Q$276,2,FALSE),"")} | O73: SPE | P73: {=IFERROR(VLOOKUP(O55,Dex!$B$3:$N200,13,FALSE),"")} -> 110 | Q73: {=IFERROR(VLOOKUP(P73,Dex!$P$22:$Q$276,2,FALSE),"")} | T73: SPE | U73: {=IFERROR(VLOOKUP(T55,Dex!$B$3:$N200,13,FALSE),"")} -> 87 | V73: {=IFERROR(VLOOKUP(U73,Dex!$P$22:$Q$276,2,FALSE),"")} | Y73: SPE | Z73: {=IFERROR(VLOOKUP(Y55,Dex!$B$3:$N200,13,FALSE),"")} -> 105 | AA73: {=IFERROR(VLOOKUP(Z73,Dex!$P$22:$Q$276,2,FALSE),"")} | AD73: SPE | AE73: {=IFERROR(VLOOKUP(AD55,Dex!$B$3:$N200,13,FALSE),"")} -> 45 | AF73: {=IFERROR(VLOOKUP(AE73,Dex!$P$22:$Q$276,2,FALSE),"")}
E74: SPEED STAT: | H74: =ROUNDDOWN((ROUNDDOWN(((((2*F73+31)*E56)/100+5)),0))*1.1,0) -> 83 | J74: SPEED STAT: | M74: =ROUNDDOWN((ROUNDDOWN(((((2*K73+31)*J56)/100+5)),0))*1.1,0) -> 136 | O74: SPEED STAT: | R74: =ROUNDDOWN((ROUNDDOWN(((((2*P73+31)*O56)/100+5)),0))*1,0) -> 95 | T74: SPEED STAT: | W74: =ROUNDDOWN((ROUNDDOWN(((((2*U73+31)*T56)/100+5)),0))*1,0) -> 78 | Y74: SPEED STAT: | AB74: =ROUNDDOWN((ROUNDDOWN(((((2*Z73+31)*Y56)/100+5)),0))*1.1,0) -> 100 | AD74: SPEED STAT: | AG74: =ROUNDDOWN((ROUNDDOWN(((((2*AE73+31)*AD56)/100+5)),0))*1,0) -> 48
O75: SURGE SURF: | R75: =R74*2 -> 190 | T75: UNBURDEN: | W75: =W74*2 -> 156
E78: BATTLE EFFECT: PERMANENT GRASSY TERRAIN
C79: =IMAGE("https://i.ibb.co/z204J6T/Erika.png") | E79: {=IFERROR(VLOOKUP(E80,Dex!$B$3:$G200,3,FALSE),"")} | J79: {=IFERROR(VLOOKUP(J80,Dex!$B$3:$G200,3,FALSE),"")} | O79: {=IFERROR(VLOOKUP(O80,Dex!$B$3:$G200,3,FALSE),"")} | T79: {=IFERROR(VLOOKUP(T80,Dex!$B$3:$G200,3,FALSE),"")} | Y79: {=IFERROR(VLOOKUP(Y80,Dex!$B$3:$G200,3,FALSE),"")} | AD79: {=IFERROR(VLOOKUP(AD80,Dex!$B$3:$G200,3,FALSE),"")}
C80: GYM LEADER ERIKA | E80: Ogerpon-C | J80: Hawlucha | O80: Sceptile-Mega | T80: Toxtricity | Y80: Slowbro-G | AD80: Kartana
E81: 44 | J81: 44 | O81: 44 | T81: 44 | Y81: 44 | AD81: 44
F82: {=IFERROR(VLOOKUP(E80,Dex!$B$3:$H200,5,FALSE),"")} | G82: {=IFERROR(VLOOKUP(E80,Dex!$B$3:$H200,7,FALSE),"")} | K82: {=IFERROR(VLOOKUP(J80,Dex!$B$3:$H200,5,FALSE),"")} | L82: {=IFERROR(VLOOKUP(J80,Dex!$B$3:$H200,7,FALSE),"")} | P82: {=IFERROR(VLOOKUP(O80,Dex!$B$3:$H200,5,FALSE),"")} | Q82: {=IFERROR(VLOOKUP(O80,Dex!$B$3:$H200,7,FALSE),"")} | U82: {=IFERROR(VLOOKUP(T80,Dex!$B$3:$H200,5,FALSE),"")} | V82: {=IFERROR(VLOOKUP(T80,Dex!$B$3:$H200,7,FALSE),"")} | Z82: {=IFERROR(VLOOKUP(Y80,Dex!$B$3:$H200,5,FALSE),"")} | AA82: {=IFERROR(VLOOKUP(Y80,Dex!$B$3:$H200,7,FALSE),"")} | AE82: {=IFERROR(VLOOKUP(AD80,Dex!$B$3:$H200,5,FALSE),"")} | AF82: {=IFERROR(VLOOKUP(AD80,Dex!$B$3:$H200,7,FALSE),"")}
E84: Jolly | J84: Adamant | O84: Jolly | T84: Timid | Y84: Bold | AD84: Jolly
E85: Sturdy | J85: Unburden | O85: Overgrow Technician (Mega) | T85: Punk Rock | Y85: Regenerator | AD85: Beast Boost
E86: Corner. Mask | H86: =IMAGE("https://i.ibb.co/6ZBsLZp/corner.png",4,28,28) | J86: Grassy Seed | M86: =IMAGE("https://raw.githubusercontent.com/msikma/pokesprite/master/items/hold-item/grassy-seed.png",3) | O86: Sceptilite | R86: =IMAGE("https://raw.githubusercontent.com/msikma/pokesprite/master/items/mega-stone/sceptilite.png",3) | T86: Life Orb | W86: =IMAGE("https://raw.githubusercontent.com/msikma/pokesprite/master/items/hold-item/life-orb.png",3) | Y86: Black Sludge | AB86: =IMAGE("https://raw.githubusercontent.com/msikma/pokesprite/master/items/hold-item/black-sludge.png",3) | AD86: Life Orb | AG86: =IMAGE("https://raw.githubusercontent.com/msikma/pokesprite/master/items/hold-item/life-orb.png",3)
E87: Ivy Cudgel | H87: =IMAGE("https://raw.githubusercontent.com/msikma/pokesprite/master/misc/types/gen8/rock.png",4,20,20) | J87: Swords Dance | M87: =IMAGE("https://raw.githubusercontent.com/msikma/pokesprite/master/misc/types/gen8/normal.png",4,20,20) | O87: Swords Dance | R87: =IMAGE("https://raw.githubusercontent.com/msikma/pokesprite/master/misc/types/gen8/normal.png",4,20,20) | T87: Boomburst | W87: =IMAGE("https://raw.githubusercontent.com/msikma/pokesprite/master/misc/types/gen8/normal.png",4,20,20) | Y87: Thunder Wave | AB87: =IMAGE("https://raw.githubusercontent.com/msikma/pokesprite/master/misc/types/gen8/electric.png",4,20,20) | AD87: Swords Dance | AG87: =IMAGE("https://raw.githubusercontent.com/msikma/pokesprite/master/misc/types/gen8/normal.png",4,20,20)
E88: U-Turn | H88: =IMAGE("https://raw.githubusercontent.com/msikma/pokesprite/master/misc/types/gen8/bug.png",4,20,20) | J88: Acrobatics | M88: =IMAGE("https://raw.githubusercontent.com/msikma/pokesprite/master/misc/types/gen8/flying.png",4,20,20) | O88: Bullet Seed | R88: =IMAGE("https://raw.githubusercontent.com/msikma/pokesprite/master/misc/types/gen8/grass.png",4,20,20) | T88: Volt Switch | W88: =IMAGE("https://raw.githubusercontent.com/msikma/pokesprite/master/misc/types/gen8/electric.png",4,20,20) | Y88: Sludge Bomb | AB88: =IMAGE("https://raw.githubusercontent.com/msikma/pokesprite/master/misc/types/gen8/poison.png",4,20,20) | AD88: Grassy Glide | AG88: =IMAGE("https://raw.githubusercontent.com/msikma/pokesprite/master/misc/types/gen8/grass.png",4,20,20)
E89: Power Whip | H89: =IMAGE("https://raw.githubusercontent.com/msikma/pokesprite/master/misc/types/gen8/grass.png",4,20,20) | J89: Close Combat | M89: =IMAGE("https://raw.githubusercontent.com/msikma/pokesprite/master/misc/types/gen8/fighting.png",4,20,20) | O89: Draco Barrage | R89: =IMAGE("https://raw.githubusercontent.com/msikma/pokesprite/master/misc/types/gen8/dragon.png",4,20,20) | T89: Overdrive | W89: =IMAGE("https://raw.githubusercontent.com/msikma/pokesprite/master/misc/types/gen8/electric.png",4,20,20) | Y89: Flamethrower | AB89: =IMAGE("https://raw.githubusercontent.com/msikma/pokesprite/master/misc/types/gen8/fire.png",4,20,20) | AD89: Cut | AG89: =IMAGE("https://raw.githubusercontent.com/msikma/pokesprite/master/misc/types/gen8/steel.png",4,20,20)
E90: Knock Off | H90: =IMAGE("https://raw.githubusercontent.com/msikma/pokesprite/master/misc/types/gen8/dark.png",4,20,20) | J90: Stone Edge | M90: =IMAGE("https://raw.githubusercontent.com/msikma/pokesprite/master/misc/types/gen8/rock.png",4,20,20) | O90: High Horsep. | R90: =IMAGE("https://raw.githubusercontent.com/msikma/pokesprite/master/misc/types/gen8/ground.png",4,20,20) | T90: HP Grass | W90: =IMAGE("https://raw.githubusercontent.com/msikma/pokesprite/master/misc/types/gen8/grass.png",4,20,20) | Y90: Teleport | AB90: =IMAGE("https://raw.githubusercontent.com/msikma/pokesprite/master/misc/types/gen8/psychic.png",4,20,20) | AD90: Sacred Sword | AG90: =IMAGE("https://raw.githubusercontent.com/msikma/pokesprite/master/misc/types/gen8/fighting.png",4,20,20)
E92: BASE STATS | J92: BASE STATS | O92: BASE STATS | T92: BASE STATS | Y92: BASE STATS | AD92: BASE STATS
E93: HP | F93: {=IFERROR(VLOOKUP(E80,Dex!$B$3:$N200,8,FALSE),"")} -> 80 | G93: {=IFERROR(VLOOKUP(F93,Dex!$P$22:$Q$276,2,FALSE),"")} | J93: HP | K93: {=IFERROR(VLOOKUP(J80,Dex!$B$3:$N200,8,FALSE),"")} -> 78 | L93: {=IFERROR(VLOOKUP(K93,Dex!$P$22:$Q$276,2,FALSE),"")} | O93: HP | P93: {=IFERROR(VLOOKUP(O80,Dex!$B$3:$N200,8,FALSE),"")} -> 70 | Q93: {=IFERROR(VLOOKUP(P93,Dex!$P$22:$Q$276,2,FALSE),"")} | T93: HP | U93: {=IFERROR(VLOOKUP(T80,Dex!$B$3:$N200,8,FALSE),"")} -> 75 | V93: {=IFERROR(VLOOKUP(U93,Dex!$P$22:$Q$276,2,FALSE),"")} | Y93: HP | Z93: {=IFERROR(VLOOKUP(Y80,Dex!$B$3:$N200,8,FALSE),"")} -> 95 | AA93: {=IFERROR(VLOOKUP(Z93,Dex!$P$22:$Q$276,2,FALSE),"")} | AD93: HP | AE93: {=IFERROR(VLOOKUP(AD80,Dex!$B$3:$N200,8,FALSE),"")} -> 59 | AF93: {=IFERROR(VLOOKUP(AE93,Dex!$P$22:$Q$276,2,FALSE),"")}
E94: ATK | F94: {=IFERROR(VLOOKUP(E80,Dex!$B$3:$N200,9,FALSE),"")} -> 120 | G94: {=IFERROR(VLOOKUP(F94,Dex!$P$22:$Q$276,2,FALSE),"")} | J94: ATK | K94: {=IFERROR(VLOOKUP(J80,Dex!$B$3:$N200,9,FALSE),"")} -> 92 | L94: {=IFERROR(VLOOKUP(K94,Dex!$P$22:$Q$276,2,FALSE),"")} | O94: ATK | P94: {=IFERROR(VLOOKUP(O80,Dex!$B$3:$N200,9,FALSE),"")} -> 135 | Q94: {=IFERROR(VLOOKUP(P94,Dex!$P$22:$Q$276,2,FALSE),"")} | T94: ATK | U94: {=IFERROR(VLOOKUP(T80,Dex!$B$3:$N200,9,FALSE),"")} -> 98 | V94: {=IFERROR(VLOOKUP(U94,Dex!$P$22:$Q$276,2,FALSE),"")} | Y94: ATK | Z94: {=IFERROR(VLOOKUP(Y80,Dex!$B$3:$N200,9,FALSE),"")} -> 75 | AA94: {=IFERROR(VLOOKUP(Z94,Dex!$P$22:$Q$276,2,FALSE),"")} | AD94: ATK | AE94: {=IFERROR(VLOOKUP(AD80,Dex!$B$3:$N200,9,FALSE),"")} -> 181 | AF94: {=IFERROR(VLOOKUP(AE94,Dex!$P$22:$Q$276,2,FALSE),"")}
E95: DEF | F95: {=IFERROR(VLOOKUP(E80,Dex!$B$3:$N200,10,FALSE),"")} -> 84 | G95: {=IFERROR(VLOOKUP(F95,Dex!$P$22:$Q$276,2,FALSE),"")} | J95: DEF | K95: {=IFERROR(VLOOKUP(J80,Dex!$B$3:$N200,10,FALSE),"")} -> 75 | L95: {=IFERROR(VLOOKUP(K95,Dex!$P$22:$Q$276,2,FALSE),"")} | O95: DEF | P95: {=IFERROR(VLOOKUP(O80,Dex!$B$3:$N200,10,FALSE),"")} -> 75 | Q95: {=IFERROR(VLOOKUP(P95,Dex!$P$22:$Q$276,2,FALSE),"")} | T95: DEF | U95: {=IFERROR(VLOOKUP(T80,Dex!$B$3:$N200,10,FALSE),"")} -> 70 | V95: {=IFERROR(VLOOKUP(U95,Dex!$P$22:$Q$276,2,FALSE),"")} | Y95: DEF | Z95: {=IFERROR(VLOOKUP(Y80,Dex!$B$3:$N200,10,FALSE),"")} -> 105 | AA95: {=IFERROR(VLOOKUP(Z95,Dex!$P$22:$Q$276,2,FALSE),"")} | AD95: DEF | AE95: {=IFERROR(VLOOKUP(AD80,Dex!$B$3:$N200,10,FALSE),"")} -> 131 | AF95: {=IFERROR(VLOOKUP(AE95,Dex!$P$22:$Q$276,2,FALSE),"")}
E96: SPA | F96: {=IFERROR(VLOOKUP(E80,Dex!$B$3:$N200,11,FALSE),"")} -> 60 | G96: {=IFERROR(VLOOKUP(F96,Dex!$P$22:$Q$276,2,FALSE),"")} | J96: SPA | K96: {=IFERROR(VLOOKUP(J80,Dex!$B$3:$N200,11,FALSE),"")} -> 74 | L96: {=IFERROR(VLOOKUP(K96,Dex!$P$22:$Q$276,2,FALSE),"")} | O96: SPA | P96: {=IFERROR(VLOOKUP(O80,Dex!$B$3:$N200,11,FALSE),"")} -> 110 | Q96: {=IFERROR(VLOOKUP(P96,Dex!$P$22:$Q$276,2,FALSE),"")} | T96: SPA | U96: {=IFERROR(VLOOKUP(T80,Dex!$B$3:$N200,11,FALSE),"")} -> 114 | V96: {=IFERROR(VLOOKUP(U96,Dex!$P$22:$Q$276,2,FALSE),"")} | Y96: SPA | Z96: {=IFERROR(VLOOKUP(Y80,Dex!$B$3:$N200,11,FALSE),"")} -> 115 | AA96: {=IFERROR(VLOOKUP(Z96,Dex!$P$22:$Q$276,2,FALSE),"")} | AD96: SPA | AE96: {=IFERROR(VLOOKUP(AD80,Dex!$B$3:$N200,11,FALSE),"")} -> 59 | AF96: {=IFERROR(VLOOKUP(AE96,Dex!$P$22:$Q$276,2,FALSE),"")}
E97: SPD | F97: {=IFERROR(VLOOKUP(E80,Dex!$B$3:$N200,12,FALSE),"")} -> 96 | G97: {=IFERROR(VLOOKUP(F97,Dex!$P$22:$Q$276,2,FALSE),"")} | J97: SPD | K97: {=IFERROR(VLOOKUP(J80,Dex!$B$3:$N200,12,FALSE),"")} -> 63 | L97: {=IFERROR(VLOOKUP(K97,Dex!$P$22:$Q$276,2,FALSE),"")} | O97: SPD | P97: {=IFERROR(VLOOKUP(O80,Dex!$B$3:$N200,12,FALSE),"")} -> 85 | Q97: {=IFERROR(VLOOKUP(P97,Dex!$P$22:$Q$276,2,FALSE),"")} | T97: SPD | U97: {=IFERROR(VLOOKUP(T80,Dex!$B$3:$N200,12,FALSE),"")} -> 70 | V97: {=IFERROR(VLOOKUP(U97,Dex!$P$22:$Q$276,2,FALSE),"")} | Y97: SPD | Z97: {=IFERROR(VLOOKUP(Y80,Dex!$B$3:$N200,12,FALSE),"")} -> 70 | AA97: {=IFERROR(VLOOKUP(Z97,Dex!$P$22:$Q$276,2,FALSE),"")} | AD97: SPD | AE97: {=IFERROR(VLOOKUP(AD80,Dex!$B$3:$N200,12,FALSE),"")} -> 31 | AF97: {=IFERROR(VLOOKUP(AE97,Dex!$P$22:$Q$276,2,FALSE),"")}
E98: SPE | F98: {=IFERROR(VLOOKUP(E80,Dex!$B$3:$N200,13,FALSE),"")} -> 110 | G98: {=IFERROR(VLOOKUP(F98,Dex!$P$22:$Q$276,2,FALSE),"")} | J98: SPE | K98: {=IFERROR(VLOOKUP(J80,Dex!$B$3:$N200,13,FALSE),"")} -> 118 | L98: {=IFERROR(VLOOKUP(K98,Dex!$P$22:$Q$276,2,FALSE),"")} | O98: SPE | P98: {=IFERROR(VLOOKUP(O80,Dex!$B$3:$N200,13,FALSE),"")} -> 145 | Q98: {=IFERROR(VLOOKUP(P98,Dex!$P$22:$Q$276,2,FALSE),"")} | T98: SPE | U98: {=IFERROR(VLOOKUP(T80,Dex!$B$3:$N200,13,FALSE),"")} -> 75 | V98: {=IFERROR(VLOOKUP(U98,Dex!$P$22:$Q$276,2,FALSE),"")} | Y98: SPE | Z98: {=IFERROR(VLOOKUP(Y80,Dex!$B$3:$N200,13,FALSE),"")} -> 30 | AA98: {=IFERROR(VLOOKUP(Z98,Dex!$P$22:$Q$276,2,FALSE),"")} | AD98: SPE | AE98: {=IFERROR(VLOOKUP(AD80,Dex!$B$3:$N200,13,FALSE),"")} -> 109 | AF98: {=IFERROR(VLOOKUP(AE98,Dex!$P$22:$Q$276,2,FALSE),"")}
E99: SPEED STAT: | H99: =ROUNDDOWN((ROUNDDOWN(((((2*F98+31)*E81)/100+5)),0))*1.1,0) -> 126 | J99: SPEED STAT: | M99: =ROUNDDOWN((ROUNDDOWN(((((2*K98+31)*J81)/100+5)),0))*1,0) -> 122 | O99: SPEED STAT: | R99: =ROUNDDOWN((ROUNDDOWN(((((2*P98+31)*O81)/100+5)),0))*1.1,0) -> 160 | T99: SPEED STAT: | W99: =ROUNDDOWN((ROUNDDOWN(((((2*U98+31)*T81)/100+5)),0))*1.1,0) -> 92 | Y99: SPEED STAT: | AB99: =ROUNDDOWN((ROUNDDOWN(((((2*Z98+31)*Y81)/100+5)),0))*1,0) -> 45 | AD99: SPEED STAT: | AG99: =ROUNDDOWN((ROUNDDOWN(((((2*AE98+31)*AD81)/100+5)),0))*1.1,0) -> 125
J100: UNBURDEN: | M100: =M99*2 -> 244
E103: BATTLE EFFECT: DOUBLES + PERMANENT TRICK ROOM
C104: =IMAGE("https://i.ibb.co/m8V4wv5/Sabrina.png") | E104: {=IFERROR(VLOOKUP(E105,Dex!$B$3:$G200,3,FALSE),"")} | J104: {=IFERROR(VLOOKUP(J105,Dex!$B$3:$G200,3,FALSE),"")} | O104: {=IFERROR(VLOOKUP(O105,Dex!$B$3:$G200,3,FALSE),"")} | T104: {=IFERROR(VLOOKUP(T105,Dex!$B$3:$G200,3,FALSE),"")} | Y104: {=IFERROR(VLOOKUP(Y105,Dex!$B$3:$G200,3,FALSE),"")} | AD104: {=IFERROR(VLOOKUP(AD105,Dex!$B$3:$G200,3,FALSE),"")}
C105: GYM LEADER SABRINA | E105: Tapu Fini | J105: Camerupt-Mega | O105: Glastrier | T105: Magearna | Y105: Iron Hands | AD105: Jellicent
E106: 59 | J106: 59 | O106: 59 | T106: 59 | Y106: 59 | AD106: 59
F107: {=IFERROR(VLOOKUP(E105,Dex!$B$3:$H200,5,FALSE),"")} | G107: {=IFERROR(VLOOKUP(E105,Dex!$B$3:$H200,7,FALSE),"")} | K107: {=IFERROR(VLOOKUP(J105,Dex!$B$3:$H200,5,FALSE),"")} | L107: {=IFERROR(VLOOKUP(J105,Dex!$B$3:$H200,7,FALSE),"")} | P107: {=IFERROR(VLOOKUP(O105,Dex!$B$3:$H200,5,FALSE),"")} | U107: {=IFERROR(VLOOKUP(T105,Dex!$B$3:$H200,5,FALSE),"")} | V107: {=IFERROR(VLOOKUP(T105,Dex!$B$3:$H200,7,FALSE),"")} | Z107: {=IFERROR(VLOOKUP(Y105,Dex!$B$3:$H200,5,FALSE),"")} | AA107: {=IFERROR(VLOOKUP(Y105,Dex!$B$3:$H200,7,FALSE),"")} | AE107: {=IFERROR(VLOOKUP(AD105,Dex!$B$3:$H200,5,FALSE),"")} | AF107: {=IFERROR(VLOOKUP(AD105,Dex!$B$3:$H200,7,FALSE),"")}
E109: Quiet | J109: Quiet | O109: Brave | T109: Quiet | Y109: Brave | AD109: Quiet
E110: Misty Surge | J110: Solid Rock Sheer Force (Mega) | O110: Chilling Neigh | T110: Soul-Heart | Y110: Quark Drive | AD110: Water Bubble
E111: Focus Sash | H111: =IMAGE("https://raw.githubusercontent.com/msikma/pokesprite/master/items/hold-item/focus-sash.png",3) | J111: Cameruptite | M111: =IMAGE("https://raw.githubusercontent.com/msikma/pokesprite/master/items/mega-stone/cameruptite.png",3) | O111: Iapapa Berry | R111: =IMAGE("https://raw.githubusercontent.com/msikma/pokesprite/master/items/berry/iapapa.png",3) | T111: Fightinium Z | W111: =IMAGE("https://raw.githubusercontent.com/msikma/pokesprite/master/items/z-crystals/fightinium-z--held.png",3) | Y111: Booster Energy | AB111: =IMAGE("https://i.ibb.co/SK50ng3/booster.png",4,22,22) | AD111: Mystic Water | AG111: =IMAGE("https://raw.githubusercontent.com/msikma/pokesprite/master/items/hold-item/mystic-water.png",3)
E112: Misty Explosi. | H112: =IMAGE("https://raw.githubusercontent.com/msikma/pokesprite/master/misc/types/gen8/fairy.png",4,20,20) | J112: Flamethrower | M112: =IMAGE("https://raw.githubusercontent.com/msikma/pokesprite/master/misc/types/gen8/fire.png",4,20,20) | O112: Swords Dance | R112: =IMAGE("https://raw.githubusercontent.com/msikma/pokesprite/master/misc/types/gen8/normal.png",4,20,20) | T112: Moonblast | W112: =IMAGE("https://raw.githubusercontent.com/msikma/pokesprite/master/misc/types/gen8/fairy.png",4,20,20) | Y112: Drain Punch | AB112: =IMAGE("https://raw.githubusercontent.com/msikma/pokesprite/master/misc/types/gen8/fighting.png",4,20,20) | AD112: Water Spout | AG112: =IMAGE("https://raw.githubusercontent.com/msikma/pokesprite/master/misc/types/gen8/water.png",4,20,20)
E113: Muddy Water | H113: =IMAGE("https://raw.githubusercontent.com/msikma/pokesprite/master/misc/types/gen8/water.png",4,20,20) | J113: Earth Power | M113: =IMAGE("https://raw.githubusercontent.com/msikma/pokesprite/master/misc/types/gen8/ground.png",4,20,20) | O113: Ice Hammer | R113: =IMAGE("https://raw.githubusercontent.com/msikma/pokesprite/master/misc/types/gen8/ice.png",4,20,20) | T113: Flash Cannon | W113: =IMAGE("https://raw.githubusercontent.com/msikma/pokesprite/master/misc/types/gen8/steel.png",4,20,20) | Y113: Plasma Fists | AB113: =IMAGE("https://raw.githubusercontent.com/msikma/pokesprite/master/misc/types/gen8/electric.png",4,20,20) | AD113: Shadow Ball | AG113: =IMAGE("https://raw.githubusercontent.com/msikma/pokesprite/master/misc/types/gen8/ghost.png",4,20,20)
E114: Moonblast | H114: =IMAGE("https://raw.githubusercontent.com/msikma/pokesprite/master/misc/types/gen8/fairy.png",4,20,20) | J114: Steam Erupt. | M114: =IMAGE("https://raw.githubusercontent.com/msikma/pokesprite/master/misc/types/gen8/water.png",4,20,20) | O114: Close Combat | R114: =IMAGE("https://raw.githubusercontent.com/msikma/pokesprite/master/misc/types/gen8/fighting.png",4,20,20) | T114: Focus Blast | W114: =IMAGE("https://raw.githubusercontent.com/msikma/pokesprite/master/misc/types/gen8/fighting.png",4,20,20) | Y114: Knock Off | AB114: =IMAGE("https://raw.githubusercontent.com/msikma/pokesprite/master/misc/types/gen8/dark.png",4,20,20) | AD114: Strength Sap | AG114: =IMAGE("https://raw.githubusercontent.com/msikma/pokesprite/master/misc/types/gen8/grass.png",4,20,20)
E115: Flip Turn | H115: =IMAGE("https://raw.githubusercontent.com/msikma/pokesprite/master/misc/types/gen8/water.png",4,20,20) | J115: Slack Off | M115: =IMAGE("https://raw.githubusercontent.com/msikma/pokesprite/master/misc/types/gen8/normal.png",4,20,20) | O115: High Horsep. | R115: =IMAGE("https://raw.githubusercontent.com/msikma/pokesprite/master/misc/types/gen8/ground.png",4,20,20) | T115: Thunderbolt | W115: =IMAGE("https://raw.githubusercontent.com/msikma/pokesprite/master/misc/types/gen8/electric.png",4,20,20) | Y115: Ice Punch | AB115: =IMAGE("https://raw.githubusercontent.com/msikma/pokesprite/master/misc/types/gen8/ice.png",4,20,20) | AD115: Hydro Pump | AG115: =IMAGE("https://raw.githubusercontent.com/msikma/pokesprite/master/misc/types/gen8/water.png",4,20,20)
E117: BASE STATS | J117: BASE STATS | O117: BASE STATS | T117: BASE STATS | Y117: BASE STATS | AD117: BASE STATS
E118: HP | F118: {=IFERROR(VLOOKUP(E105,Dex!$B$3:$N200,8,FALSE),"")} -> 70 | G118: {=IFERROR(VLOOKUP(F118,Dex!$P$22:$Q$276,2,FALSE),"")} | J118: HP | K118: {=IFERROR(VLOOKUP(J105,Dex!$B$3:$N200,8,FALSE),"")} -> 90 | L118: {=IFERROR(VLOOKUP(K118,Dex!$P$22:$Q$276,2,FALSE),"")} | O118: HP | P118: {=IFERROR(VLOOKUP(O105,Dex!$B$3:$N200,8,FALSE),"")} -> 100 | Q118: {=IFERROR(VLOOKUP(P118,Dex!$P$22:$Q$276,2,FALSE),"")} | T118: HP | U118: {=IFERROR(VLOOKUP(T105,Dex!$B$3:$N200,8,FALSE),"")} -> 80 | V118: {=IFERROR(VLOOKUP(U118,Dex!$P$22:$Q$276,2,FALSE),"")} | Y118: HP | Z118: {=IFERROR(VLOOKUP(Y105,Dex!$B$3:$N200,8,FALSE),"")} -> 154 | AA118: {=IFERROR(VLOOKUP(Z118,Dex!$P$22:$Q$276,2,FALSE),"")} | AD118: HP | AE118: {=IFERROR(VLOOKUP(AD105,Dex!$B$3:$N200,8,FALSE),"")} -> 100 | AF118: {=IFERROR(VLOOKUP(AE118,Dex!$P$22:$Q$276,2,FALSE),"")}
E119: ATK | F119: {=IFERROR(VLOOKUP(E105,Dex!$B$3:$N200,9,FALSE),"")} -> 75 | G119: {=IFERROR(VLOOKUP(F119,Dex!$P$22:$Q$276,2,FALSE),"")} | J119: ATK | K119: {=IFERROR(VLOOKUP(J105,Dex!$B$3:$N200,9,FALSE),"")} -> 100 | L119: {=IFERROR(VLOOKUP(K119,Dex!$P$22:$Q$276,2,FALSE),"")} | O119: ATK | P119: {=IFERROR(VLOOKUP(O105,Dex!$B$3:$N200,9,FALSE),"")} -> 145 | Q119: {=IFERROR(VLOOKUP(P119,Dex!$P$22:$Q$276,2,FALSE),"")} | T119: ATK | U119: {=IFERROR(VLOOKUP(T105,Dex!$B$3:$N200,9,FALSE),"")} -> 95 | V119: {=IFERROR(VLOOKUP(U119,Dex!$P$22:$Q$276,2,FALSE),"")} | Y119: ATK | Z119: {=IFERROR(VLOOKUP(Y105,Dex!$B$3:$N200,9,FALSE),"")} -> 140 | AA119: {=IFERROR(VLOOKUP(Z119,Dex!$P$22:$Q$276,2,FALSE),"")} | AD119: ATK | AE119: {=IFERROR(VLOOKUP(AD105,Dex!$B$3:$N200,9,FALSE),"")} -> 60 | AF119: {=IFERROR(VLOOKUP(AE119,Dex!$P$22:$Q$276,2,FALSE),"")}
E120: DEF | F120: {=IFERROR(VLOOKUP(E105,Dex!$B$3:$N200,10,FALSE),"")} -> 115 | G120: {=IFERROR(VLOOKUP(F120,Dex!$P$22:$Q$276,2,FALSE),"")} | J120: DEF | K120: {=IFERROR(VLOOKUP(J105,Dex!$B$3:$N200,10,FALSE),"")} -> 110 | L120: {=IFERROR(VLOOKUP(K120,Dex!$P$22:$Q$276,2,FALSE),"")} | O120: DEF | P120: {=IFERROR(VLOOKUP(O105,Dex!$B$3:$N200,10,FALSE),"")} -> 130 | Q120: {=IFERROR(VLOOKUP(P120,Dex!$P$22:$Q$276,2,FALSE),"")} | T120: DEF | U120: {=IFERROR(VLOOKUP(T105,Dex!$B$3:$N200,10,FALSE),"")} -> 115 | V120: {=IFERROR(VLOOKUP(U120,Dex!$P$22:$Q$276,2,FALSE),"")} | Y120: DEF | Z120: {=IFERROR(VLOOKUP(Y105,Dex!$B$3:$N200,10,FALSE),"")} -> 108 | AA120: {=IFERROR(VLOOKUP(Z120,Dex!$P$22:$Q$276,2,FALSE),"")} | AD120: DEF | AE120: {=IFERROR(VLOOKUP(AD105,Dex!$B$3:$N200,10,FALSE),"")} -> 80 | AF120: {=IFERROR(VLOOKUP(AE120,Dex!$P$22:$Q$276,2,FALSE),"")}
...

Sheet Kanto Rematch
E3: BATTLE EFFECT: PERMANENT SANDSTORM + SUPER EFFECTIVE MOVES DEAL 33% LESS TO BROCK
C4: =IMAGE("https://i.ibb.co/v10Rh61/Brock.png") | E4: {=IFERROR(VLOOKUP(E5,Dex!$B$3:$G101,3,FALSE),"")} | J4: {=IFERROR(VLOOKUP(J5,Dex!$B$3:$G101,3,FALSE),"")} | O4: {=IFERROR(VLOOKUP(O5,Dex!$B$3:$G101,3,FALSE),"")} | T4: {=IFERROR(VLOOKUP(T5,Dex!$B$3:$G101,3,FALSE),"")} | Y4: {=IFERROR(VLOOKUP(Y5,Dex!$B$3:$G101,3,FALSE),"")} | AD4: {=IFERROR(VLOOKUP(AD5,Dex!$B$3:$G101,3,FALSE),"")}
C5: GYM LEADER BROCK | E5: Iron Boulder | J5: Landorus-I | O5: Zygarde-C | T5: Iron Treads | Y5: Ursaluna-BM | AD5: Aerodactyl-Mega
E6: Highest Lv | J6: Highest Lv | O6: Highest Lv | T6: Highest Lv | Y6: Highest Lv | AD6: Highest Lv
F7: {=IFERROR(VLOOKUP(E5,Dex!$B$3:$H101,5,FALSE),"")} | G7: {=IFERROR(VLOOKUP(E5,Dex!$B$3:$H101,7,FALSE),"")} | K7: {=IFERROR(VLOOKUP(J5,Dex!$B$3:$H101,5,FALSE),"")} | L7: {=IFERROR(VLOOKUP(J5,Dex!$B$3:$H101,7,FALSE),"")} | P7: {=IFERROR(VLOOKUP(O5,Dex!$B$3:$H101,5,FALSE),"")} | Q7: {=IFERROR(VLOOKUP(O5,Dex!$B$3:$H101,7,FALSE),"")} | U7: {=IFERROR(VLOOKUP(T5,Dex!$B$3:$H101,5,FALSE),"")} | V7: {=IFERROR(VLOOKUP(T5,Dex!$B$3:$H101,7,FALSE),"")} | Z7: {=IFERROR(VLOOKUP(Y5,Dex!$B$3:$H101,5,FALSE),"")} | AA7: {=IFERROR(VLOOKUP(Y5,Dex!$B$3:$H101,7,FALSE),"")} | AE7: {=IFERROR(VLOOKUP(AD5,Dex!$B$3:$H101,5,FALSE),"")} | AF7: {=IFERROR(VLOOKUP(AD5,Dex!$B$3:$H101,7,FALSE),"")}
E9: Jolly | J9: Naive | O9: Careful | T9: Jolly | Y9: Modest | AD9: Jolly
E10: Quark Drive | J10: Sand Force | O10: Power Construct | T10: Quark Drive | Y10: Scrappy | AD10: Pressure Tough Claws (Mega)
E11: Lum Berry | H11: =IMAGE("https://raw.githubusercontent.com/msikma/pokesprite/master/items/berry/lum.png",3) | J11: Life Orb | M11: =IMAGE("https://raw.githubusercontent.com/msikma/pokesprite/master/items/hold-item/life-orb.png",3) | O11: Leftovers | R11: =IMAGE("https://raw.githubusercontent.com/msikma/pokesprite/master/items/hold-item/leftovers.png",3) | T11: Booster Energy | W11: =IMAGE("https://i.ibb.co/SK50ng3/booster.png",4,22,22) | Y11: Leftovers | AB11: =IMAGE("https://raw.githubusercontent.com/msikma/pokesprite/master/items/hold-item/leftovers.png",3) | AD11: Aerodactylite | AG11: =IMAGE("https://raw.githubusercontent.com/msikma/pokesprite/master/items/mega-stone/aerodactylite.png",3)
E12: Stealth Rock | H12: =IMAGE("https://raw.githubusercontent.com/msikma/pokesprite/master/misc/types/gen8/rock.png",4,20,20) | J12: U-Turn | M12: =IMAGE("https://raw.githubusercontent.com/msikma/pokesprite/master/misc/types/gen8/bug.png",4,20,20) | O12: Coil | R12: =IMAGE("https://raw.githubusercontent.com/msikma/pokesprite/master/misc/types/gen8/poison.png",4,20,20) | T12: Knock Off | W12: =IMAGE("https://raw.githubusercontent.com/msikma/pokesprite/master/misc/types/gen8/dark.png",4,20,20) | Y12: Blood Moon | AB12: =IMAGE("https://raw.githubusercontent.com/msikma/pokesprite/master/misc/types/gen8/normal.png",4,20,20) | AD12: Dragon Dance | AG12: =IMAGE("https://raw.githubusercontent.com/msikma/pokesprite/master/misc/types/gen8/dragon.png",4,20,20)
E13: Close Combat | H13: =IMAGE("https://raw.githubusercontent.com/msikma/pokesprite/master/misc/types/gen8/fighting.png",4,20,20) | J13: Earthquake | M13: =IMAGE("https://raw.githubusercontent.com/msikma/pokesprite/master/misc/types/gen8/ground.png",4,20,20) | O13: Thous. Arrows | R13: =IMAGE("https://raw.githubusercontent.com/msikma/pokesprite/master/misc/types/gen8/ground.png",4,20,20) | T13: Earthquake | W13: =IMAGE("https://raw.githubusercontent.com/msikma/pokesprite/master/misc/types/gen8/ground.png",4,20,20) | Y13: Earth Power | AB13: =IMAGE("https://raw.githubusercontent.com/msikma/pokesprite/master/misc/types/gen8/ground.png",4,20,20) | AD13: Stone Edge | AG13: =IMAGE("https://raw.githubusercontent.com/msikma/pokesprite/master/misc/types/gen8/rock.png",4,20,20)
E14: Mighty Cleave | H14: =IMAGE("https://raw.githubusercontent.com/msikma/pokesprite/master/misc/types/gen8/rock.png",4,20,20) | J14: Stone Edge | M14: =IMAGE("https://raw.githubusercontent.com/msikma/pokesprite/master/misc/types/gen8/rock.png",4,20,20) | O14: Rest | R14: =IMAGE("https://raw.githubusercontent.com/msikma/pokesprite/master/misc/types/gen8/psychic.png",4,20,20) | T14: Iron Head | W14: =IMAGE("https://raw.githubusercontent.com/msikma/pokesprite/master/misc/types/gen8/steel.png",4,20,20) | Y14: Vacuum Wave | AB14: =IMAGE("https://raw.githubusercontent.com/msikma/pokesprite/master/misc/types/gen8/fighting.png",4,20,20) | AD14: Earthquake | AG14: =IMAGE("https://raw.githubusercontent.com/msikma/pokesprite/master/misc/types/gen8/ground.png",4,20,20)
E15: Zen Headbutt | H15: =IMAGE("https://raw.githubusercontent.com/msikma/pokesprite/master/misc/types/gen8/psychic.png",4,20,20) | J15: Grass Knot | M15: =IMAGE("https://raw.githubusercontent.com/msikma/pokesprite/master/misc/types/gen8/grass.png",4,20,20) | O15: Sleep Talk | R15: =IMAGE("https://raw.githubusercontent.com/msikma/pokesprite/master/misc/types/gen8/normal.png",4,20,20) | T15: Ice Spinner | W15: =IMAGE("https://raw.githubusercontent.com/msikma/pokesprite/master/misc/types/gen8/ice.png",4,20,20) | Y15: Hyper Voice | AB15: =IMAGE("https://raw.githubusercontent.com/msikma/pokesprite/master/misc/types/gen8/normal.png",4,20,20) | AD15: Dual Wingbeat | AG15: =IMAGE("https://raw.githubusercontent.com/msikma/pokesprite/master/misc/types/gen8/flying.png",4,20,20)
E17: BASE STATS | J17: BASE STATS | O17: BASE STATS | T17: BASE STATS | Y17: BASE STATS | AD17: BASE STATS
E18: HP | F18: {=IFERROR(VLOOKUP(E5,Dex!$B$3:$N101,8,FALSE),"")} -> 90 | G18: {=IFERROR(VLOOKUP(F18,Dex!$P$22:$Q$276,2,FALSE),"")} | J18: HP | K18: {=IFERROR(VLOOKUP(J5,Dex!$B$3:$N101,8,FALSE),"")} -> 89 | L18: {=IFERROR(VLOOKUP(K18,Dex!$P$22:$Q$276,2,FALSE),"")} | O18: HP | P18: {=IFERROR(VLOOKUP(O5,Dex!$B$3:$N101,8,FALSE),"")} -> 216 | Q18: {=IFERROR(VLOOKUP(P18,Dex!$P$22:$Q$276,2,FALSE),"")} | T18: HP | U18: {=IFERROR(VLOOKUP(T5,Dex!$B$3:$N101,8,FALSE),"")} -> 90 | V18: {=IFERROR(VLOOKUP(U18,Dex!$P$22:$Q$276,2,FALSE),"")} | Y18: HP | Z18: {=IFERROR(VLOOKUP(Y5,Dex!$B$3:$N101,8,FALSE),"")} -> 113 | AA18: {=IFERROR(VLOOKUP(Z18,Dex!$P$22:$Q$276,2,FALSE),"")} | AD18: HP | AE18: {=IFERROR(VLOOKUP(AD5,Dex!$B$3:$N101,8,FALSE),"")} -> 80 | AF18: {=IFERROR(VLOOKUP(AE18,Dex!$P$22:$Q$276,2,FALSE),"")}
E19: ATK | F19: {=IFERROR(VLOOKUP(E5,Dex!$B$3:$N101,9,FALSE),"")} -> 120 | G19: {=IFERROR(VLOOKUP(F19,Dex!$P$22:$Q$276,2,FALSE),"")} | J19: ATK | K19: {=IFERROR(VLOOKUP(J5,Dex!$B$3:$N101,9,FALSE),"")} -> 125 | L19: {=IFERROR(VLOOKUP(K19,Dex!$P$22:$Q$276,2,FALSE),"")} | O19: ATK | P19: {=IFERROR(VLOOKUP(O5,Dex!$B$3:$N101,9,FALSE),"")} -> 100 | Q19: {=IFERROR(VLOOKUP(P19,Dex!$P$22:$Q$276,2,FALSE),"")} | T19: ATK | U19: {=IFERROR(VLOOKUP(T5,Dex!$B$3:$N101,9,FALSE),"")} -> 112 | V19: {=IFERROR(VLOOKUP(U19,Dex!$P$22:$Q$276,2,FALSE),"")} | Y19: ATK | Z19: {=IFERROR(VLOOKUP(Y5,Dex!$B$3:$N101,9,FALSE),"")} -> 70 | AA19: {=IFERROR(VLOOKUP(Z19,Dex!$P$22:$Q$276,2,FALSE),"")} | AD19: ATK | AE19: {=IFERROR(VLOOKUP(AD5,Dex!$B$3:$N101,9,FALSE),"")} -> 135 | AF19: {=IFERROR(VLOOKUP(AE19,Dex!$P$22:$Q$276,2,FALSE),"")}
E20: DEF | F20: {=IFERROR(VLOOKUP(E5,Dex!$B$3:$N101,10,FALSE),"")} -> 80 | G20: {=IFERROR(VLOOKUP(F20,Dex!$P$22:$Q$276,2,FALSE),"")} | J20: DEF | K20: {=IFERROR(VLOOKUP(J5,Dex!$B$3:$N101,10,FALSE),"")} -> 90 | L20: {=IFERROR(VLOOKUP(K20,Dex!$P$22:$Q$276,2,FALSE),"")} | O20: DEF | P20: {=IFERROR(VLOOKUP(O5,Dex!$B$3:$N101,10,FALSE),"")} -> 121 | Q20: {=IFERROR(VLOOKUP(P20,Dex!$P$22:$Q$276,2,FALSE),"")} | T20: DEF | U20: {=IFERROR(VLOOKUP(T5,Dex!$B$3:$N101,10,FALSE),"")} -> 120 | V20: {=IFERROR(VLOOKUP(U20,Dex!$P$22:$Q$276,2,FALSE),"")} | Y20: DEF | Z20: {=IFERROR(VLOOKUP(Y5,Dex!$B$3:$N101,10,FALSE),"")} -> 120 | AA20: {=IFERROR(VLOOKUP(Z20,Dex!$P$22:$Q$276,2,FALSE),"")} | AD20: DEF | AE20: {=IFERROR(VLOOKUP(AD5,Dex!$B$3:$N101,10,FALSE),"")} -> 85 | AF20: {=IFERROR(VLOOKUP(AE20,Dex!$P$22:$Q$276,2,FALSE),"")}
E21: SPA | F21: {=IFERROR(VLOOKUP(E5,Dex!$B$3:$N101,11,FALSE),"")} -> 68 | G21: {=IFERROR(VLOOKUP(F21,Dex!$P$22:$Q$276,2,FALSE),"")} | J21: SPA | K21: {=IFERROR(VLOOKUP(J5,Dex!$B$3:$N101,11,FALSE),"")} -> 115 | L21: {=IFERROR(VLOOKUP(K21,Dex!$P$22:$Q$276,2,FALSE),"")} | O21: SPA | P21: {=IFERROR(VLOOKUP(O5,Dex!$B$3:$N101,11,FALSE),"")} -> 91 | Q21: {=IFERROR(VLOOKUP(P21,Dex!$P$22:$Q$276,2,FALSE),"")} | T21: SPA | U21: {=IFERROR(VLOOKUP(T5,Dex!$B$3:$N101,11,FALSE),"")} -> 72 | V21: {=IFERROR(VLOOKUP(U21,Dex!$P$22:$Q$276,2,FALSE),"")} | Y21: SPA | Z21: {=IFERROR(VLOOKUP(Y5,Dex!$B$3:$N101,11,FALSE),"")} -> 135 | AA21: {=IFERROR(VLOOKUP(Z21,Dex!$P$22:$Q$276,2,FALSE),"")} | AD21: SPA | AE21: {=IFERROR(VLOOKUP(AD5,Dex!$B$3:$N101,11,FALSE),"")} -> 70 | AF21: {=IFERROR(VLOOKUP(AE21,Dex!$P$22:$Q$276,2,FALSE),"")}
E22: SPD | F22: {=IFERROR(VLOOKUP(E5,Dex!$B$3:$N101,12,FALSE),"")} -> 108 | G22: {=IFERROR(VLOOKUP(F22,Dex!$P$22:$Q$276,2,FALSE),"")} | J22: SPD | K22: {=IFERROR(VLOOKUP(J5,Dex!$B$3:$N101,12,FALSE),"")} -> 80 | L22: {=IFERROR(VLOOKUP(K22,Dex!$P$22:$Q$276,2,FALSE),"")} | O22: SPD | P22: {=IFERROR(VLOOKUP(O5,Dex!$B$3:$N101,12,FALSE),"")} -> 95 | Q22: {=IFERROR(VLOOKUP(P22,Dex!$P$22:$Q$276,2,FALSE),"")} | T22: SPD | U22: {=IFERROR(VLOOKUP(T5,Dex!$B$3:$N101,12,FALSE),"")} -> 70 | V22: {=IFERROR(VLOOKUP(U22,Dex!$P$22:$Q$276,2,FALSE),"")} | Y22: SPD | Z22: {=IFERROR(VLOOKUP(Y5,Dex!$B$3:$N101,12,FALSE),"")} -> 65 | AA22: {=IFERROR(VLOOKUP(Z22,Dex!$P$22:$Q$276,2,FALSE),"")} | AD22: SPD | AE22: {=IFERROR(VLOOKUP(AD5,Dex!$B$3:$N101,12,FALSE),"")} -> 95 | AF22: {=IFERROR(VLOOKUP(AE22,Dex!$P$22:$Q$276,2,FALSE),"")}
C23: IF YOU'RE | E23: SPE | F23: {=IFERROR(VLOOKUP(E5,Dex!$B$3:$N101,13,FALSE),"")} -> 124 | G23: {=IFERROR(VLOOKUP(F23,Dex!$P$22:$Q$276,2,FALSE),"")} | J23: SPE | K23: {=IFERROR(VLOOKUP(J5,Dex!$B$3:$N101,13,FALSE),"")} -> 101 | L23: {=IFERROR(VLOOKUP(K23,Dex!$P$22:$Q$276,2,FALSE),"")} | O23: SPE | P23: {=IFERROR(VLOOKUP(O5,Dex!$B$3:$N101,13,FALSE),"")} -> 85 | Q23: {=IFERROR(VLOOKUP(P23,Dex!$P$22:$Q$276,2,FALSE),"")} | T23: SPE | U23: {=IFERROR(VLOOKUP(T5,Dex!$B$3:$N101,13,FALSE),"")} -> 106 | V23: {=IFERROR(VLOOKUP(U23,Dex!$P$22:$Q$276,2,FALSE),"")} | Y23: SPE | Z23: {=IFERROR(VLOOKUP(Y5,Dex!$B$3:$N101,13,FALSE),"")} -> 52 | AA23: {=IFERROR(VLOOKUP(Z23,Dex!$P$22:$Q$276,2,FALSE),"")} | AD23: SPE | AE23: {=IFERROR(VLOOKUP(AD5,Dex!$B$3:$N101,13,FALSE),"")} -> 150 | AF23: {=IFERROR(VLOOKUP(AE23,Dex!$P$22:$Q$276,2,FALSE),"")}
C24: LEVEL 68 ->> | E24: SPEED STAT: | H24: =ROUNDDOWN((ROUNDDOWN(((((2*F23+31)*68)/100+5)),0))*1.1,0) -> 213 | J24: SPEED STAT: | M24: =ROUNDDOWN((ROUNDDOWN(((((2*K23+31)*68)/100+5)),0))*1.1,0) -> 179 | O24: SPEED STAT: | R24: =ROUNDDOWN((ROUNDDOWN(((((2*P23+31)*68)/100+5)),0))*1,0) -> 141 | T24: SPEED STAT: | W24: =ROUNDDOWN((ROUNDDOWN(((((2*U23+31)*68)/100+5)),0))*1.1,0) -> 187 | Y24: SPEED STAT: | AB24: =ROUNDDOWN((ROUNDDOWN(((((2*Z23+31)*68)/100+5)),0))*1,0) -> 96 | AD24: SPEED STAT: | AG24: =ROUNDDOWN((ROUNDDOWN(((((2*AE23+31)*68)/100+5)),0))*1.1,0) -> 253
E28: BATTLE EFFECT: PERMANENT RAIN + PALAFIN IS PRE-TRANSFORMED
C29: =IMAGE("https://i.ibb.co/mh2zYn4/Misty.png") | E29: {=IFERROR(VLOOKUP(E30,Dex!$B$3:$G101,3,FALSE),"")} | J29: {=IFERROR(VLOOKUP(J30,Dex!$B$3:$G101,3,FALSE),"")} | O29: {=IFERROR(VLOOKUP(O30,Dex!$B$3:$G101,3,FALSE),"")} | T29: {=IFERROR(VLOOKUP(T30,Dex!$B$3:$G101,3,FALSE),"")} | Y29: {=IFERROR(VLOOKUP(Y30,Dex!$B$3:$G101,3,FALSE),"")} | AD29: {=IFERROR(VLOOKUP(AD30,Dex!$B$3:$G101,3,FALSE),"")}
C30: GYM LEADER MISTY | E30: Iron Bundle | J30: Palafin-Hero | O30: Kingdra | T30: Archaludon | Y30: Thundurus-T | AD30: Gyarados-Mega
E31: Highest Lv | J31: Highest Lv | O31: Highest Lv | T31: Highest Lv | Y31: Highest Lv | AD31: Highest Lv
F32: {=IFERROR(VLOOKUP(E30,Dex!$B$3:$H101,5,FALSE),"")} | G32: {=IFERROR(VLOOKUP(E30,Dex!$B$3:$H101,7,FALSE),"")} | K32: {=IFERROR(VLOOKUP(J30,Dex!$B$3:$H101,5,FALSE),"")} | P32: {=IFERROR(VLOOKUP(O30,Dex!$B$3:$H101,5,FALSE),"")} | Q32: {=IFERROR(VLOOKUP(O30,Dex!$B$3:$H101,7,FALSE),"")} | U32: {=IFERROR(VLOOKUP(T30,Dex!$B$3:$H101,5,FALSE),"")} | V32: {=IFERROR(VLOOKUP(T30,Dex!$B$3:$H101,7,FALSE),"")} | Z32: {=IFERROR(VLOOKUP(Y30,Dex!$B$3:$H101,5,FALSE),"")} | AA32: {=IFERROR(VLOOKUP(Y30,Dex!$B$3:$H101,7,FALSE),"")} | AE32: {=IFERROR(VLOOKUP(AD30,Dex!$B$3:$H101,5,FALSE),"")} | AF32: {=IFERROR(VLOOKUP(AD30,Dex!$B$3:$H101,7,FALSE),"")}
E34: Timid | J34: Jolly | O34: Modest | T34: Calm | Y34: Timid | AD34: Jolly
E35: Quark Drive | J35: Mold Breaker | O35: Swift Swim | T35: Stamina | Y35: Volt Absorb | AD35: Intimidate Mold Breaker (Mega)
E36: Focus Sash | H36: =IMAGE("https://raw.githubusercontent.com/msikma/pokesprite/master/items/hold-item/focus-sash.png",3) | J36: Mystic Water | M36: =IMAGE("https://raw.githubusercontent.com/msikma/pokesprite/master/items/hold-item/mystic-water.png",3) | O36: Life Orb | R36: =IMAGE("https://raw.githubusercontent.com/msikma/pokesprite/master/items/hold-item/life-orb.png",3) | T36: Assault Vest | W36: =IMAGE("https://raw.githubusercontent.com/msikma/pokesprite/master/items/hold-item/assault-vest.png",3) | Y36: Fightinium Z | AB36: =IMAGE("https://raw.githubusercontent.com/msikma/pokesprite/master/items/z-crystals/fightinium-z--held.png",3) | AD36: Gyaradosite | AG36: =IMAGE("https://raw.githubusercontent.com/msikma/pokesprite/master/items/mega-stone/gyaradosite.png",3)
E37: Hydro Pump | H37: =IMAGE("https://raw.githubusercontent.com/msikma/pokesprite/master/misc/types/gen8/water.png",4,20,20) | J37: Jet Punch | M37: =IMAGE("https://raw.githubusercontent.com/msikma/pokesprite/master/misc/types/gen8/water.png",4,20,20) | O37: Hydro Pump | R37: =IMAGE("https://raw.githubusercontent.com/msikma/pokesprite/master/misc/types/gen8/water.png",4,20,20) | T37: Body Press | W37: =IMAGE("https://raw.githubusercontent.com/msikma/pokesprite/master/misc/types/gen8/fighting.png",4,20,20) | Y37: Nasty Plot | AB37: =IMAGE("https://raw.githubusercontent.com/msikma/pokesprite/master/misc/types/gen8/dark.png",4,20,20) | AD37: Dragon Dance | AG37: =IMAGE("https://raw.githubusercontent.com/msikma/pokesprite/master/misc/types/gen8/dragon.png",4,20,20)
E38: Freeze-Dry | H38: =IMAGE("https://raw.githubusercontent.com/msikma/pokesprite/master/misc/types/gen8/ice.png",4,20,20) | J38: Waterfall | M38: =IMAGE("https://raw.githubusercontent.com/msikma/pokesprite/master/misc/types/gen8/water.png",4,20,20) | O38: Draco Barrage | R38: =IMAGE("https://raw.githubusercontent.com/msikma/pokesprite/master/misc/types/gen8/dragon.png",4,20,20) | T38: Electro Shot | W38: =IMAGE("https://raw.githubusercontent.com/msikma/pokesprite/master/misc/types/gen8/electric.png",4,20,20) | Y38: Thunder | AB38: =IMAGE("https://raw.githubusercontent.com/msikma/pokesprite/master/misc/types/gen8/electric.png",4,20,20) | AD38: Waterfall | AG38: =IMAGE("https://raw.githubusercontent.com/msikma/pokesprite/master/misc/types/gen8/water.png",4,20,20)
E39: Flip Turn | H39: =IMAGE("https://raw.githubusercontent.com/msikma/pokesprite/master/misc/types/gen8/water.png",4,20,20) | J39: Drain Punch | M39: =IMAGE("https://raw.githubusercontent.com/msikma/pokesprite/master/misc/types/gen8/fighting.png",4,20,20) | O39: Hurricane | R39: =IMAGE("https://raw.githubusercontent.com/msikma/pokesprite/master/misc/types/gen8/flying.png",4,20,20) | T39: Dragon Pulse | W39: =IMAGE("https://raw.githubusercontent.com/msikma/pokesprite/master/misc/types/gen8/dragon.png",4,20,20) | Y39: Weather Ball | AB39: =IMAGE("https://raw.githubusercontent.com/msikma/pokesprite/master/misc/types/gen8/water.png",4,20,20) | AD39: Crunch | AG39: =IMAGE("https://raw.githubusercontent.com/msikma/pokesprite/master/misc/types/gen8/dark.png",4,20,20)
E40: Ice Beam | H40: =IMAGE("https://raw.githubusercontent.com/msikma/pokesprite/master/misc/types/gen8/ice.png",4,20,20) | J40: Bulk Up | M40: =IMAGE("https://raw.githubusercontent.com/msikma/pokesprite/master/misc/types/gen8/fighting.png",4,20,20) | O40: Flip Turn | R40: =IMAGE("https://raw.githubusercontent.com/msikma/pokesprite/master/misc/types/gen8/water.png",4,20,20) | T40: Flash Cannon | W40: =IMAGE("https://raw.githubusercontent.com/msikma/pokesprite/master/misc/types/gen8/steel.png",4,20,20) | Y40: Focus Blast | AB40: =IMAGE("https://raw.githubusercontent.com/msikma/pokesprite/master/misc/types/gen8/fighting.png",4,20,20) | AD40: Earthquake | AG40: =IMAGE("https://raw.githubusercontent.com/msikma/pokesprite/master/misc/types/gen8/ground.png",4,20,20)
E42: BASE STATS | J42: BASE STATS | O42: BASE STATS | T42: BASE STATS | Y42: BASE STATS | AD42: BASE STATS
E43: HP | F43: {=IFERROR(VLOOKUP(E30,Dex!$B$3:$N101,8,FALSE),"")} -> 56 | G43: {=IFERROR(VLOOKUP(F43,Dex!$P$22:$Q$276,2,FALSE),"")} | J43: HP | K43: {=IFERROR(VLOOKUP(J30,Dex!$B$3:$N101,8,FALSE),"")} -> 100 | L43: {=IFERROR(VLOOKUP(K43,Dex!$P$22:$Q$276,2,FALSE),"")} | O43: HP | P43: {=IFERROR(VLOOKUP(O30,Dex!$B$3:$N101,8,FALSE),"")} -> 75 | Q43: {=IFERROR(VLOOKUP(P43,Dex!$P$22:$Q$276,2,FALSE),"")} | T43: HP | U43: {=IFERROR(VLOOKUP(T30,Dex!$B$3:$N101,8,FALSE),"")} -> 90 | V43: {=IFERROR(VLOOKUP(U43,Dex!$P$22:$Q$276,2,FALSE),"")} | Y43: HP | Z43: {=IFERROR(VLOOKUP(Y30,Dex!$B$3:$N101,8,FALSE),"")} -> 79 | AA43: {=IFERROR(VLOOKUP(Z43,Dex!$P$22:$Q$276,2,FALSE),"")} | AD43: HP | AE43: {=IFERROR(VLOOKUP(AD30,Dex!$B$3:$N101,8,FALSE),"")} -> 95 | AF43: {=IFERROR(VLOOKUP(AE43,Dex!$P$22:$Q$276,2,FALSE),"")}
E44: ATK | F44: {=IFERROR(VLOOKUP(E30,Dex!$B$3:$N101,9,FALSE),"")} -> 80 | G44: {=IFERROR(VLOOKUP(F44,Dex!$P$22:$Q$276,2,FALSE),"")} | J44: ATK | K44: {=IFERROR(VLOOKUP(J30,Dex!$B$3:$N101,9,FALSE),"")} -> 160 | L44: {=IFERROR(VLOOKUP(K44,Dex!$P$22:$Q$276,2,FALSE),"")} | O44: ATK | P44: {=IFERROR(VLOOKUP(O30,Dex!$B$3:$N101,9,FALSE),"")} -> 95 | Q44: {=IFERROR(VLOOKUP(P44,Dex!$P$22:$Q$276,2,FALSE),"")} | T44: ATK | U44: {=IFERROR(VLOOKUP(T30,Dex!$B$3:$N101,9,FALSE),"")} -> 105 | V44: {=IFERROR(VLOOKUP(U44,Dex!$P$22:$Q$276,2,FALSE),"")} | Y44: ATK | Z44: {=IFERROR(VLOOKUP(Y30,Dex!$B$3:$N101,9,FALSE),"")} -> 105 | AA44: {=IFERROR(VLOOKUP(Z44,Dex!$P$22:$Q$276,2,FALSE),"")} | AD44: ATK | AE44: {=IFERROR(VLOOKUP(AD30,Dex!$B$3:$N101,9,FALSE),"")} -> 155 | AF44: {=IFERROR(VLOOKUP(AE44,Dex!$P$22:$Q$276,2,FALSE),"")}
E45: DEF | F45: {=IFERROR(VLOOKUP(E30,Dex!$B$3:$N101,10,FALSE),"")} -> 114 | G45: {=IFERROR(VLOOKUP(F45,Dex!$P$22:$Q$276,2,FALSE),"")} | J45: DEF | K45: {=IFERROR(VLOOKUP(J30,Dex!$B$3:$N101,10,FALSE),"")} -> 97 | L45: {=IFERROR(VLOOKUP(K45,Dex!$P$22:$Q$276,2,FALSE),"")} | O45: DEF | P45: {=IFERROR(VLOOKUP(O30,Dex!$B$3:$N101,10,FALSE),"")} -> 95 | Q45: {=IFERROR(VLOOKUP(P45,Dex!$P$22:$Q$276,2,FALSE),"")} | T45: DEF | U45: {=IFERROR(VLOOKUP(T30,Dex!$B$3:$N101,10,FALSE),"")} -> 130 | V45: {=IFERROR(VLOOKUP(U45,Dex!$P$22:$Q$276,2,FALSE),"")} | Y45: DEF | Z45: {=IFERROR(VLOOKUP(Y30,Dex!$B$3:$N101,10,FALSE),"")} -> 70 | AA45: {=IFERROR(VLOOKUP(Z45,Dex!$P$22:$Q$276,2,FALSE),"")} | AD45: DEF | AE45: {=IFERROR(VLOOKUP(AD30,Dex!$B$3:$N101,10,FALSE),"")} -> 109 | AF45: {=IFERROR(VLOOKUP(AE45,Dex!$P$22:$Q$276,2,FALSE),"")}
E46: SPA | F46: {=IFERROR(VLOOKUP(E30,Dex!$B$3:$N101,11,FALSE),"")} -> 124 | G46: {=IFERROR(VLOOKUP(F46,Dex!$P$22:$Q$276,2,FALSE),"")} | J46: SPA | K46: {=IFERROR(VLOOKUP(J30,Dex!$B$3:$N101,11,FALSE),"")} -> 106 | L46: {=IFERROR(VLOOKUP(K46,Dex!$P$22:$Q$276,2,FALSE),"")} | O46: SPA | P46: {=IFERROR(VLOOKUP(O30,Dex!$B$3:$N101,11,FALSE),"")} -> 95 | Q46: {=IFERROR(VLOOKUP(P46,Dex!$P$22:$Q$276,2,FALSE),"")} | T46: SPA | U46: {=IFERROR(VLOOKUP(T30,Dex!$B$3:$N101,11,FALSE),"")} -> 125 | V46: {=IFERROR(VLOOKUP(U46,Dex!$P$22:$Q$276,2,FALSE),"")} | Y46: SPA | Z46: {=IFERROR(VLOOKUP(Y30,Dex!$B$3:$N101,11,FALSE),"")} -> 145 | AA46: {=IFERROR(VLOOKUP(Z46,Dex!$P$22:$Q$276,2,FALSE),"")} | AD46: SPA | AE46: {=IFERROR(VLOOKUP(AD30,Dex!$B$3:$N101,11,FALSE),"")} -> 70 | AF46: {=IFERROR(VLOOKUP(AE46,Dex!$P$22:$Q$276,2,FALSE),"")}
E47: SPD | F47: {=IFERROR(VLOOKUP(E30,Dex!$B$3:$N101,12,FALSE),"")} -> 60 | G47: {=IFERROR(VLOOKUP(F47,Dex!$P$22:$Q$276,2,FALSE),"")} | J47: SPD | K47: {=IFERROR(VLOOKUP(J30,Dex!$B$3:$N101,12,FALSE),"")} -> 87 | L47: {=IFERROR(VLOOKUP(K47,Dex!$P$22:$Q$276,2,FALSE),"")} | O47: SPD | P47: {=IFERROR(VLOOKUP(O30,Dex!$B$3:$N101,12,FALSE),"")} -> 95 | Q47: {=IFERROR(VLOOKUP(P47,Dex!$P$22:$Q$276,2,FALSE),"")} | T47: SPD | U47: {=IFERROR(VLOOKUP(T30,Dex!$B$3:$N101,12,FALSE),"")} -> 65 | V47: {=IFERROR(VLOOKUP(U47,Dex!$P$22:$Q$276,2,FALSE),"")} | Y47: SPD | Z47: {=IFERROR(VLOOKUP(Y30,Dex!$B$3:$N101,12,FALSE),"")} -> 80 | AA47: {=IFERROR(VLOOKUP(Z47,Dex!$P$22:$Q$276,2,FALSE),"")} | AD47: SPD | AE47: {=IFERROR(VLOOKUP(AD30,Dex!$B$3:$N101,12,FALSE),"")} -> 130 | AF47: {=IFERROR(VLOOKUP(AE47,Dex!$P$22:$Q$276,2,FALSE),"")}
C48: IF YOU'RE | E48: SPE | F48: {=IFERROR(VLOOKUP(E30,Dex!$B$3:$N101,13,FALSE),"")} -> 136 | G48: {=IFERROR(VLOOKUP(F48,Dex!$P$22:$Q$276,2,FALSE),"")} | J48: SPE | K48: {=IFERROR(VLOOKUP(J30,Dex!$B$3:$N101,13,FALSE),"")} -> 100 | L48: {=IFERROR(VLOOKUP(K48,Dex!$P$22:$Q$276,2,FALSE),"")} | O48: SPE | P48: {=IFERROR(VLOOKUP(O30,Dex!$B$3:$N101,13,FALSE),"")} -> 85 | Q48: {=IFERROR(VLOOKUP(P48,Dex!$P$22:$Q$276,2,FALSE),"")} | T48: SPE | U48: {=IFERROR(VLOOKUP(T30,Dex!$B$3:$N101,13,FALSE),"")} -> 85 | V48: {=IFERROR(VLOOKUP(U48,Dex!$P$22:$Q$276,2,FALSE),"")} | Y48: SPE | Z48: {=IFERROR(VLOOKUP(Y30,Dex!$B$3:$N101,13,FALSE),"")} -> 101 | AA48: {=IFERROR(VLOOKUP(Z48,Dex!$P$22:$Q$276,2,FALSE),"")} | AD48: SPE | AE48: {=IFERROR(VLOOKUP(AD30,Dex!$B$3:$N101,13,FALSE),"")} -> 81 | AF48: {=IFERROR(VLOOKUP(AE48,Dex!$P$22:$Q$276,2,FALSE),"")}
C49: LEVEL 68 ->> | E49: SPEED STAT: | H49: =ROUNDDOWN((ROUNDDOWN(((((2*F48+31)*68)/100+5)),0))*1.1,0) -> 232 | J49: SPEED STAT: | M49: =ROUNDDOWN((ROUNDDOWN(((((2*K48+31)*68)/100+5)),0))*1.1,0) -> 178 | O49: SPEED STAT: | R49: =ROUNDDOWN((ROUNDDOWN(((((2*P48+31)*68)/100+5)),0))*1,0) -> 141 | T49: SPEED STAT: | W49: =ROUNDDOWN((ROUNDDOWN(((((2*U48+31)*68)/100+5)),0))*1,0) -> 141 | Y49: SPEED STAT: | AB49: =ROUNDDOWN((ROUNDDOWN(((((2*Z48+31)*68)/100+5)),0))*1.1,0) -> 179 | AD49: SPEED STAT: | AG49: =ROUNDDOWN((ROUNDDOWN(((((2*AE48+31)*68)/100+5)),0))*1.1,0) -> 149
O50: SWIFT SWIM: | R50: =ROUNDDOWN(R49*2,0) -> 282
E53: BATTLE EFFECT: PERMANENT ELECTRIC TERRAIN & MAGNET RISE
C54: =IMAGE("https://i.ibb.co/w6kjj5K/Surge.png") | E54: {=IFERROR(VLOOKUP(E55,Dex!$B$3:$G101,3,FALSE),"")} | J54: {=IFERROR(VLOOKUP(J55,Dex!$B$3:$G101,3,FALSE),"")} | O54: {=IFERROR(VLOOKUP(O55,Dex!$B$3:$G101,3,FALSE),"")} | T54: {=IFERROR(VLOOKUP(T55,Dex!$B$3:$G101,3,FALSE),"")} | Y54: {=IFERROR(VLOOKUP(Y55,Dex!$B$3:$G101,3,FALSE),"")} | AD54: {=IFERROR(VLOOKUP(AD55,Dex!$B$3:$G101,3,FALSE),"")}
C55: GYM LEADER LT. SURGE | E55: Pawmot | J55: Iron Thorns | O55: Iron Moth | T55: Iron Hands | Y55: Miraidon | AD55: Manectric-Mega
E56: Highest Lv | J56: Highest Lv | O56: Highest Lv | T56: Highest Lv | Y56: Highest Lv | AD56: Highest Lv
F57: {=IFERROR(VLOOKUP(E55,Dex!$B$3:$H101,5,FALSE),"")} | G57: {=IFERROR(VLOOKUP(E55,Dex!$B$3:$H101,7,FALSE),"")} | K57: {=IFERROR(VLOOKUP(J55,Dex!$B$3:$H101,5,FALSE),"")} | L57: {=IFERROR(VLOOKUP(J55,Dex!$B$3:$H101,7,FALSE),"")} | P57: {=IFERROR(VLOOKUP(O55,Dex!$B$3:$H101,5,FALSE),"")} | Q57: {=IFERROR(VLOOKUP(O55,Dex!$B$3:$H101,7,FALSE),"")} | U57: {=IFERROR(VLOOKUP(T55,Dex!$B$3:$H101,5,FALSE),"")} | V57: {=IFERROR(VLOOKUP(T55,Dex!$B$3:$H101,7,FALSE),"")} | Z57: {=IFERROR(VLOOKUP(Y55,Dex!$B$3:$H101,5,FALSE),"")} | AA57: {=IFERROR(VLOOKUP(Y55,Dex!$B$3:$H101,7,FALSE),"")} | AE57: {=IFERROR(VLOOKUP(AD55,Dex!$B$3:$H101,5,FALSE),"")}
E59: Jolly | J59: Jolly | O59: Timid | T59: Careful | Y59: Timid | AD59: Timid
E60: Iron Fist | J60: Quark Drive | O60: Quark Drive | T60: Quark Drive | Y60: Hadron Engine | AD60: Intimidate (Both)
E61: Focus Sash | H61: =IMAGE("https://raw.githubusercontent.com/msikma/pokesprite/master/items/hold-item/focus-sash.png",3) | J61: Lum Berry | M61: =IMAGE("https://raw.githubusercontent.com/msikma/pokesprite/master/items/berry/lum.png",3) | O61: Fire Gem | R61: =IMAGE("https://raw.githubusercontent.com/msikma/pokesprite/master/items/gem/fire.png",3) | T61: Assault Vest | W61: =IMAGE("https://raw.githubusercontent.com/msikma/pokesprite/master/items/hold-item/assault-vest.png",3) | Y61: Leftovers | AB61: =IMAGE("https://raw.githubusercontent.com/msikma/pokesprite/master/items/hold-item/leftovers.png",3) | AD61: Manectite | AG61: =IMAGE("https://raw.githubusercontent.com/msikma/pokesprite/master/items/mega-stone/manectite.png",3)
E62: Thunder Punch | H62: =IMAGE("https://raw.githubusercontent.com/msikma/pokesprite/master/misc/types/gen8/electric.png",4,20,20) | J62: Dragon Dance | M62: =IMAGE("https://raw.githubusercontent.com/msikma/pokesprite/master/misc/types/gen8/dragon.png",4,20,20) | O62: Fiery Dance | R62: =IMAGE("https://raw.githubusercontent.com/msikma/pokesprite/master/misc/types/gen8/fire.png",4,20,20) | T62: Plasma Fists | W62: =IMAGE("https://raw.githubusercontent.com/msikma/pokesprite/master/misc/types/gen8/electric.png",4,20,20) | Y62: Calm Mind | AB62: =IMAGE("https://raw.githubusercontent.com/msikma/pokesprite/master/misc/types/gen8/psychic.png",4,20,20) | AD62: Rising Voltage | AG62: =IMAGE("https://raw.githubusercontent.com/msikma/pokesprite/master/misc/types/gen8/electric.png",4,20,20)
E63: Close Combat | H63: =IMAGE("https://raw.githubusercontent.com/msikma/pokesprite/master/misc/types/gen8/fighting.png",4,20,20) | J63: Fusion Bolt | M63: =IMAGE("https://raw.githubusercontent.com/msikma/pokesprite/master/misc/types/gen8/electric.png",4,20,20) | O63: Sludge Wave | R63: =IMAGE("https://raw.githubusercontent.com/msikma/pokesprite/master/misc/types/gen8/poison.png",4,20,20) | T63: Drain Punch | W63: =IMAGE("https://raw.githubusercontent.com/msikma/pokesprite/master/misc/types/gen8/fighting.png",4,20,20) | Y63: Parab. Charge | AB63: =IMAGE("https://raw.githubusercontent.com/msikma/pokesprite/master/misc/types/gen8/electric.png",4,20,20) | AD63: HP Grass | AG63: =IMAGE("https://raw.githubusercontent.com/msikma/pokesprite/master/misc/types/gen8/grass.png",4,20,20)
E64: Mach Punch | H64: =IMAGE("https://raw.githubusercontent.com/msikma/pokesprite/master/misc/types/gen8/fighting.png",4,20,20) | J64: Stone Edge | M64: =IMAGE("https://raw.githubusercontent.com/msikma/pokesprite/master/misc/types/gen8/rock.png",4,20,20) | O64: Energy Ball | R64: =IMAGE("https://raw.githubusercontent.com/msikma/pokesprite/master/misc/types/gen8/grass.png",4,20,20) | T64: Ice Punch | W64: =IMAGE("https://raw.githubusercontent.com/msikma/pokesprite/master/misc/types/gen8/ice.png",4,20,20) | Y64: Dragon Pulse | AB64: =IMAGE("https://raw.githubusercontent.com/msikma/pokesprite/master/misc/types/gen8/dragon.png",4,20,20) | AD64: Flamethrower | AG64: =IMAGE("https://raw.githubusercontent.com/msikma/pokesprite/master/misc/types/gen8/fire.png",4,20,20)
E65: Ice Punch | H65: =IMAGE("https://raw.githubusercontent.com/msikma/pokesprite/master/misc/types/gen8/ice.png",4,20,20) | J65: Ice Punch | M65: =IMAGE("https://raw.githubusercontent.com/msikma/pokesprite/master/misc/types/gen8/ice.png",4,20,20) | O65: Dazz. Gleam | R65: =IMAGE("https://raw.githubusercontent.com/msikma/pokesprite/master/misc/types/gen8/fairy.png",4,20,20) | T65: Fake Out | W65: =IMAGE("https://raw.githubusercontent.com/msikma/pokesprite/master/misc/types/gen8/normal.png",4,20,20) | Y65: Dazz. Gleam | AB65: =IMAGE("https://raw.githubusercontent.com/msikma/pokesprite/master/misc/types/gen8/fairy.png",4,20,20) | AD65: Volt Switch | AG65: =IMAGE("https://raw.githubusercontent.com/msikma/pokesprite/master/misc/types/gen8/electric.png",4,20,20)
E67: BASE STATS | J67: BASE STATS | O67: BASE STATS | T67: BASE STATS | Y67: BASE STATS | AD67: BASE STATS
E68: HP | F68: {=IFERROR(VLOOKUP(E55,Dex!$B$3:$N101,8,FALSE),"")} -> 70 | G68: {=IFERROR(VLOOKUP(F68,Dex!$P$22:$Q$276,2,FALSE),"")} | J68: HP | K68: {=IFERROR(VLOOKUP(J55,Dex!$B$3:$N101,8,FALSE),"")} -> 110 | L68: {=IFERROR(VLOOKUP(K68,Dex!$P$22:$Q$276,2,FALSE),"")} | O68: HP | P68: {=IFERROR(VLOOKUP(O55,Dex!$B$3:$N101,8,FALSE),"")} -> 80 | Q68: {=IFERROR(VLOOKUP(P68,Dex!$P$22:$Q$276,2,FALSE),"")} | T68: HP | U68: {=IFERROR(VLOOKUP(T55,Dex!$B$3:$N101,8,FALSE),"")} -> 154 | V68: {=IFERROR(VLOOKUP(U68,Dex!$P$22:$Q$276,2,FALSE),"")} | Y68: HP | Z68: {=IFERROR(VLOOKUP(Y55,Dex!$B$3:$N101,8,FALSE),"")} -> 100 | AA68: {=IFERROR(VLOOKUP(Z68,Dex!$P$22:$Q$276,2,FALSE),"")} | AD68: HP | AE68: {=IFERROR(VLOOKUP(AD55,Dex!$B$3:$N101,8,FALSE),"")} -> 70 | AF68: {=IFERROR(VLOOKUP(AE68,Dex!$P$22:$Q$276,2,FALSE),"")}
E69: ATK | F69: {=IFERROR(VLOOKUP(E55,Dex!$B$3:$N101,9,FALSE),"")} -> 115 | G69: {=IFERROR(VLOOKUP(F69,Dex!$P$22:$Q$276,2,FALSE),"")} | J69: ATK | K69: {=IFERROR(VLOOKUP(J55,Dex!$B$3:$N101,9,FALSE),"")} -> 134 | L69: {=IFERROR(VLOOKUP(K69,Dex!$P$22:$Q$276,2,FALSE),"")} | O69: ATK | P69: {=IFERROR(VLOOKUP(O55,Dex!$B$3:$N101,9,FALSE),"")} -> 70 | Q69: {=IFERROR(VLOOKUP(P69,Dex!$P$22:$Q$276,2,FALSE),"")} | T69: ATK | U69: {=IFERROR(VLOOKUP(T55,Dex!$B$3:$N101,9,FALSE),"")} -> 140 | V69: {=IFERROR(VLOOKUP(U69,Dex!$P$22:$Q$276,2,FALSE),"")} | Y69: ATK | Z69: {=IFERROR(VLOOKUP(Y55,Dex!$B$3:$N101,9,FALSE),"")} -> 85 | AA69: {=IFERROR(VLOOKUP(Z69,Dex!$P$22:$Q$276,2,FALSE),"")} | AD69: ATK | AE69: {=IFERROR(VLOOKUP(AD55,Dex!$B$3:$N101,9,FALSE),"")} -> 75 | AF69: {=IFERROR(VLOOKUP(AE69,Dex!$P$22:$Q$276,2,FALSE),"")}
E70: DEF | F70: {=IFERROR(VLOOKUP(E55,Dex!$B$3:$N101,10,FALSE),"")} -> 70 | G70: {=IFERROR(VLOOKUP(F70,Dex!$P$22:$Q$276,2,FALSE),"")} | J70: DEF | K70: {=IFERROR(VLOOKUP(J55,Dex!$B$3:$N101,10,FALSE),"")} -> 110 | L70: {=IFERROR(VLOOKUP(K70,Dex!$P$22:$Q$276,2,FALSE),"")} | O70: DEF | P70: {=IFERROR(VLOOKUP(O55,Dex!$B$3:$N101,10,FALSE),"")} -> 60 | Q70: {=IFERROR(VLOOKUP(P70,Dex!$P$22:$Q$276,2,FALSE),"")} | T70: DEF | U70: {=IFERROR(VLOOKUP(T55,Dex!$B$3:$N101,10,FALSE),"")} -> 108 | V70: {=IFERROR(VLOOKUP(U70,Dex!$P$22:$Q$276,2,FALSE),"")} | Y70: DEF | Z70: {=IFERROR(VLOOKUP(Y55,Dex!$B$3:$N101,10,FALSE),"")} -> 100 | AA70: {=IFERROR(VLOOKUP(Z70,Dex!$P$22:$Q$276,2,FALSE),"")} | AD70: DEF | AE70: {=IFERROR(VLOOKUP(AD55,Dex!$B$3:$N101,10,FALSE),"")} -> 80 | AF70: {=IFERROR(VLOOKUP(AE70,Dex!$P$22:$Q$276,2,FALSE),"")}
E71: SPA | F71: {=IFERROR(VLOOKUP(E55,Dex!$B$3:$N101,11,FALSE),"")} -> 70 | G71: {=IFERROR(VLOOKUP(F71,Dex!$P$22:$Q$276,2,FALSE),"")} | J71: SPA | K71: {=IFERROR(VLOOKUP(J55,Dex!$B$3:$N101,11,FALSE),"")} -> 70 | L71: {=IFERROR(VLOOKUP(K71,Dex!$P$22:$Q$276,2,FALSE),"")} | O71: SPA | P71: {=IFERROR(VLOOKUP(O55,Dex!$B$3:$N101,11,FALSE),"")} -> 140 | Q71: {=IFERROR(VLOOKUP(P71,Dex!$P$22:$Q$276,2,FALSE),"")} | T71: SPA | U71: {=IFERROR(VLOOKUP(T55,Dex!$B$3:$N101,11,FALSE),"")} -> 50 | V71: {=IFERROR(VLOOKUP(U71,Dex!$P$22:$Q$276,2,FALSE),"")} | Y71: SPA | Z71: {=IFERROR(VLOOKUP(Y55,Dex!$B$3:$N101,11,FALSE),"")} -> 135 | AA71: {=IFERROR(VLOOKUP(Z71,Dex!$P$22:$Q$276,2,FALSE),"")} | AD71: SPA | AE71: {=IFERROR(VLOOKUP(AD55,Dex!$B$3:$N101,11,FALSE),"")} -> 135 | AF71: {=IFERROR(VLOOKUP(AE71,Dex!$P$22:$Q$276,2,FALSE),"")}
E72: SPD | F72: {=IFERROR(VLOOKUP(E55,Dex!$B$3:$N101,12,FALSE),"")} -> 60 | G72: {=IFERROR(VLOOKUP(F72,Dex!$P$22:$Q$276,2,FALSE),"")} | J72: SPD | K72: {=IFERROR(VLOOKUP(J55,Dex!$B$3:$N101,12,FALSE),"")} -> 84 | L72: {=IFERROR(VLOOKUP(K72,Dex!$P$22:$Q$276,2,FALSE),"")} | O72: SPD | P72: {=IFERROR(VLOOKUP(O55,Dex!$B$3:$N101,12,FALSE),"")} -> 110 | Q72: {=IFERROR(VLOOKUP(P72,Dex!$P$22:$Q$276,2,FALSE),"")} | T72: SPD | U72: {=IFERROR(VLOOKUP(T55,Dex!$B$3:$N101,12,FALSE),"")} -> 68 | V72: {=IFERROR(VLOOKUP(U72,Dex!$P$22:$Q$276,2,FALSE),"")} | Y72: SPD | Z72: {=IFERROR(VLOOKUP(Y55,Dex!$B$3:$N101,12,FALSE),"")} -> 115 | AA72: {=IFERROR(VLOOKUP(Z72,Dex!$P$22:$Q$276,2,FALSE),"")} | AD72: SPD | AE72: {=IFERROR(VLOOKUP(AD55,Dex!$B$3:$N101,12,FALSE),"")} -> 80 | AF72: {=IFERROR(VLOOKUP(AE72,Dex!$P$22:$Q$276,2,FALSE),"")}
C73: IF YOU'RE | E73: SPE | F73: {=IFERROR(VLOOKUP(E55,Dex!$B$3:$N101,13,FALSE),"")} -> 105 | G73: {=IFERROR(VLOOKUP(F73,Dex!$P$22:$Q$276,2,FALSE),"")} | J73: SPE | K73: {=IFERROR(VLOOKUP(J55,Dex!$B$3:$N101,13,FALSE),"")} -> 72 | L73: {=IFERROR(VLOOKUP(K73,Dex!$P$22:$Q$276,2,FALSE),"")} | O73: SPE | P73: {=IFERROR(VLOOKUP(O55,Dex!$B$3:$N101,13,FALSE),"")} -> 110 | Q73: {=IFERROR(VLOOKUP(P73,Dex!$P$22:$Q$276,2,FALSE),"")} | T73: SPE | U73: {=IFERROR(VLOOKUP(T55,Dex!$B$3:$N101,13,FALSE),"")} -> 50 | V73: {=IFERROR(VLOOKUP(U73,Dex!$P$22:$Q$276,2,FALSE),"")} | Y73: SPE | Z73: {=IFERROR(VLOOKUP(Y55,Dex!$B$3:$N101,13,FALSE),"")} -> 135 | AA73: {=IFERROR(VLOOKUP(Z73,Dex!$P$22:$Q$276,2,FALSE),"")} | AD73: SPE | AE73: {=IFERROR(VLOOKUP(AD55,Dex!$B$3:$N101,13,FALSE),"")} -> 135 | AF73: {=IFERROR(VLOOKUP(AE73,Dex!$P$22:$Q$276,2,FALSE),"")}
C74: LEVEL 68 ->> | E74: SPEED STAT: | H74: =ROUNDDOWN((ROUNDDOWN(((((2*F73+31)*68)/100+5)),0))*1.1,0) -> 184 | J74: SPEED STAT: | M74: =ROUNDDOWN((ROUNDDOWN(((((2*K73+31)*68)/100+5)),0))*1.1,0) -> 136 | O74: SPEED STAT: | R74: =ROUNDDOWN((ROUNDDOWN(((((2*P73+31)*68)/100+5)),0))*1.1,0) -> 192 | T74: SPEED STAT: | W74: =ROUNDDOWN((ROUNDDOWN(((((2*U73+31)*68)/100+5)),0))*1,0) -> 94 | Y74: SPEED STAT: | AB74: =ROUNDDOWN((ROUNDDOWN(((((2*Z73+31)*68)/100+5)),0))*1.1,0) -> 229 | AD74: SPEED STAT: | AG74: =ROUNDDOWN((ROUNDDOWN(((((2*AE73+31)*68)/100+5)),0))*1.1,0) -> 229
E77: BATTLE EFFECT: PERMANENT GRASSY TERRAIN + ERIKA'S GRASS TYPE MOVES DEAL 75% MORE DAMAGE IF- RESISTED AND IGNORE IMMUNITIES.
C78: =IMAGE("https://i.ibb.co/z204J6T/Erika.png") | E78: {=IFERROR(VLOOKUP(E79,Dex!$B$3:$G101,3,FALSE),"")} | J78: {=IFERROR(VLOOKUP(J79,Dex!$B$3:$G101,3,FALSE),"")} | O78: {=IFERROR(VLOOKUP(O79,Dex!$B$3:$G101,3,FALSE),"")} | T78: {=IFERROR(VLOOKUP(T79,Dex!$B$3:$G101,3,FALSE),"")} | Y78: {=IFERROR(VLOOKUP(Y79,Dex!$B$3:$G101,3,FALSE),"")} | AD78: {=IFERROR(VLOOKUP(AD79,Dex!$B$3:$G101,3,FALSE),"")}
C79: GYM LEADER ERIKA | E79: Meowscarada | J79: Serperior | O79: Hawlucha | T79: Kartana | Y79: Magearna | AD79: Ampharos-Mega
E80: Highest Lv | J80: Highest Lv | O80: Highest Lv | T80: Highest Lv | Y80: Highest Lv | AD80: Highest Lv
F81: {=IFERROR(VLOOKUP(E79,Dex!$B$3:$H101,5,FALSE),"")} | G81: {=IFERROR(VLOOKUP(E79,Dex!$B$3:$H101,7,FALSE),"")} | K81: {=IFERROR(VLOOKUP(J79,Dex!$B$3:$H101,5,FALSE),"")} | P81: {=IFERROR(VLOOKUP(O79,Dex!$B$3:$H101,5,FALSE),"")} | Q81: {=IFERROR(VLOOKUP(O79,Dex!$B$3:$H101,7,FALSE),"")} | U81: {=IFERROR(VLOOKUP(T79,Dex!$B$3:$H101,5,FALSE),"")} | V81: {=IFERROR(VLOOKUP(T79,Dex!$B$3:$H101,7,FALSE),"")} | Z81: {=IFERROR(VLOOKUP(Y79,Dex!$B$3:$H101,5,FALSE),"")} | AA81: {=IFERROR(VLOOKUP(Y79,Dex!$B$3:$H101,7,FALSE),"")} | AE81: {=IFERROR(VLOOKUP(AD79,Dex!$B$3:$H101,5,FALSE),"")} | AF81: {=IFERROR(VLOOKUP(AD79,Dex!$B$3:$H101,7,FALSE),"")}
E83: Jolly | J83: Timid | O83: Adamant | T83: Jolly | Y83: Bold | AD83: Modest
E84: Protean | J84: Contrary | O84: Unburden | T84: Beast Boost | Y84: Soul-Heart | AD84: Static Thick Fat (Mega)
E85: Life Orb | H85: =IMAGE("https://raw.githubusercontent.com/msikma/pokesprite/master/items/hold-item/life-orb.png",3) | J85: Focus Sash | M85: =IMAGE("https://raw.githubusercontent.com/msikma/pokesprite/master/items/hold-item/focus-sash.png",3) | O85: Grassy Seed | R85: =IMAGE("https://raw.githubusercontent.com/msikma/pokesprite/master/items/hold-item/grassy-seed.png",3) | T85: Life Orb | W85: =IMAGE("https://raw.githubusercontent.com/msikma/pokesprite/master/items/hold-item/life-orb.png",3) | Y85: Grassy Seed | AB85: =IMAGE("https://raw.githubusercontent.com/msikma/pokesprite/master/items/hold-item/grassy-seed.png",3) | AD85: Ampharosite | AG85: =IMAGE("https://raw.githubusercontent.com/msikma/pokesprite/master/items/mega-stone/ampharosite.png",3)
E86: Flower Trick | H86: =IMAGE("https://raw.githubusercontent.com/msikma/pokesprite/master/misc/types/gen8/grass.png",4,20,20) | J86: Leaf Storm | M86: =IMAGE("https://raw.githubusercontent.com/msikma/pokesprite/master/misc/types/gen8/grass.png",4,20,20) | O86: Swords Dance | R86: =IMAGE("https://raw.githubusercontent.com/msikma/pokesprite/master/misc/types/gen8/normal.png",4,20,20) | T86: Swords Dance | W86: =IMAGE("https://raw.githubusercontent.com/msikma/pokesprite/master/misc/types/gen8/normal.png",4,20,20) | Y86: Calm Mind | AB86: =IMAGE("https://raw.githubusercontent.com/msikma/pokesprite/master/misc/types/gen8/psychic.png",4,20,20) | AD86: Volt Switch | AG86: =IMAGE("https://raw.githubusercontent.com/msikma/pokesprite/master/misc/types/gen8/electric.png",4,20,20)
E87: Triple Axel | H87: =IMAGE("https://raw.githubusercontent.com/msikma/pokesprite/master/misc/types/gen8/ice.png",4,20,20) | J87: HP Fire | M87: =IMAGE("https://raw.githubusercontent.com/msikma/pokesprite/master/misc/types/gen8/fire.png",4,20,20) | O87: Close Combat | R87: =IMAGE("https://raw.githubusercontent.com/msikma/pokesprite/master/misc/types/gen8/fighting.png",4,20,20) | T87: Grassy Glide | W87: =IMAGE("https://raw.githubusercontent.com/msikma/pokesprite/master/misc/types/gen8/grass.png",4,20,20) | Y87: Draining Kiss | AB87: =IMAGE("https://raw.githubusercontent.com/msikma/pokesprite/master/misc/types/gen8/fairy.png",4,20,20) | AD87: Draco Barrage | AG87: =IMAGE("https://raw.githubusercontent.com/msikma/pokesprite/master/misc/types/gen8/dragon.png",4,20,20)
E88: Knock Off | H88: =IMAGE("https://raw.githubusercontent.com/msikma/pokesprite/master/misc/types/gen8/dark.png",4,20,20) | J88: Dragon Pulse | M88: =IMAGE("https://raw.githubusercontent.com/msikma/pokesprite/master/misc/types/gen8/dragon.png",4,20,20) | O88: Acrobatics | R88: =IMAGE("https://raw.githubusercontent.com/msikma/pokesprite/master/misc/types/gen8/flying.png",4,20,20) | T88: Cut | W88: =IMAGE("https://raw.githubusercontent.com/msikma/pokesprite/master/misc/types/gen8/steel.png",4,20,20) | Y88: Stored Power | AB88: =IMAGE("https://raw.githubusercontent.com/msikma/pokesprite/master/misc/types/gen8/psychic.png",4,20,20) | AD88: Signal Beam | AG88: =IMAGE("https://raw.githubusercontent.com/msikma/pokesprite/master/misc/types/gen8/bug.png",4,20,20)
E89: U-Turn | H89: =IMAGE("https://raw.githubusercontent.com/msikma/pokesprite/master/misc/types/gen8/bug.png",4,20,20) | J89: Knock Off | M89: =IMAGE("https://raw.githubusercontent.com/msikma/pokesprite/master/misc/types/gen8/dark.png",4,20,20) | O89: Stone Edge | R89: =IMAGE("https://raw.githubusercontent.com/msikma/pokesprite/master/misc/types/gen8/rock.png",4,20,20) | T89: Sacred Sword | W89: =IMAGE("https://raw.githubusercontent.com/msikma/pokesprite/master/misc/types/gen8/fighting.png",4,20,20) | Y89: Aura Sphere | AB89: =IMAGE("https://raw.githubusercontent.com/msikma/pokesprite/master/misc/types/gen8/fighting.png",4,20,20) | AD89: Focus Blast | AG89: =IMAGE("https://raw.githubusercontent.com/msikma/pokesprite/master/misc/types/gen8/fighting.png",4,20,20)
E91: BASE STATS | J91: BASE STATS | O91: BASE STATS | T91: BASE STATS | Y91: BASE STATS | AD91: BASE STATS
E92: HP | F92: {=IFERROR(VLOOKUP(E79,Dex!$B$3:$N101,8,FALSE),"")} -> 76 | G92: {=IFERROR(VLOOKUP(F92,Dex!$P$22:$Q$276,2,FALSE),"")} | J92: HP | K92: {=IFERROR(VLOOKUP(J79,Dex!$B$3:$N101,8,FALSE),"")} -> 75 | L92: {=IFERROR(VLOOKUP(K92,Dex!$P$22:$Q$276,2,FALSE),"")} | O92: HP | P92: {=IFERROR(VLOOKUP(O79,Dex!$B$3:$N101,8,FALSE),"")} -> 78 | Q92: {=IFERROR(VLOOKUP(P92,Dex!$P$22:$Q$276,2,FALSE),"")} | T92: HP | U92: {=IFERROR(VLOOKUP(T79,Dex!$B$3:$N101,8,FALSE),"")} -> 59 | V92: {=IFERROR(VLOOKUP(U92,Dex!$P$22:$Q$276,2,FALSE),"")} | Y92: HP | Z92: {=IFERROR(VLOOKUP(Y79,Dex!$B$3:$N101,8,FALSE),"")} -> 80 | AA92: {=IFERROR(VLOOKUP(Z92,Dex!$P$22:$Q$276,2,FALSE),"")} | AD92: HP | AE92: {=IFERROR(VLOOKUP(AD79,Dex!$B$3:$N101,8,FALSE),"")} -> 90 | AF92: {=IFERROR(VLOOKUP(AE92,Dex!$P$22:$Q$276,2,FALSE),"")}
E93: ATK | F93: {=IFERROR(VLOOKUP(E79,Dex!$B$3:$N101,9,FALSE),"")} -> 110 | G93: {=IFERROR(VLOOKUP(F93,Dex!$P$22:$Q$276,2,FALSE),"")} | J93: ATK | K93: {=IFERROR(VLOOKUP(J79,Dex!$B$3:$N101,9,FALSE),"")} -> 75 | L93: {=IFERROR(VLOOKUP(K93,Dex!$P$22:$Q$276,2,FALSE),"")} | O93: ATK | P93: {=IFERROR(VLOOKUP(O79,Dex!$B$3:$N101,9,FALSE),"")} -> 92 | Q93: {=IFERROR(VLOOKUP(P93,Dex!$P$22:$Q$276,2,FALSE),"")} | T93: ATK | U93: {=IFERROR(VLOOKUP(T79,Dex!$B$3:$N101,9,FALSE),"")} -> 181 | V93: {=IFERROR(VLOOKUP(U93,Dex!$P$22:$Q$276,2,FALSE),"")} | Y93: ATK | Z93: {=IFERROR(VLOOKUP(Y79,Dex!$B$3:$N101,9,FALSE),"")} -> 95 | AA93: {=IFERROR(VLOOKUP(Z93,Dex!$P$22:$Q$276,2,FALSE),"")} | AD93: ATK | AE93: {=IFERROR(VLOOKUP(AD79,Dex!$B$3:$N101,9,FALSE),"")} -> 95 | AF93: {=IFERROR(VLOOKUP(AE93,Dex!$P$22:$Q$276,2,FALSE),"")}
E94: DEF | F94: {=IFERROR(VLOOKUP(E79,Dex!$B$3:$N101,10,FALSE),"")} -> 70 | G94: {=IFERROR(VLOOKUP(F94,Dex!$P$22:$Q$276,2,FALSE),"")} | J94: DEF | K94: {=IFERROR(VLOOKUP(J79,Dex!$B$3:$N101,10,FALSE),"")} -> 95 | L94: {=IFERROR(VLOOKUP(K94,Dex!$P$22:$Q$276,2,FALSE),"")} | O94: DEF | P94: {=IFERROR(VLOOKUP(O79,Dex!$B$3:$N101,10,FALSE),"")} -> 75 | Q94: {=IFERROR(VLOOKUP(P94,Dex!$P$22:$Q$276,2,FALSE),"")} | T94: DEF | U94: {=IFERROR(VLOOKUP(T79,Dex!$B$3:$N101,10,FALSE),"")} -> 131 | V94: {=IFERROR(VLOOKUP(U94,Dex!$P$22:$Q$276,2,FALSE),"")} | Y94: DEF | Z94: {=IFERROR(VLOOKUP(Y79,Dex!$B$3:$N101,10,FALSE),"")} -> 115 | AA94: {=IFERROR(VLOOKUP(Z94,Dex!$P$22:$Q$276,2,FALSE),"")} | AD94: DEF | AE94: {=IFERROR(VLOOKUP(AD79,Dex!$B$3:$N101,10,FALSE),"")} -> 105 | AF94: {=IFERROR(VLOOKUP(AE94,Dex!$P$22:$Q$276,2,FALSE),"")}
E95: SPA | F95: {=IFERROR(VLOOKUP(E79,Dex!$B$3:$N101,11,FALSE),"")} -> 81 | G95: {=IFERROR(VLOOKUP(F95,Dex!$P$22:$Q$276,2,FALSE),"")} | J95: SPA | K95: {=IFERROR(VLOOKUP(J79,Dex!$B$3:$N101,11,FALSE),"")} -> 75 | L95: {=IFERROR(VLOOKUP(K95,Dex!$P$22:$Q$276,2,FALSE),"")} | O95: SPA | P95: {=IFERROR(VLOOKUP(O79,Dex!$B$3:$N101,11,FALSE),"")} -> 74 | Q95: {=IFERROR(VLOOKUP(P95,Dex!$P$22:$Q$276,2,FALSE),"")} | T95: SPA | U95: {=IFERROR(VLOOKUP(T79,Dex!$B$3:$N101,11,FALSE),"")} -> 59 | V95: {=IFERROR(VLOOKUP(U95,Dex!$P$22:$Q$276,2,FALSE),"")} | Y95: SPA | Z95: {=IFERROR(VLOOKUP(Y79,Dex!$B$3:$N101,11,FALSE),"")} -> 130 | AA95: {=IFERROR(VLOOKUP(Z95,Dex!$P$22:$Q$276,2,FALSE),"")} | AD95: SPA | AE95: {=IFERROR(VLOOKUP(AD79,Dex!$B$3:$N101,11,FALSE),"")} -> 165 | AF95: {=IFERROR(VLOOKUP(AE95,Dex!$P$22:$Q$276,2,FALSE),"")}
E96: SPD | F96: {=IFERROR(VLOOKUP(E79,Dex!$B$3:$N101,12,FALSE),"")} -> 70 | G96: {=IFERROR(VLOOKUP(F96,Dex!$P$22:$Q$276,2,FALSE),"")} | J96: SPD | K96: {=IFERROR(VLOOKUP(J79,Dex!$B$3:$N101,12,FALSE),"")} -> 95 | L96: {=IFERROR(VLOOKUP(K96,Dex!$P$22:$Q$276,2,FALSE),"")} | O96: SPD | P96: {=IFERROR(VLOOKUP(O79,Dex!$B$3:$N101,12,FALSE),"")} -> 63 | Q96: {=IFERROR(VLOOKUP(P96,Dex!$P$22:$Q$276,2,FALSE),"")} | T96: SPD | U96: {=IFERROR(VLOOKUP(T79,Dex!$B$3:$N101,12,FALSE),"")} -> 31 | V96: {=IFERROR(VLOOKUP(U96,Dex!$P$22:$Q$276,2,FALSE),"")} | Y96: SPD | Z96: {=IFERROR(VLOOKUP(Y79,Dex!$B$3:$N101,12,FALSE),"")} -> 115 | AA96: {=IFERROR(VLOOKUP(Z96,Dex!$P$22:$Q$276,2,FALSE),"")} | AD96: SPD | AE96: {=IFERROR(VLOOKUP(AD79,Dex!$B$3:$N101,12,FALSE),"")} -> 110 | AF96: {=IFERROR(VLOOKUP(AE96,Dex!$P$22:$Q$276,2,FALSE),"")}
C97: IF YOU'RE | E97: SPE | F97: {=IFERROR(VLOOKUP(E79,Dex!$B$3:$N101,13,FALSE),"")} -> 123 | G97: {=IFERROR(VLOOKUP(F97,Dex!$P$22:$Q$276,2,FALSE),"")} | J97: SPE | K97: {=IFERROR(VLOOKUP(J79,Dex!$B$3:$N101,13,FALSE),"")} -> 113 | L97: {=IFERROR(VLOOKUP(K97,Dex!$P$22:$Q$276,2,FALSE),"")} | O97: SPE | P97: {=IFERROR(VLOOKUP(O79,Dex!$B$3:$N101,13,FALSE),"")} -> 118 | Q97: {=IFERROR(VLOOKUP(P97,Dex!$P$22:$Q$276,2,FALSE),"")} | T97: SPE | U97: {=IFERROR(VLOOKUP(T79,Dex!$B$3:$N101,13,FALSE),"")} -> 109 | V97: {=IFERROR(VLOOKUP(U97,Dex!$P$22:$Q$276,2,FALSE),"")} | Y97: SPE | Z97: {=IFERROR(VLOOKUP(Y79,Dex!$B$3:$N101,13,FALSE),"")} -> 65 | AA97: {=IFERROR(VLOOKUP(Z97,Dex!$P$22:$Q$276,2,FALSE),"")} | AD97: SPE | AE97: {=IFERROR(VLOOKUP(AD79,Dex!$B$3:$N101,13,FALSE),"")} -> 45 | AF97: {=IFERROR(VLOOKUP(AE97,Dex!$P$22:$Q$276,2,FALSE),"")}
C98: LEVEL 68 ->> | E98: SPEED STAT: | H98: =ROUNDDOWN((ROUNDDOWN(((((2*F97+31)*68)/100+5)),0))*1.1,0) -> 212 | J98: SPEED STAT: | M98: =ROUNDDOWN((ROUNDDOWN(((((2*K97+31)*68)/100+5)),0))*1.1,0) -> 196 | O98: SPEED STAT: | R98: =ROUNDDOWN((ROUNDDOWN(((((2*P97+31)*68)/100+5)),0))*1,0) -> 186 | T98: SPEED STAT: | W98: =ROUNDDOWN((ROUNDDOWN(((((2*U97+31)*68)/100+5)),0))*1.1,0) -> 191 | Y98: SPEED STAT: | AB98: =ROUNDDOWN((ROUNDDOWN(((((2*Z97+31)*68)/100+5)),0))*1,0) -> 114 | AD98: SPEED STAT: | AG98: =ROUNDDOWN((ROUNDDOWN(((((2*AE97+31)*68)/100+5)),0))*1,0) -> 87
O99: UNBURDEN: | R99: =R98*2 -> 372

Sheet Johto Leaders
C3: =IMAGE("https://i.ibb.co/gMdPsRL/Falkner.png") | E3: {=IFERROR(VLOOKUP(E4,Dex!$B$3:$G252,3,FALSE),"")} | J3: {=IFERROR(VLOOKUP(J4,Dex!$B$3:$G252,3,FALSE),"")} | O3: {=IFERROR(VLOOKUP(O4,Dex!$B$3:$G252,3,FALSE),"")} | T3: {=IFERROR(VLOOKUP(T4,Dex!$B$3:$G252,3,FALSE),"")} | Y3: {=IFERROR(VLOOKUP(Y4,Dex!$B$3:$G252,3,FALSE),"")}
C4: PEWTER MUSEUM LEADER FALKNER | E4: Trumbeak | J4: Wattrel | O4: Yanma | T4: Squawkabilly-G | Y4: Farfetch'd-G
E5: Highest Lv -2 | J5: Highest Lv | O5: Highest Lv -3 | T5: Highest Lv -2 | Y5: Highest Lv -2
F6: {=IFERROR(VLOOKUP(E4,Dex!$B$3:$H252,5,FALSE),"")} | G6: {=IFERROR(VLOOKUP(E4,Dex!$B$3:$H252,7,FALSE),"")} | K6: {=IFERROR(VLOOKUP(J4,Dex!$B$3:$H252,5,FALSE),"")} | L6: {=IFERROR(VLOOKUP(J4,Dex!$B$3:$H252,7,FALSE),"")} | P6: {=IFERROR(VLOOKUP(O4,Dex!$B$3:$H252,5,FALSE),"")} | Q6: {=IFERROR(VLOOKUP(O4,Dex!$B$3:$H252,7,FALSE),"")} | U6: {=IFERROR(VLOOKUP(T4,Dex!$B$3:$H252,5,FALSE),"")} | V6: {=IFERROR(VLOOKUP(T4,Dex!$B$3:$H252,7,FALSE),"")} | Z6: {=IFERROR(VLOOKUP(Y4,Dex!$B$3:$H252,5,FALSE),"")}
E8: Bashful | J8: Modest | O8: Bashful | T8: Bashful | Y8: Bashful
E9: Skill Link | J9: Volt Absorb | O9: Speed Boost | T9: Hustle | Y9: Scrappy
E10: Lum Berry | H10: =IMAGE("https://raw.githubusercontent.com/msikma/pokesprite/master/items/berry/lum.png",3) | J10: Berry Juice | M10: =IMAGE("https://raw.githubusercontent.com/msikma/pokesprite/master/items/medicine/berry-juice.png",3) | O10: Lum Berry | R10: =IMAGE("https://raw.githubusercontent.com/msikma/pokesprite/master/items/berry/lum.png",3) | T10: Muscle Band | W10: =IMAGE("https://raw.githubusercontent.com/msikma/pokesprite/master/items/hold-item/muscle-band.png",3) | Y10: Leek | AB10: =IMAGE("https://raw.githubusercontent.com/msikma/pokesprite/master/items/curry-ingredient/large-leek.png",3)
E11: Flame Charge | H11: =IMAGE("https://raw.githubusercontent.com/msikma/pokesprite/master/misc/types/gen8/fire.png",4,20,20) | J11: Volt Switch | M11: =IMAGE("https://raw.githubusercontent.com/msikma/pokesprite/master/misc/types/gen8/electric.png",4,20,20) | O11: Mega Drain | R11: =IMAGE("https://raw.githubusercontent.com/msikma/pokesprite/master/misc/types/gen8/grass.png",4,20,20) | T11: Aerial Ace | W11: =IMAGE("https://raw.githubusercontent.com/msikma/pokesprite/master/misc/types/gen8/flying.png",4,20,20) | Y11: Rock Smash | AB11: =IMAGE("https://raw.githubusercontent.com/msikma/pokesprite/master/misc/types/gen8/fighting.png",4,20,20)
E12: Pluck | H12: =IMAGE("https://raw.githubusercontent.com/msikma/pokesprite/master/misc/types/gen8/flying.png",4,20,20) | J12: Air Slash | M12: =IMAGE("https://raw.githubusercontent.com/msikma/pokesprite/master/misc/types/gen8/flying.png",4,20,20) | O12: Ancient Power | R12: =IMAGE("https://raw.githubusercontent.com/msikma/pokesprite/master/misc/types/gen8/rock.png",4,20,20) | T12: Quick Attack | W12: =IMAGE("https://raw.githubusercontent.com/msikma/pokesprite/master/misc/types/gen8/normal.png",4,20,20) | Y12: Slam | AB12: =IMAGE("https://raw.githubusercontent.com/msikma/pokesprite/master/misc/types/gen8/normal.png",4,20,20)
E13: Bullet Seed | H13: =IMAGE("https://raw.githubusercontent.com/msikma/pokesprite/master/misc/types/gen8/grass.png",4,20,20) | J13: HP Ground | M13: =IMAGE("https://raw.githubusercontent.com/msikma/pokesprite/master/misc/types/gen8/ground.png",4,20,20) | O13: HP Bug | R13: =IMAGE("https://raw.githubusercontent.com/msikma/pokesprite/master/misc/types/gen8/bug.png",4,20,20) | T13: Reversal | W13: =IMAGE("https://raw.githubusercontent.com/msikma/pokesprite/master/misc/types/gen8/fighting.png",4,20,20) | Y13: Brutal Swing | AB13: =IMAGE("https://raw.githubusercontent.com/msikma/pokesprite/master/misc/types/gen8/dark.png",4,20,20)
E14: Sleep Talk | H14: =IMAGE("https://raw.githubusercontent.com/msikma/pokesprite/master/misc/types/gen8/normal.png",4,20,20) | J14: Sleep Talk | M14: =IMAGE("https://raw.githubusercontent.com/msikma/pokesprite/master/misc/types/gen8/normal.png",4,20,20) | O14: Air Cutter | R14: =IMAGE("https://raw.githubusercontent.com/msikma/pokesprite/master/misc/types/gen8/flying.png",4,20,20) | T14: Parting Shot | W14: =IMAGE("https://raw.githubusercontent.com/msikma/pokesprite/master/misc/types/gen8/dark.png",4,20,20) | Y14: Roost | AB14: =IMAGE("https://raw.githubusercontent.com/msikma/pokesprite/master/misc/types/gen8/flying.png",4,20,20)
E16: BASE STATS | J16: BASE STATS | O16: BASE STATS | T16: BASE STATS | Y16: BASE STATS
E17: HP | F17: {=IFERROR(VLOOKUP(E4,Dex!$B$3:$N252,8,FALSE),"")} -> 55 | G17: {=IFERROR(VLOOKUP(F17,Dex!$P$22:$Q$276,2,FALSE),"")} | J17: HP | K17: {=IFERROR(VLOOKUP(J4,Dex!$B$3:$N252,8,FALSE),"")} -> 40 | L17: {=IFERROR(VLOOKUP(K17,Dex!$P$22:$Q$276,2,FALSE),"")} | O17: HP | P17: {=IFERROR(VLOOKUP(O4,Dex!$B$3:$N252,8,FALSE),"")} -> 65 | Q17: {=IFERROR(VLOOKUP(P17,Dex!$P$22:$Q$276,2,FALSE),"")} | T17: HP | U17: {=IFERROR(VLOOKUP(T4,Dex!$B$3:$N252,8,FALSE),"")} -> 82 | V17: {=IFERROR(VLOOKUP(U17,Dex!$P$22:$Q$276,2,FALSE),"")} | Y17: HP | Z17: {=IFERROR(VLOOKUP(Y4,Dex!$B$3:$N252,8,FALSE),"")} -> 52 | AA17: {=IFERROR(VLOOKUP(Z17,Dex!$P$22:$Q$276,2,FALSE),"")}
E18: ATK | F18: {=IFERROR(VLOOKUP(E4,Dex!$B$3:$N252,9,FALSE),"")} -> 85 | G18: {=IFERROR(VLOOKUP(F18,Dex!$P$22:$Q$276,2,FALSE),"")} | J18: ATK | K18: {=IFERROR(VLOOKUP(J4,Dex!$B$3:$N252,9,FALSE),"")} -> 40 | L18: {=IFERROR(VLOOKUP(K18,Dex!$P$22:$Q$276,2,FALSE),"")} | O18: ATK | P18: {=IFERROR(VLOOKUP(O4,Dex!$B$3:$N252,9,FALSE),"")} -> 65 | Q18: {=IFERROR(VLOOKUP(P18,Dex!$P$22:$Q$276,2,FALSE),"")} | T18: ATK | U18: {=IFERROR(VLOOKUP(T4,Dex!$B$3:$N252,9,FALSE),"")} -> 96 | V18: {=IFERROR(VLOOKUP(U18,Dex!$P$22:$Q$276,2,FALSE),"")} | Y18: ATK | Z18: {=IFERROR(VLOOKUP(Y4,Dex!$B$3:$N252,9,FALSE),"")} -> 95 | AA18: {=IFERROR(VLOOKUP(Z18,Dex!$P$22:$Q$276,2,FALSE),"")}
E19: DEF | F19: {=IFERROR(VLOOKUP(E4,Dex!$B$3:$N252,10,FALSE),"")} -> 50 | G19: {=IFERROR(VLOOKUP(F19,Dex!$P$22:$Q$276,2,FALSE),"")} | J19: DEF | K19: {=IFERROR(VLOOKUP(J4,Dex!$B$3:$N252,10,FALSE),"")} -> 35 | L19: {=IFERROR(VLOOKUP(K19,Dex!$P$22:$Q$276,2,FALSE),"")} | O19: DEF | P19: {=IFERROR(VLOOKUP(O4,Dex!$B$3:$N252,10,FALSE),"")} -> 45 | Q19: {=IFERROR(VLOOKUP(P19,Dex!$P$22:$Q$276,2,FALSE),"")} | T19: DEF | U19: {=IFERROR(VLOOKUP(T4,Dex!$B$3:$N252,10,FALSE),"")} -> 51 | V19: {=IFERROR(VLOOKUP(U19,Dex!$P$22:$Q$276,2,FALSE),"")} | Y19: DEF | Z19: {=IFERROR(VLOOKUP(Y4,Dex!$B$3:$N252,10,FALSE),"")} -> 55 | AA19: {=IFERROR(VLOOKUP(Z19,Dex!$P$22:$Q$276,2,FALSE),"")}
E20: SPA | F20: {=IFERROR(VLOOKUP(E4,Dex!$B$3:$N252,11,FALSE),"")} -> 40 | G20: {=IFERROR(VLOOKUP(F20,Dex!$P$22:$Q$276,2,FALSE),"")} | J20: SPA | K20: {=IFERROR(VLOOKUP(J4,Dex!$B$3:$N252,11,FALSE),"")} -> 55 | L20: {=IFERROR(VLOOKUP(K20,Dex!$P$22:$Q$276,2,FALSE),"")} | O20: SPA | P20: {=IFERROR(VLOOKUP(O4,Dex!$B$3:$N252,11,FALSE),"")} -> 75 | Q20: {=IFERROR(VLOOKUP(P20,Dex!$P$22:$Q$276,2,FALSE),"")} | T20: SPA | U20: {=IFERROR(VLOOKUP(T4,Dex!$B$3:$N252,11,FALSE),"")} -> 45 | V20: {=IFERROR(VLOOKUP(U20,Dex!$P$22:$Q$276,2,FALSE),"")} | Y20: SPA | Z20: {=IFERROR(VLOOKUP(Y4,Dex!$B$3:$N252,11,FALSE),"")} -> 58 | AA20: {=IFERROR(VLOOKUP(Z20,Dex!$P$22:$Q$276,2,FALSE),"")}
E21: SPD | F21: {=IFERROR(VLOOKUP(E4,Dex!$B$3:$N252,12,FALSE),"")} -> 50 | G21: {=IFERROR(VLOOKUP(F21,Dex!$P$22:$Q$276,2,FALSE),"")} | J21: SPD | K21: {=IFERROR(VLOOKUP(J4,Dex!$B$3:$N252,12,FALSE),"")} -> 40 | L21: {=IFERROR(VLOOKUP(K21,Dex!$P$22:$Q$276,2,FALSE),"")} | O21: SPD | P21: {=IFERROR(VLOOKUP(O4,Dex!$B$3:$N252,12,FALSE),"")} -> 45 | Q21: {=IFERROR(VLOOKUP(P21,Dex!$P$22:$Q$276,2,FALSE),"")} | T21: SPD | U21: {=IFERROR(VLOOKUP(T4,Dex!$B$3:$N252,12,FALSE),"")} -> 51 | V21: {=IFERROR(VLOOKUP(U21,Dex!$P$22:$Q$276,2,FALSE),"")} | Y21: SPD | Z21: {=IFERROR(VLOOKUP(Y4,Dex!$B$3:$N252,12,FALSE),"")} -> 62 | AA21: {=IFERROR(VLOOKUP(Z21,Dex!$P$22:$Q$276,2,FALSE),"")}
C22: IF YOU'RE | E22: SPE | F22: {=IFERROR(VLOOKUP(E4,Dex!$B$3:$N252,13,FALSE),"")} -> 75 | G22: {=IFERROR(VLOOKUP(F22,Dex!$P$22:$Q$276,2,FALSE),"")} | J22: SPE | K22: {=IFERROR(VLOOKUP(J4,Dex!$B$3:$N252,13,FALSE),"")} -> 70 | L22: {=IFERROR(VLOOKUP(K22,Dex!$P$22:$Q$276,2,FALSE),"")} | O22: SPE | P22: {=IFERROR(VLOOKUP(O4,Dex!$B$3:$N252,13,FALSE),"")} -> 95 | Q22: {=IFERROR(VLOOKUP(P22,Dex!$P$22:$Q$276,2,FALSE),"")} | T22: SPE | U22: {=IFERROR(VLOOKUP(T4,Dex!$B$3:$N252,13,FALSE),"")} -> 92 | V22: {=IFERROR(VLOOKUP(U22,Dex!$P$22:$Q$276,2,FALSE),"")} | Y22: SPE | Z22: {=IFERROR(VLOOKUP(Y4,Dex!$B$3:$N252,13,FALSE),"")} -> 55 | AA22: {=IFERROR(VLOOKUP(Z22,Dex!$P$22:$Q$276,2,FALSE),"")}
C23: LEVEL 16 ->> | E23: SPEED STAT: | H23: =ROUNDDOWN((ROUNDDOWN(((((2*F22+31)*14)/100+5)),0))*1,0) -> 30 | J23: SPEED STAT: | M23: =ROUNDDOWN((ROUNDDOWN(((((2*K22+31)*16)/100+5)),0))*1,0) -> 32 | O23: SPEED STAT: | R23: =ROUNDDOWN((ROUNDDOWN(((((2*P22+31)*13)/100+5)),0))*1,0) -> 33 | T23: SPEED STAT: | W23: =ROUNDDOWN((ROUNDDOWN(((((2*U22+31)*14)/100+5)),0))*1,0) -> 35 | Y23: SPEED STAT: | AB23: =ROUNDDOWN((ROUNDDOWN(((((2*Z22+31)*14)/100+5)),0))*1,0) -> 24
O24: 1 S. BOOST: | R24: =ROUNDDOWN(R23*1.5,0) -> 49 | Y24: LEEK: | AB24: =ROUNDDOWN(AB23*1.5,0) -> 36
E27: (!) PRE LT. SURGE
E29: BATTLE EFFECT: PERMANENT RAIN
C30: =IMAGE("https://i.ibb.co/Lrh0bjy/Bugsy.png") | E30: {=IFERROR(VLOOKUP(E31,Dex!$B$3:$G252,3,FALSE),"")} | J30: {=IFERROR(VLOOKUP(J31,Dex!$B$3:$G252,3,FALSE),"")} | O30: {=IFERROR(VLOOKUP(O31,Dex!$B$3:$G252,3,FALSE),"")} | T30: {=IFERROR(VLOOKUP(T31,Dex!$B$3:$G252,3,FALSE),"")} | Y30: {=IFERROR(VLOOKUP(Y31,Dex!$B$3:$G252,3,FALSE),"")} | AD30: {=IFERROR(VLOOKUP(AD31,Dex!$B$3:$G252,3,FALSE),"")}
C31: ROUTE 25 LEADER BUGSY | E31: Kleavor | J31: Scizor | O31: Scyther | T31: Lokix | Y31: Araquanid | AD31: Vikavolt
E32: Highest Lv | J32: Highest Lv | O32: Highest Lv | T32: Highest Lv | Y32: Highest Lv | AD32: Highest Lv
F33: {=IFERROR(VLOOKUP(E31,Dex!$B$3:$H252,5,FALSE),"")} | G33: {=IFERROR(VLOOKUP(E31,Dex!$B$3:$H252,7,FALSE),"")} | K33: {=IFERROR(VLOOKUP(J31,Dex!$B$3:$H252,5,FALSE),"")} | L33: {=IFERROR(VLOOKUP(J31,Dex!$B$3:$H252,7,FALSE),"")} | P33: {=IFERROR(VLOOKUP(O31,Dex!$B$3:$H252,5,FALSE),"")} | Q33: {=IFERROR(VLOOKUP(O31,Dex!$B$3:$H252,7,FALSE),"")} | U33: {=IFERROR(VLOOKUP(T31,Dex!$B$3:$H252,5,FALSE),"")} | V33: {=IFERROR(VLOOKUP(T31,Dex!$B$3:$H252,7,FALSE),"")} | Z33: {=IFERROR(VLOOKUP(Y31,Dex!$B$3:$H252,5,FALSE),"")} | AA33: {=IFERROR(VLOOKUP(Y31,Dex!$B$3:$H252,7,FALSE),"")} | AE33: {=IFERROR(VLOOKUP(AD31,Dex!$B$3:$H252,5,FALSE),"")} | AF33: {=IFERROR(VLOOKUP(AD31,Dex!$B$3:$H252,7,FALSE),"")}
E35: Jolly | J35: Careful | O35: Adamant | T35: Jolly | Y35: Impish | AD35: Modest
E36: Sharpness | J36: Technician | O36: Technician | T36: Tinted Lens | Y36: Water Bubble | AD36: Levitate
E37: Focus Sash | H37: =IMAGE("https://raw.githubusercontent.com/msikma/pokesprite/master/items/hold-item/focus-sash.png",3) | J37: Assault Vest | M37: =IMAGE("https://raw.githubusercontent.com/msikma/pokesprite/master/items/hold-item/assault-vest.png",3) | O37: Muscle Band | R37: =IMAGE("https://raw.githubusercontent.com/msikma/pokesprite/master/items/hold-item/muscle-band.png",3) | T37: Silver Powder | W37: =IMAGE("https://raw.githubusercontent.com/msikma/pokesprite/master/items/hold-item/silver-powder.png",3) | Y37: Leftovers | AB37: =IMAGE("https://raw.githubusercontent.com/msikma/pokesprite/master/items/hold-item/leftovers.png",3) | AD37: Magnet | AG37: =IMAGE("https://raw.githubusercontent.com/msikma/pokesprite/master/items/hold-item/magnet.png",3)
E38: X-Scissor | H38: =IMAGE("https://raw.githubusercontent.com/msikma/pokesprite/master/misc/types/gen8/bug.png",4,20,20) | J38: Bullet Punch | M38: =IMAGE("https://raw.githubusercontent.com/msikma/pokesprite/master/misc/types/gen8/steel.png",4,20,20) | O38: Swords Dance | R38: =IMAGE("https://raw.githubusercontent.com/msikma/pokesprite/master/misc/types/gen8/normal.png",4,20,20) | T38: U-Turn | W38: =IMAGE("https://raw.githubusercontent.com/msikma/pokesprite/master/misc/types/gen8/bug.png",4,20,20) | Y38: Bug Bite | AB38: =IMAGE("https://raw.githubusercontent.com/msikma/pokesprite/master/misc/types/gen8/bug.png",4,20,20) | AD38: Volt Switch | AG38: =IMAGE("https://raw.githubusercontent.com/msikma/pokesprite/master/misc/types/gen8/electric.png",4,20,20)
E39: U-Turn | H39: =IMAGE("https://raw.githubusercontent.com/msikma/pokesprite/master/misc/types/gen8/bug.png",4,20,20) | J39: Aerial Ace | M39: =IMAGE("https://raw.githubusercontent.com/msikma/pokesprite/master/misc/types/gen8/flying.png",4,20,20) | O39: Aerial Ace | R39: =IMAGE("https://raw.githubusercontent.com/msikma/pokesprite/master/misc/types/gen8/flying.png",4,20,20) | T39: First Impress. | W39: =IMAGE("https://raw.githubusercontent.com/msikma/pokesprite/master/misc/types/gen8/bug.png",4,20,20) | Y39: Waterfall | AB39: =IMAGE("https://raw.githubusercontent.com/msikma/pokesprite/master/misc/types/gen8/water.png",4,20,20) | AD39: Signal Beam | AG39: =IMAGE("https://raw.githubusercontent.com/msikma/pokesprite/master/misc/types/gen8/bug.png",4,20,20)
E40: Stone Axe | H40: =IMAGE("https://raw.githubusercontent.com/msikma/pokesprite/master/misc/types/gen8/rock.png",4,20,20) | J40: U-Turn | M40: =IMAGE("https://raw.githubusercontent.com/msikma/pokesprite/master/misc/types/gen8/bug.png",4,20,20) | O40: U-Turn | R40: =IMAGE("https://raw.githubusercontent.com/msikma/pokesprite/master/misc/types/gen8/bug.png",4,20,20) | T40: Sucker Punch | W40: =IMAGE("https://raw.githubusercontent.com/msikma/pokesprite/master/misc/types/gen8/dark.png",4,20,20) | Y40: Protect | AB40: =IMAGE("https://raw.githubusercontent.com/msikma/pokesprite/master/misc/types/gen8/normal.png",4,20,20) | AD40: Roost | AG40: =IMAGE("https://raw.githubusercontent.com/msikma/pokesprite/master/misc/types/gen8/flying.png",4,20,20)
E41: Night Slash | H41: =IMAGE("https://raw.githubusercontent.com/msikma/pokesprite/master/misc/types/gen8/dark.png",4,20,20) | J41: Rock Smash | M41: =IMAGE("https://raw.githubusercontent.com/msikma/pokesprite/master/misc/types/gen8/fighting.png",4,20,20) | O41: Rock Smash | R41: =IMAGE("https://raw.githubusercontent.com/msikma/pokesprite/master/misc/types/gen8/fighting.png",4,20,20) | T41: Knock Off | W41: =IMAGE("https://raw.githubusercontent.com/msikma/pokesprite/master/misc/types/gen8/dark.png",4,20,20) | Y41: Toxic | AB41: =IMAGE("https://raw.githubusercontent.com/msikma/pokesprite/master/misc/types/gen8/poison.png",4,20,20) | AD41: HP Grass | AG41: =Image("https://raw.githubusercontent.com/msikma/pokesprite/master/misc/types/gen8/grass.png")
E43: BASE STATS | J43: BASE STATS | O43: BASE STATS | T43: BASE STATS | Y43: BASE STATS | AD43: BASE STATS
E44: HP | F44: {=IFERROR(VLOOKUP(E31,Dex!$B$3:$N252,8,FALSE),"")} -> 85 | G44: {=IFERROR(VLOOKUP(F44,Dex!$P$22:$Q$276,2,FALSE),"")} | J44: HP | K44: {=IFERROR(VLOOKUP(J31,Dex!$B$3:$N252,8,FALSE),"")} -> 70 | L44: {=IFERROR(VLOOKUP(K44,Dex!$P$22:$Q$276,2,FALSE),"")} | O44: HP | P44: {=IFERROR(VLOOKUP(O31,Dex!$B$3:$N252,8,FALSE),"")} -> 70 | Q44: {=IFERROR(VLOOKUP(P44,Dex!$P$22:$Q$276,2,FALSE),"")} | T44: HP | U44: {=IFERROR(VLOOKUP(T31,Dex!$B$3:$N252,8,FALSE),"")} -> 71 | V44: {=IFERROR(VLOOKUP(U44,Dex!$P$22:$Q$276,2,FALSE),"")} | Y44: HP | Z44: {=IFERROR(VLOOKUP(Y31,Dex!$B$3:$N252,8,FALSE),"")} -> 68 | AA44: {=IFERROR(VLOOKUP(Z44,Dex!$P$22:$Q$276,2,FALSE),"")} | AD44: HP | AE44: {=IFERROR(VLOOKUP(AD31,Dex!$B$3:$N252,8,FALSE),"")} -> 77 | AF44: {=IFERROR(VLOOKUP(AE44,Dex!$P$22:$Q$276,2,FALSE),"")}
E45: ATK | F45: {=IFERROR(VLOOKUP(E31,Dex!$B$3:$N252,9,FALSE),"")} -> 135 | G45: {=IFERROR(VLOOKUP(F45,Dex!$P$22:$Q$276,2,FALSE),"")} | J45: ATK | K45: {=IFERROR(VLOOKUP(J31,Dex!$B$3:$N252,9,FALSE),"")} -> 130 | L45: {=IFERROR(VLOOKUP(K45,Dex!$P$22:$Q$276,2,FALSE),"")} | O45: ATK | P45: {=IFERROR(VLOOKUP(O31,Dex!$B$3:$N252,9,FALSE),"")} -> 110 | Q45: {=IFERROR(VLOOKUP(P45,Dex!$P$22:$Q$276,2,FALSE),"")} | T45: ATK | U45: {=IFERROR(VLOOKUP(T31,Dex!$B$3:$N252,9,FALSE),"")} -> 102 | V45: {=IFERROR(VLOOKUP(U45,Dex!$P$22:$Q$276,2,FALSE),"")} | Y45: ATK | Z45: {=IFERROR(VLOOKUP(Y31,Dex!$B$3:$N252,9,FALSE),"")} -> 70 | AA45: {=IFERROR(VLOOKUP(Z45,Dex!$P$22:$Q$276,2,FALSE),"")} | AD45: ATK | AE45: {=IFERROR(VLOOKUP(AD31,Dex!$B$3:$N252,9,FALSE),"")} -> 70 | AF45: {=IFERROR(VLOOKUP(AE45,Dex!$P$22:$Q$276,2,FALSE),"")}
E46: DEF | F46: {=IFERROR(VLOOKUP(E31,Dex!$B$3:$N252,10,FALSE),"")} -> 95 | G46: {=IFERROR(VLOOKUP(F46,Dex!$P$22:$Q$276,2,FALSE),"")} | J46: DEF | K46: {=IFERROR(VLOOKUP(J31,Dex!$B$3:$N252,10,FALSE),"")} -> 100 | L46: {=IFERROR(VLOOKUP(K46,Dex!$P$22:$Q$276,2,FALSE),"")} | O46: DEF | P46: {=IFERROR(VLOOKUP(O31,Dex!$B$3:$N252,10,FALSE),"")} -> 80 | Q46: {=IFERROR(VLOOKUP(P46,Dex!$P$22:$Q$276,2,FALSE),"")} | T46: DEF | U46: {=IFERROR(VLOOKUP(T31,Dex!$B$3:$N252,10,FALSE),"")} -> 78 | V46: {=IFERROR(VLOOKUP(U46,Dex!$P$22:$Q$276,2,FALSE),"")} | Y46: DEF | Z46: {=IFERROR(VLOOKUP(Y31,Dex!$B$3:$N252,10,FALSE),"")} -> 92 | AA46: {=IFERROR(VLOOKUP(Z46,Dex!$P$22:$Q$276,2,FALSE),"")} | AD46: DEF | AE46: {=IFERROR(VLOOKUP(AD31,Dex!$B$3:$N252,10,FALSE),"")} -> 90 | AF46: {=IFERROR(VLOOKUP(AE46,Dex!$P$22:$Q$276,2,FALSE),"")}
E47: SPA | F47: {=IFERROR(VLOOKUP(E31,Dex!$B$3:$N252,11,FALSE),"")} -> 30 | G47: {=IFERROR(VLOOKUP(F47,Dex!$P$22:$Q$276,2,FALSE),"")} | J47: SPA | K47: {=IFERROR(VLOOKUP(J31,Dex!$B$3:$N252,11,FALSE),"")} -> 55 | L47: {=IFERROR(VLOOKUP(K47,Dex!$P$22:$Q$276,2,FALSE),"")} | O47: SPA | P47: {=IFERROR(VLOOKUP(O31,Dex!$B$3:$N252,11,FALSE),"")} -> 55 | Q47: {=IFERROR(VLOOKUP(P47,Dex!$P$22:$Q$276,2,FALSE),"")} | T47: SPA | U47: {=IFERROR(VLOOKUP(T31,Dex!$B$3:$N252,11,FALSE),"")} -> 52 | V47: {=IFERROR(VLOOKUP(U47,Dex!$P$22:$Q$276,2,FALSE),"")} | Y47: SPA | Z47: {=IFERROR(VLOOKUP(Y31,Dex!$B$3:$N252,11,FALSE),"")} -> 50 | AA47: {=IFERROR(VLOOKUP(Z47,Dex!$P$22:$Q$276,2,FALSE),"")} | AD47: SPA | AE47: {=IFERROR(VLOOKUP(AD31,Dex!$B$3:$N252,11,FALSE),"")} -> 145 | AF47: {=IFERROR(VLOOKUP(AE47,Dex!$P$22:$Q$276,2,FALSE),"")}
E48: SPD | F48: {=IFERROR(VLOOKUP(E31,Dex!$B$3:$N252,12,FALSE),"")} -> 70 | G48: {=IFERROR(VLOOKUP(F48,Dex!$P$22:$Q$276,2,FALSE),"")} | J48: SPD | K48: {=IFERROR(VLOOKUP(J31,Dex!$B$3:$N252,12,FALSE),"")} -> 80 | L48: {=IFERROR(VLOOKUP(K48,Dex!$P$22:$Q$276,2,FALSE),"")} | O48: SPD | P48: {=IFERROR(VLOOKUP(O31,Dex!$B$3:$N252,12,FALSE),"")} -> 80 | Q48: {=IFERROR(VLOOKUP(P48,Dex!$P$22:$Q$276,2,FALSE),"")} | T48: SPD | U48: {=IFERROR(VLOOKUP(T31,Dex!$B$3:$N252,12,FALSE),"")} -> 55 | V48: {=IFERROR(VLOOKUP(U48,Dex!$P$22:$Q$276,2,FALSE),"")} | Y48: SPD | Z48: {=IFERROR(VLOOKUP(Y31,Dex!$B$3:$N252,12,FALSE),"")} -> 132 | AA48: {=IFERROR(VLOOKUP(Z48,Dex!$P$22:$Q$276,2,FALSE),"")} | AD48: SPD | AE48: {=IFERROR(VLOOKUP(AD31,Dex!$B$3:$N252,12,FALSE),"")} -> 75 | AF48: {=IFERROR(VLOOKUP(AE48,Dex!$P$22:$Q$276,2,FALSE),"")}
C49: IF YOU'RE | E49: SPE | F49: {=IFERROR(VLOOKUP(E31,Dex!$B$3:$N252,13,FALSE),"")} -> 85 | G49: {=IFERROR(VLOOKUP(F49,Dex!$P$22:$Q$276,2,FALSE),"")} | J49: SPE | K49: {=IFERROR(VLOOKUP(J31,Dex!$B$3:$N252,13,FALSE),"")} -> 65 | L49: {=IFERROR(VLOOKUP(K49,Dex!$P$22:$Q$276,2,FALSE),"")} | O49: SPE | P49: {=IFERROR(VLOOKUP(O31,Dex!$B$3:$N252,13,FALSE),"")} -> 105 | Q49: {=IFERROR(VLOOKUP(P49,Dex!$P$22:$Q$276,2,FALSE),"")} | T49: SPE | U49: {=IFERROR(VLOOKUP(T31,Dex!$B$3:$N252,13,FALSE),"")} -> 92 | V49: {=IFERROR(VLOOKUP(U49,Dex!$P$22:$Q$276,2,FALSE),"")} | Y49: SPE | Z49: {=IFERROR(VLOOKUP(Y31,Dex!$B$3:$N252,13,FALSE),"")} -> 42 | AA49: {=IFERROR(VLOOKUP(Z49,Dex!$P$22:$Q$276,2,FALSE),"")} | AD49: SPE | AE49: {=IFERROR(VLOOKUP(AD31,Dex!$B$3:$N252,13,FALSE),"")} -> 43 | AF49: {=IFERROR(VLOOKUP(AE49,Dex!$P$22:$Q$276,2,FALSE),"")}
C50: LEVEL 28 ->> | E50: SPEED STAT: | H50: =ROUNDDOWN((ROUNDDOWN(((((2*F49+31)*28)/100+5)),0))*1.1,0) -> 67 | J50: SPEED STAT: | M50: =ROUNDDOWN((ROUNDDOWN(((((2*K49+31)*28)/100+5)),0))*1,0) -> 50 | O50: SPEED STAT: | R50: =ROUNDDOWN((ROUNDDOWN(((((2*P49+31)*28)/100+5)),0))*1,0) -> 72 | T50: SPEED STAT: | W50: =ROUNDDOWN((ROUNDDOWN(((((2*U49+31)*28)/100+5)),0))*1.1,0) -> 71 | Y50: SPEED STAT: | AB50: =ROUNDDOWN((ROUNDDOWN(((((2*Z49+31)*28)/100+5)),0))*1,0) -> 37 | AD50: SPEED STAT: | AG50: =ROUNDDOWN((ROUNDDOWN(((((2*AE49+31)*28)/100+5)),0))*1,0) -> 37
E52: (!) POST LT. SURGE
E54: BATTLE EFFECT: PERMANENT RAIN
C55: =IMAGE("https://i.ibb.co/Lrh0bjy/Bugsy.png") | E55: {=IFERROR(VLOOKUP(E56,Dex!$B$3:$G252,3,FALSE),"")} | J55: {=IFERROR(VLOOKUP(J56,Dex!$B$3:$G252,3,FALSE),"")} | O55: {=IFERROR(VLOOKUP(O56,Dex!$B$3:$G252,3,FALSE),"")} | T55: {=IFERROR(VLOOKUP(T56,Dex!$B$3:$G252,3,FALSE),"")} | Y55: {=IFERROR(VLOOKUP(Y56,Dex!$B$3:$G252,3,FALSE),"")} | AD55: {=IFERROR(VLOOKUP(AD56,Dex!$B$3:$G252,3,FALSE),"")}
C56: ROUTE 25 LEADER BUGSY | E56: Kleavor | J56: Scizor-Mega | O56: Scyther | T56: Lokix | Y56: Araquanid | AD56: Vikavolt
E57: Highest Lv | J57: Highest Lv | O57: Highest Lv | T57: Highest Lv | Y57: Highest Lv | AD57: Highest Lv
F58: {=IFERROR(VLOOKUP(E56,Dex!$B$3:$H252,5,FALSE),"")} | G58: {=IFERROR(VLOOKUP(E56,Dex!$B$3:$H252,7,FALSE),"")} | K58: {=IFERROR(VLOOKUP(J56,Dex!$B$3:$H252,5,FALSE),"")} | L58: {=IFERROR(VLOOKUP(J56,Dex!$B$3:$H252,7,FALSE),"")} | P58: {=IFERROR(VLOOKUP(O56,Dex!$B$3:$H252,5,FALSE),"")} | Q58: {=IFERROR(VLOOKUP(O56,Dex!$B$3:$H252,7,FALSE),"")} | U58: {=IFERROR(VLOOKUP(T56,Dex!$B$3:$H252,5,FALSE),"")} | V58: {=IFERROR(VLOOKUP(T56,Dex!$B$3:$H252,7,FALSE),"")} | Z58: {=IFERROR(VLOOKUP(Y56,Dex!$B$3:$H252,5,FALSE),"")} | AA58: {=IFERROR(VLOOKUP(Y56,Dex!$B$3:$H252,7,FALSE),"")} | AE58: {=IFERROR(VLOOKUP(AD56,Dex!$B$3:$H252,5,FALSE),"")} | AF58: {=IFERROR(VLOOKUP(AD56,Dex!$B$3:$H252,7,FALSE),"")}
E60: Jolly | J60: Careful | O60: Adamant | T60: Jolly | Y60: Impish | AD60: Modest
E61: Sharpness | J61: Technician (Both) | O61: Technician | T61: Tinted Lens | Y61: Water Bubble | AD61: Levitate
E62: Focus Sash | H62: =IMAGE("https://raw.githubusercontent.com/msikma/pokesprite/master/items/hold-item/focus-sash.png",3) | J62: Scizorite | M62: =IMAGE("https://raw.githubusercontent.com/msikma/pokesprite/master/items/mega-stone/scizorite.png",3) | O62: Eviolite | R62: =IMAGE("https://raw.githubusercontent.com/msikma/pokesprite/master/items/hold-item/eviolite.png",3) | T62: Bug Gem | W62: =IMAGE("https://raw.githubusercontent.com/msikma/pokesprite/master/items/gem/bug.png",3) | Y62: Leftovers | AB62: =IMAGE("https://raw.githubusercontent.com/msikma/pokesprite/master/items/hold-item/leftovers.png",3) | AD62: Magnet | AG62: =IMAGE("https://raw.githubusercontent.com/msikma/pokesprite/master/items/hold-item/magnet.png",3)
E63: Stone Axe | H63: =IMAGE("https://raw.githubusercontent.com/msikma/pokesprite/master/misc/types/gen8/rock.png",4,20,20) | J63: Bullet Punch | M63: =IMAGE("https://raw.githubusercontent.com/msikma/pokesprite/master/misc/types/gen8/steel.png",4,20,20) | O63: Swords Dance | R63: =IMAGE("https://raw.githubusercontent.com/msikma/pokesprite/master/misc/types/gen8/normal.png",4,20,20) | T63: First Impress. | W63: =IMAGE("https://raw.githubusercontent.com/msikma/pokesprite/master/misc/types/gen8/bug.png",4,20,20) | Y63: X-Scissor | AB63: =IMAGE("https://raw.githubusercontent.com/msikma/pokesprite/master/misc/types/gen8/bug.png",4,20,20) | AD63: Thunder | AG63: =IMAGE("https://raw.githubusercontent.com/msikma/pokesprite/master/misc/types/gen8/electric.png",4,20,20)
E64: X-Scissor | H64: =IMAGE("https://raw.githubusercontent.com/msikma/pokesprite/master/misc/types/gen8/bug.png",4,20,20) | J64: Dual Wingbeat | M64: =IMAGE("https://raw.githubusercontent.com/msikma/pokesprite/master/misc/types/gen8/flying.png",4,20,20) | O64: Dual Wingbeat | R64: =IMAGE("https://raw.githubusercontent.com/msikma/pokesprite/master/misc/types/gen8/flying.png",4,20,20) | T64: U-Turn | W64: =IMAGE("https://raw.githubusercontent.com/msikma/pokesprite/master/misc/types/gen8/bug.png",4,20,20) | Y64: Liquidation | AB64: =IMAGE("https://raw.githubusercontent.com/msikma/pokesprite/master/misc/types/gen8/water.png",4,20,20) | AD64: Bug Buzz | AG64: =IMAGE("https://raw.githubusercontent.com/msikma/pokesprite/master/misc/types/gen8/bug.png",4,20,20)
E65: U-Turn | H65: =IMAGE("https://raw.githubusercontent.com/msikma/pokesprite/master/misc/types/gen8/bug.png",4,20,20) | J65: U-Turn | M65: =IMAGE("https://raw.githubusercontent.com/msikma/pokesprite/master/misc/types/gen8/bug.png",4,20,20) | O65: Bug Bite | R65: =IMAGE("https://raw.githubusercontent.com/msikma/pokesprite/master/misc/types/gen8/bug.png",4,20,20) | T65: Knock Off | W65: =IMAGE("https://raw.githubusercontent.com/msikma/pokesprite/master/misc/types/gen8/dark.png",4,20,20) | Y65: Protect | AB65: =IMAGE("https://raw.githubusercontent.com/msikma/pokesprite/master/misc/types/gen8/normal.png",4,20,20) | AD65: Volt Switch | AG65: =IMAGE("https://raw.githubusercontent.com/msikma/pokesprite/master/misc/types/gen8/electric.png",4,20,20)
E66: Night Slash | H66: =IMAGE("https://raw.githubusercontent.com/msikma/pokesprite/master/misc/types/gen8/dark.png",4,20,20) | J66: Rock Smash | M66: =IMAGE("https://raw.githubusercontent.com/msikma/pokesprite/master/misc/types/gen8/fighting.png",4,20,20) | O66: Rock Smash | R66: =IMAGE("https://raw.githubusercontent.com/msikma/pokesprite/master/misc/types/gen8/fighting.png",4,20,20) | T66: Sucker Punch | W66: =IMAGE("https://raw.githubusercontent.com/msikma/pokesprite/master/misc/types/gen8/dark.png",4,20,20) | Y66: Toxic | AB66: =IMAGE("https://raw.githubusercontent.com/msikma/pokesprite/master/misc/types/gen8/poison.png",4,20,20) | AD66: Energy Ball | AG66: =IMAGE("https://raw.githubusercontent.com/msikma/pokesprite/master/misc/types/gen8/grass.png",4,20,20)
E68: BASE STATS | J68: BASE STATS | O68: BASE STATS | T68: BASE STATS | Y68: BASE STATS | AD68: BASE STATS
E69: HP | F69: {=IFERROR(VLOOKUP(E56,Dex!$B$3:$N252,8,FALSE),"")} -> 85 | G69: {=IFERROR(VLOOKUP(F69,Dex!$P$22:$Q$276,2,FALSE),"")} | J69: HP | K69: {=IFERROR(VLOOKUP(J56,Dex!$B$3:$N252,8,FALSE),"")} -> 70 | L69: {=IFERROR(VLOOKUP(K69,Dex!$P$22:$Q$276,2,FALSE),"")} | O69: HP | P69: {=IFERROR(VLOOKUP(O56,Dex!$B$3:$N252,8,FALSE),"")} -> 70 | Q69: {=IFERROR(VLOOKUP(P69,Dex!$P$22:$Q$276,2,FALSE),"")} | T69: HP | U69: {=IFERROR(VLOOKUP(T56,Dex!$B$3:$N252,8,FALSE),"")} -> 71 | V69: {=IFERROR(VLOOKUP(U69,Dex!$P$22:$Q$276,2,FALSE),"")} | Y69: HP | Z69: {=IFERROR(VLOOKUP(Y56,Dex!$B$3:$N252,8,FALSE),"")} -> 68 | AA69: {=IFERROR(VLOOKUP(Z69,Dex!$P$22:$Q$276,2,FALSE),"")} | AD69: HP | AE69: {=IFERROR(VLOOKUP(AD56,Dex!$B$3:$N252,8,FALSE),"")} -> 77 | AF69: {=IFERROR(VLOOKUP(AE69,Dex!$P$22:$Q$276,2,FALSE),"")}
E70: ATK | F70: {=IFERROR(VLOOKUP(E56,Dex!$B$3:$N252,9,FALSE),"")} -> 135 | G70: {=IFERROR(VLOOKUP(F70,Dex!$P$22:$Q$276,2,FALSE),"")} | J70: ATK | K70: {=IFERROR(VLOOKUP(J56,Dex!$B$3:$N252,9,FALSE),"")} -> 150 | L70: {=IFERROR(VLOOKUP(K70,Dex!$P$22:$Q$276,2,FALSE),"")} | O70: ATK | P70: {=IFERROR(VLOOKUP(O56,Dex!$B$3:$N252,9,FALSE),"")} -> 110 | Q70: {=IFERROR(VLOOKUP(P70,Dex!$P$22:$Q$276,2,FALSE),"")} | T70: ATK | U70: {=IFERROR(VLOOKUP(T56,Dex!$B$3:$N252,9,FALSE),"")} -> 102 | V70: {=IFERROR(VLOOKUP(U70,Dex!$P$22:$Q$276,2,FALSE),"")} | Y70: ATK | Z70: {=IFERROR(VLOOKUP(Y56,Dex!$B$3:$N252,9,FALSE),"")} -> 70 | AA70: {=IFERROR(VLOOKUP(Z70,Dex!$P$22:$Q$276,2,FALSE),"")} | AD70: ATK | AE70: {=IFERROR(VLOOKUP(AD56,Dex!$B$3:$N252,9,FALSE),"")} -> 70 | AF70: {=IFERROR(VLOOKUP(AE70,Dex!$P$22:$Q$276,2,FALSE),"")}
E71: DEF | F71: {=IFERROR(VLOOKUP(E56,Dex!$B$3:$N252,10,FALSE),"")} -> 95 | G71: {=IFERROR(VLOOKUP(F71,Dex!$P$22:$Q$276,2,FALSE),"")} | J71: DEF | K71: {=IFERROR(VLOOKUP(J56,Dex!$B$3:$N252,10,FALSE),"")} -> 140 | L71: {=IFERROR(VLOOKUP(K71,Dex!$P$22:$Q$276,2,FALSE),"")} | O71: DEF | P71: {=IFERROR(VLOOKUP(O56,Dex!$B$3:$N252,10,FALSE),"")} -> 80 | Q71: {=IFERROR(VLOOKUP(P71,Dex!$P$22:$Q$276,2,FALSE),"")} | T71: DEF | U71: {=IFERROR(VLOOKUP(T56,Dex!$B$3:$N252,10,FALSE),"")} -> 78 | V71: {=IFERROR(VLOOKUP(U71,Dex!$P$22:$Q$276,2,FALSE),"")} | Y71: DEF | Z71: {=IFERROR(VLOOKUP(Y56,Dex!$B$3:$N252,10,FALSE),"")} -> 92 | AA71: {=IFERROR(VLOOKUP(Z71,Dex!$P$22:$Q$276,2,FALSE),"")} | AD71: DEF | AE71: {=IFERROR(VLOOKUP(AD56,Dex!$B$3:$N252,10,FALSE),"")} -> 90 | AF71: {=IFERROR(VLOOKUP(AE71,Dex!$P$22:$Q$276,2,FALSE),"")}
E72: SPA | F72: {=IFERROR(VLOOKUP(E56,Dex!$B$3:$N252,11,FALSE),"")} -> 30 | G72: {=IFERROR(VLOOKUP(F72,Dex!$P$22:$Q$276,2,FALSE),"")} | J72: SPA | K72: {=IFERROR(VLOOKUP(J56,Dex!$B$3:$N252,11,FALSE),"")} -> 65 | L72: {=IFERROR(VLOOKUP(K72,Dex!$P$22:$Q$276,2,FALSE),"")} | O72: SPA | P72: {=IFERROR(VLOOKUP(O56,Dex!$B$3:$N252,11,FALSE),"")} -> 55 | Q72: {=IFERROR(VLOOKUP(P72,Dex!$P$22:$Q$276,2,FALSE),"")} | T72: SPA | U72: {=IFERROR(VLOOKUP(T56,Dex!$B$3:$N252,11,FALSE),"")} -> 52 | V72: {=IFERROR(VLOOKUP(U72,Dex!$P$22:$Q$276,2,FALSE),"")} | Y72: SPA | Z72: {=IFERROR(VLOOKUP(Y56,Dex!$B$3:$N252,11,FALSE),"")} -> 50 | AA72: {=IFERROR(VLOOKUP(Z72,Dex!$P$22:$Q$276,2,FALSE),"")} | AD72: SPA | AE72: {=IFERROR(VLOOKUP(AD56,Dex!$B$3:$N252,11,FALSE),"")} -> 145 | AF72: {=IFERROR(VLOOKUP(AE72,Dex!$P$22:$Q$276,2,FALSE),"")}
E73: SPD | F73: {=IFERROR(VLOOKUP(E56,Dex!$B$3:$N252,12,FALSE),"")} -> 70 | G73: {=IFERROR(VLOOKUP(F73,Dex!$P$22:$Q$276,2,FALSE),"")} | J73: SPD | K73: {=IFERROR(VLOOKUP(J56,Dex!$B$3:$N252,12,FALSE),"")} -> 100 | L73: {=IFERROR(VLOOKUP(K73,Dex!$P$22:$Q$276,2,FALSE),"")} | O73: SPD | P73: {=IFERROR(VLOOKUP(O56,Dex!$B$3:$N252,12,FALSE),"")} -> 80 | Q73: {=IFERROR(VLOOKUP(P73,Dex!$P$22:$Q$276,2,FALSE),"")} | T73: SPD | U73: {=IFERROR(VLOOKUP(T56,Dex!$B$3:$N252,12,FALSE),"")} -> 55 | V73: {=IFERROR(VLOOKUP(U73,Dex!$P$22:$Q$276,2,FALSE),"")} | Y73: SPD | Z73: {=IFERROR(VLOOKUP(Y56,Dex!$B$3:$N252,12,FALSE),"")} -> 132 | AA73: {=IFERROR(VLOOKUP(Z73,Dex!$P$22:$Q$276,2,FALSE),"")} | AD73: SPD | AE73: {=IFERROR(VLOOKUP(AD56,Dex!$B$3:$N252,12,FALSE),"")} -> 75 | AF73: {=IFERROR(VLOOKUP(AE73,Dex!$P$22:$Q$276,2,FALSE),"")}
C74: IF YOU'RE | E74: SPE | F74: {=IFERROR(VLOOKUP(E56,Dex!$B$3:$N252,13,FALSE),"")} -> 85 | G74: {=IFERROR(VLOOKUP(F74,Dex!$P$22:$Q$276,2,FALSE),"")} | J74: SPE | K74: {=IFERROR(VLOOKUP(J56,Dex!$B$3:$N252,13,FALSE),"")} -> 75 | L74: {=IFERROR(VLOOKUP(K74,Dex!$P$22:$Q$276,2,FALSE),"")} | O74: SPE | P74: {=IFERROR(VLOOKUP(O56,Dex!$B$3:$N252,13,FALSE),"")} -> 105 | Q74: {=IFERROR(VLOOKUP(P74,Dex!$P$22:$Q$276,2,FALSE),"")} | T74: SPE | U74: {=IFERROR(VLOOKUP(T56,Dex!$B$3:$N252,13,FALSE),"")} -> 92 | V74: {=IFERROR(VLOOKUP(U74,Dex!$P$22:$Q$276,2,FALSE),"")} | Y74: SPE | Z74: {=IFERROR(VLOOKUP(Y56,Dex!$B$3:$N252,13,FALSE),"")} -> 42 | AA74: {=IFERROR(VLOOKUP(Z74,Dex!$P$22:$Q$276,2,FALSE),"")} | AD74: SPE | AE74: {=IFERROR(VLOOKUP(AD56,Dex!$B$3:$N252,13,FALSE),"")} -> 43 | AF74: {=IFERROR(VLOOKUP(AE74,Dex!$P$22:$Q$276,2,FALSE),"")}
C75: LEVEL 44 ->> | E75: SPEED STAT: | H75: =ROUNDDOWN((ROUNDDOWN(((((2*F74+31)*44)/100+5)),0))*1.1,0) -> 102 | J75: SPEED STAT: | M75: =ROUNDDOWN((ROUNDDOWN(((((2*K74+31)*44)/100+5)),0))*1,0) -> 84 | O75: SPEED STAT: | R75: =ROUNDDOWN((ROUNDDOWN(((((2*P74+31)*44)/100+5)),0))*1,0) -> 111 | T75: SPEED STAT: | W75: =ROUNDDOWN((ROUNDDOWN(((((2*U74+31)*44)/100+5)),0))*1.1,0) -> 108 | Y75: SPEED STAT: | AB75: =ROUNDDOWN((ROUNDDOWN(((((2*Z74+31)*44)/100+5)),0))*1,0) -> 55 | AD75: SPEED STAT: | AG75: =ROUNDDOWN((ROUNDDOWN(((((2*AE74+31)*44)/100+5)),0))*1,0) -> 56
E78: BATTLE EFFECT: SWELLOW IS PRE-BURNED
C79: =IMAGE("https://i.ibb.co/JtgmCkX/Whitney.png") | E79: {=IFERROR(VLOOKUP(E80,Dex!$B$3:$G252,3,FALSE),"")} | J79: {=IFERROR(VLOOKUP(J80,Dex!$B$3:$G252,3,FALSE),"")} | O79: {=IFERROR(VLOOKUP(O80,Dex!$B$3:$G252,3,FALSE),"")} | T79: {=IFERROR(VLOOKUP(T80,Dex!$B$3:$G252,3,FALSE),"")} | Y79: {=IFERROR(VLOOKUP(Y80,Dex!$B$3:$G252,3,FALSE),"")} | AD79: {=IFERROR(VLOOKUP(AD80,Dex!$B$3:$G252,3,FALSE),"")}
C80: ROUTE 11 LEADER WHITNEY | E80: Pyroar | J80: Farigiraf | O80: Luvdisc | T80: Swellow | Y80: Togekiss | AD80: Altaria-Mega
E81: Highest Lv | J81: Highest Lv | O81: Highest Lv | T81: Highest Lv | Y81: Highest Lv | AD81: Highest Lv
F82: {=IFERROR(VLOOKUP(E80,Dex!$B$3:$H252,5,FALSE),"")} | G82: {=IFERROR(VLOOKUP(E80,Dex!$B$3:$H252,7,FALSE),"")} | K82: {=IFERROR(VLOOKUP(J80,Dex!$B$3:$H252,5,FALSE),"")} | L82: {=IFERROR(VLOOKUP(J80,Dex!$B$3:$H252,7,FALSE),"")} | P82: {=IFERROR(VLOOKUP(O80,Dex!$B$3:$H252,5,FALSE),"")} | Q82: {=IFERROR(VLOOKUP(O80,Dex!$B$3:$H252,7,FALSE),"")} | U82: {=IFERROR(VLOOKUP(T80,Dex!$B$3:$H252,5,FALSE),"")} | V82: {=IFERROR(VLOOKUP(T80,Dex!$B$3:$H252,7,FALSE),"")} | Z82: {=IFERROR(VLOOKUP(Y80,Dex!$B$3:$H252,5,FALSE),"")} | AA82: {=IFERROR(VLOOKUP(Y80,Dex!$B$3:$H252,7,FALSE),"")} | AE82: {=IFERROR(VLOOKUP(AD80,Dex!$B$3:$H252,5,FALSE),"")} | AF82: {=IFERROR(VLOOKUP(AD80,Dex!$B$3:$H252,7,FALSE),"")}
E84: Timid | J84: Timid | O84: Timid | T84: Jolly | Y84: Timid | AD84: Timid
E85: Adaptability | J85: Parental Bond | O85: Soul-Heart | T85: Guts | Y85: Serene Grace | AD85: Natural Cure Pixilate (Mega)
E86: Focus Sash | H86: =IMAGE("https://raw.githubusercontent.com/msikma/pokesprite/master/items/hold-item/focus-sash.png",3) | J86: Normal Gem | M86: =IMAGE("https://raw.githubusercontent.com/msikma/pokesprite/master/items/gem/normal.png",3) | O86: Mystic Water | R86: =IMAGE("https://raw.githubusercontent.com/msikma/pokesprite/master/items/hold-item/mystic-water.png",3) | T86: Normal Gem | W86: =IMAGE("https://raw.githubusercontent.com/msikma/pokesprite/master/items/gem/normal.png",3) | Y86: Leftovers | AB86: =IMAGE("https://raw.githubusercontent.com/msikma/pokesprite/master/items/hold-item/leftovers.png",3) | AD86: Altarianite | AG86: =IMAGE("https://raw.githubusercontent.com/msikma/pokesprite/master/items/mega-stone/altarianite.png",3)
E87: Torch Song | H87: =IMAGE("https://raw.githubusercontent.com/msikma/pokesprite/master/misc/types/gen8/fire.png",4,20,20) | J87: Charge Beam | M87: =IMAGE("https://raw.githubusercontent.com/msikma/pokesprite/master/misc/types/gen8/electric.png",4,20,20) | O87: Lovely Kiss | R87: =IMAGE("https://raw.githubusercontent.com/msikma/pokesprite/master/misc/types/gen8/normal.png",4,20,20) | T87: Brave Bird | W87: =IMAGE("https://raw.githubusercontent.com/msikma/pokesprite/master/misc/types/gen8/flying.png",4,20,20) | Y87: Roost | AB87: =IMAGE("https://raw.githubusercontent.com/msikma/pokesprite/master/misc/types/gen8/flying.png",4,20,20) | AD87: Calm Mind | AG87: =IMAGE("https://raw.githubusercontent.com/msikma/pokesprite/master/misc/types/gen8/psychic.png",4,20,20)
E88: Hyper Voice | H88: =IMAGE("https://raw.githubusercontent.com/msikma/pokesprite/master/misc/types/gen8/normal.png",4,20,20) | J88: Hyper Voice | M88: =IMAGE("https://raw.githubusercontent.com/msikma/pokesprite/master/misc/types/gen8/normal.png",4,20,20) | O88: Surf | R88: =IMAGE("https://raw.githubusercontent.com/msikma/pokesprite/master/misc/types/gen8/water.png",4,20,20) | T88: Facade | W88: =IMAGE("https://raw.githubusercontent.com/msikma/pokesprite/master/misc/types/gen8/normal.png",4,20,20) | Y88: Air Slash | AB88: =IMAGE("https://raw.githubusercontent.com/msikma/pokesprite/master/misc/types/gen8/flying.png",4,20,20) | AD88: Hyper Voice | AG88: =IMAGE("https://raw.githubusercontent.com/msikma/pokesprite/master/misc/types/gen8/fairy.png",4,20,20)
E89: HP Grass | H89: =IMAGE("https://raw.githubusercontent.com/msikma/pokesprite/master/misc/types/gen8/grass.png",4,20,20) | J89: Psychic | M89: =IMAGE("https://raw.githubusercontent.com/msikma/pokesprite/master/misc/types/gen8/psychic.png",4,20,20) | O89: Moonblast | R89: =IMAGE("https://raw.githubusercontent.com/msikma/pokesprite/master/misc/types/gen8/fairy.png",4,20,20) | T89: U-Turn | W89: =IMAGE("https://raw.githubusercontent.com/msikma/pokesprite/master/misc/types/gen8/bug.png",4,20,20) | Y89: Thunder Wave | AB89: =IMAGE("https://raw.githubusercontent.com/msikma/pokesprite/master/misc/types/gen8/electric.png",4,20,20) | AD89: Flamethrower | AG89: =IMAGE("https://raw.githubusercontent.com/msikma/pokesprite/master/misc/types/gen8/fire.png",4,20,20)
E90: Sleep Talk | H90: =IMAGE("https://raw.githubusercontent.com/msikma/pokesprite/master/misc/types/gen8/normal.png",4,20,20) | J90: Dazz. Gleam | M90: =IMAGE("https://raw.githubusercontent.com/msikma/pokesprite/master/misc/types/gen8/fairy.png",4,20,20) | O90: Ice Beam | R90: =IMAGE("https://raw.githubusercontent.com/msikma/pokesprite/master/misc/types/gen8/ice.png",4,20,20) | T90: Quick Attack | W90: =IMAGE("https://raw.githubusercontent.com/msikma/pokesprite/master/misc/types/gen8/normal.png",4,20,20) | Y90: Mystical Fire | AB90: =IMAGE("https://raw.githubusercontent.com/msikma/pokesprite/master/misc/types/gen8/fire.png",4,20,20) | AD90: Roost | AG90: =IMAGE("https://raw.githubusercontent.com/msikma/pokesprite/master/misc/types/gen8/flying.png",4,20,20)
E92: BASE STATS | J92: BASE STATS | O92: BASE STATS | T92: BASE STATS | Y92: BASE STATS | AD92: BASE STATS
E93: HP | F93: {=IFERROR(VLOOKUP(E80,Dex!$B$3:$N252,8,FALSE),"")} -> 86 | G93: {=IFERROR(VLOOKUP(F93,Dex!$P$22:$Q$276,2,FALSE),"")} | J93: HP | K93: {=IFERROR(VLOOKUP(J80,Dex!$B$3:$N252,8,FALSE),"")} -> 120 | L93: {=IFERROR(VLOOKUP(K93,Dex!$P$22:$Q$276,2,FALSE),"")} | O93: HP | P93: {=IFERROR(VLOOKUP(O80,Dex!$B$3:$N252,8,FALSE),"")} -> 43 | Q93: {=IFERROR(VLOOKUP(P93,Dex!$P$22:$Q$276,2,FALSE),"")} | T93: HP | U93: {=IFERROR(VLOOKUP(T80,Dex!$B$3:$N252,8,FALSE),"")} -> 60 | V93: {=IFERROR(VLOOKUP(U93,Dex!$P$22:$Q$276,2,FALSE),"")} | Y93: HP | Z93: {=IFERROR(VLOOKUP(Y80,Dex!$B$3:$N252,8,FALSE),"")} -> 85 | AA93: {=IFERROR(VLOOKUP(Z93,Dex!$P$22:$Q$276,2,FALSE),"")} | AD93: HP | AE93: {=IFERROR(VLOOKUP(AD80,Dex!$B$3:$N252,8,FALSE),"")} -> 85 | AF93: {=IFERROR(VLOOKUP(AE93,Dex!$P$22:$Q$276,2,FALSE),"")}
E94: ATK | F94: {=IFERROR(VLOOKUP(E80,Dex!$B$3:$N252,9,FALSE),"")} -> 68 | G94: {=IFERROR(VLOOKUP(F94,Dex!$P$22:$Q$276,2,FALSE),"")} | J94: ATK | K94: {=IFERROR(VLOOKUP(J80,Dex!$B$3:$N252,9,FALSE),"")} -> 90 | L94: {=IFERROR(VLOOKUP(K94,Dex!$P$22:$Q$276,2,FALSE),"")} | O94: ATK | P94: {=IFERROR(VLOOKUP(O80,Dex!$B$3:$N252,9,FALSE),"")} -> 30 | Q94: {=IFERROR(VLOOKUP(P94,Dex!$P$22:$Q$276,2,FALSE),"")} | T94: ATK | U94: {=IFERROR(VLOOKUP(T80,Dex!$B$3:$N252,9,FALSE),"")} -> 85 | V94: {=IFERROR(VLOOKUP(U94,Dex!$P$22:$Q$276,2,FALSE),"")} | Y94: ATK | Z94: {=IFERROR(VLOOKUP(Y80,Dex!$B$3:$N252,9,FALSE),"")} -> 50 | AA94: {=IFERROR(VLOOKUP(Z94,Dex!$P$22:$Q$276,2,FALSE),"")} | AD94: ATK | AE94: {=IFERROR(VLOOKUP(AD80,Dex!$B$3:$N252,9,FALSE),"")} -> 110 | AF94: {=IFERROR(VLOOKUP(AE94,Dex!$P$22:$Q$276,2,FALSE),"")}
E95: DEF | F95: {=IFERROR(VLOOKUP(E80,Dex!$B$3:$N252,10,FALSE),"")} -> 72 | G95: {=IFERROR(VLOOKUP(F95,Dex!$P$22:$Q$276,2,FALSE),"")} | J95: DEF | K95: {=IFERROR(VLOOKUP(J80,Dex!$B$3:$N252,10,FALSE),"")} -> 70 | L95: {=IFERROR(VLOOKUP(K95,Dex!$P$22:$Q$276,2,FALSE),"")} | O95: DEF | P95: {=IFERROR(VLOOKUP(O80,Dex!$B$3:$N252,10,FALSE),"")} -> 55 | Q95: {=IFERROR(VLOOKUP(P95,Dex!$P$22:$Q$276,2,FALSE),"")} | T95: DEF | U95: {=IFERROR(VLOOKUP(T80,Dex!$B$3:$N252,10,FALSE),"")} -> 60 | V95: {=IFERROR(VLOOKUP(U95,Dex!$P$22:$Q$276,2,FALSE),"")} | Y95: DEF | Z95: {=IFERROR(VLOOKUP(Y80,Dex!$B$3:$N252,10,FALSE),"")} -> 95 | AA95: {=IFERROR(VLOOKUP(Z95,Dex!$P$22:$Q$276,2,FALSE),"")} | AD95: DEF | AE95: {=IFERROR(VLOOKUP(AD80,Dex!$B$3:$N252,10,FALSE),"")} -> 110 | AF95: {=IFERROR(VLOOKUP(AE95,Dex!$P$22:$Q$276,2,FALSE),"")}
E96: SPA | F96: {=IFERROR(VLOOKUP(E80,Dex!$B$3:$N252,11,FALSE),"")} -> 109 | G96: {=IFERROR(VLOOKUP(F96,Dex!$P$22:$Q$276,2,FALSE),"")} | J96: SPA | K96: {=IFERROR(VLOOKUP(J80,Dex!$B$3:$N252,11,FALSE),"")} -> 110 | L96: {=IFERROR(VLOOKUP(K96,Dex!$P$22:$Q$276,2,FALSE),"")} | O96: SPA | P96: {=IFERROR(VLOOKUP(O80,Dex!$B$3:$N252,11,FALSE),"")} -> 100 | Q96: {=IFERROR(VLOOKUP(P96,Dex!$P$22:$Q$276,2,FALSE),"")} | T96: SPA | U96: {=IFERROR(VLOOKUP(T80,Dex!$B$3:$N252,11,FALSE),"")} -> 75 | V96: {=IFERROR(VLOOKUP(U96,Dex!$P$22:$Q$276,2,FALSE),"")} | Y96: SPA | Z96: {=IFERROR(VLOOKUP(Y80,Dex!$B$3:$N252,11,FALSE),"")} -> 120 | AA96: {=IFERROR(VLOOKUP(Z96,Dex!$P$22:$Q$276,2,FALSE),"")} | AD96: SPA | AE96: {=IFERROR(VLOOKUP(AD80,Dex!$B$3:$N252,11,FALSE),"")} -> 110 | AF96: {=IFERROR(VLOOKUP(AE96,Dex!$P$22:$Q$276,2,FALSE),"")}
E97: SPD | F97: {=IFERROR(VLOOKUP(E80,Dex!$B$3:$N252,12,FALSE),"")} -> 66 | G97: {=IFERROR(VLOOKUP(F97,Dex!$P$22:$Q$276,2,FALSE),"")} | J97: SPD | K97: {=IFERROR(VLOOKUP(J80,Dex!$B$3:$N252,12,FALSE),"")} -> 70 | L97: {=IFERROR(VLOOKUP(K97,Dex!$P$22:$Q$276,2,FALSE),"")} | O97: SPD | P97: {=IFERROR(VLOOKUP(O80,Dex!$B$3:$N252,12,FALSE),"")} -> 65 | Q97: {=IFERROR(VLOOKUP(P97,Dex!$P$22:$Q$276,2,FALSE),"")} | T97: SPD | U97: {=IFERROR(VLOOKUP(T80,Dex!$B$3:$N252,12,FALSE),"")} -> 50 | V97: {=IFERROR(VLOOKUP(U97,Dex!$P$22:$Q$276,2,FALSE),"")} | Y97: SPD | Z97: {=IFERROR(VLOOKUP(Y80,Dex!$B$3:$N252,12,FALSE),"")} -> 115 | AA97: {=IFERROR(VLOOKUP(Z97,Dex!$P$22:$Q$276,2,FALSE),"")} | AD97: SPD | AE97: {=IFERROR(VLOOKUP(AD80,Dex!$B$3:$N252,12,FALSE),"")} -> 105 | AF97: {=IFERROR(VLOOKUP(AE97,Dex!$P$22:$Q$276,2,FALSE),"")}
C98: IF YOU'RE | E98: SPE | F98: {=IFERROR(VLOOKUP(E80,Dex!$B$3:$N252,13,FALSE),"")} -> 106 | G98: {=IFERROR(VLOOKUP(F98,Dex!$P$22:$Q$276,2,FALSE),"")} | J98: SPE | K98: {=IFERROR(VLOOKUP(J80,Dex!$B$3:$N252,13,FALSE),"")} -> 60 | L98: {=IFERROR(VLOOKUP(K98,Dex!$P$22:$Q$276,2,FALSE),"")} | O98: SPE | P98: {=IFERROR(VLOOKUP(O80,Dex!$B$3:$N252,13,FALSE),"")} -> 97 | Q98: {=IFERROR(VLOOKUP(P98,Dex!$P$22:$Q$276,2,FALSE),"")} | T98: SPE | U98: {=IFERROR(VLOOKUP(T80,Dex!$B$3:$N252,13,FALSE),"")} -> 125 | V98: {=IFERROR(VLOOKUP(U98,Dex!$P$22:$Q$276,2,FALSE),"")} | Y98: SPE | Z98: {=IFERROR(VLOOKUP(Y80,Dex!$B$3:$N252,13,FALSE),"")} -> 80 | AA98: {=IFERROR(VLOOKUP(Z98,Dex!$P$22:$Q$276,2,FALSE),"")} | AD98: SPE | AE98: {=IFERROR(VLOOKUP(AD80,Dex!$B$3:$N252,13,FALSE),"")} -> 80 | AF98: {=IFERROR(VLOOKUP(AE98,Dex!$P$22:$Q$276,2,FALSE),"")}
C99: LEVEL 28 ->> | E99: SPEED STAT: | H99: =ROUNDDOWN((ROUNDDOWN(((((2*F98+31)*28)/100+5)),0))*1.1,0) -> 80 | J99: SPEED STAT: | M99: =ROUNDDOWN((ROUNDDOWN(((((2*K98+31)*28)/100+5)),0))*1.1,0) -> 51 | O99: SPEED STAT: | R99: =ROUNDDOWN((ROUNDDOWN(((((2*P98+31)*28)/100+5)),0))*1.1,0) -> 74 | T99: SPEED STAT: | W99: =ROUNDDOWN((ROUNDDOWN(((((2*U98+31)*28)/100+5)),0))*1.1,0) -> 91 | Y99: SPEED STAT: | AB99: =ROUNDDOWN((ROUNDDOWN(((((2*Z98+31)*28)/100+5)),0))*1.1,0) -> 63 | AD99: SPEED STAT: | AG99: =ROUNDDOWN((ROUNDDOWN(((((2*AE98+31)*28)/100+5)),0))*1.1,0) -> 63
C102: =IMAGE("https://i.ibb.co/h9K4sWf/Morty.png") | E102: {=IFERROR(VLOOKUP(E103,Dex!$B$3:$G252,3,FALSE),"")} | J102: {=IFERROR(VLOOKUP(J103,Dex!$B$3:$G252,3,FALSE),"")} | O102: {=IFERROR(VLOOKUP(O103,Dex!$B$3:$G252,3,FALSE),"")} | T102: {=IFERROR(VLOOKUP(T103,Dex!$B$3:$G252,3,FALSE),"")} | Y102: {=IFERROR(VLOOKUP(Y103,Dex!$B$3:$G252,3,FALSE),"")} | AD102: {=IFERROR(VLOOKUP(AD103,Dex!$B$3:$G252,3,FALSE),"")}
C103: LAVENDER TOWN LEADER MORTY | E103: Krookodile | J103: Dusknoir | O103: Mismagius | T103: Ceruledge | Y103: Weavile | AD103: Gengar-Mega
E104: Highest Lv | J104: Highest Lv | O104: Highest Lv | T104: Highest Lv | Y104: Highest Lv | AD104: Highest Lv
F105: {=IFERROR(VLOOKUP(E103,Dex!$B$3:$H252,5,FALSE),"")} | G105: {=IFERROR(VLOOKUP(E103,Dex!$B$3:$H252,7,FALSE),"")} | K105: {=IFERROR(VLOOKUP(J103,Dex!$B$3:$H252,5,FALSE),"")} | P105: {=IFERROR(VLOOKUP(O103,Dex!$B$3:$H252,5,FALSE),"")} | Q105: {=IFERROR(VLOOKUP(O103,Dex!$B$3:$H252,7,FALSE),"")} | U105: {=IFERROR(VLOOKUP(T103,Dex!$B$3:$H252,5,FALSE),"")} | V105: {=IFERROR(VLOOKUP(T103,Dex!$B$3:$H252,7,FALSE),"")} | Z105: {=IFERROR(VLOOKUP(Y103,Dex!$B$3:$H252,5,FALSE),"")} | AA105: {=IFERROR(VLOOKUP(Y103,Dex!$B$3:$H252,7,FALSE),"")} | AE105: {=IFERROR(VLOOKUP(AD103,Dex!$B$3:$H252,5,FALSE),"")} | AF105: {=IFERROR(VLOOKUP(AD103,Dex!$B$3:$H252,7,FALSE),"")}
E107: Jolly | J107: Adamant | O107: Timid | T107: Jolly | Y107: Jolly | AD107: Timid
E108: Intimidate | J108: Hustle | O108: Levitate | T108: Sharpness | Y108: Infiltrator | AD108: Levitate Shadow Tag (Mega)
E109: Chople Berry | H109: =IMAGE("https://raw.githubusercontent.com/msikma/pokesprite/master/items/berry/chople.png",3) | J109: Reaper Cloth | M109: =IMAGE("https://raw.githubusercontent.com/msikma/pokesprite/master/items/evo-item/reaper-cloth.png",3) | O109: Spell Tag | R109: =IMAGE("https://raw.githubusercontent.com/msikma/pokesprite/master/items/hold-item/spell-tag.png",3) | T109: Focus Sash | W109: =IMAGE("https://raw.githubusercontent.com/msikma/pokesprite/master/items/hold-item/focus-sash.png",3) | Y109: Life Orb | AB109: =IMAGE("https://raw.githubusercontent.com/msikma/pokesprite/master/items/hold-item/life-orb.png",3) | AD109: Gengarite | AG109: =IMAGE("https://raw.githubusercontent.com/msikma/pokesprite/master/items/mega-stone/gengarite.png",3)
E110: Stealth Rock | H110: =IMAGE("https://raw.githubusercontent.com/msikma/pokesprite/master/misc/types/gen8/rock.png",4,20,20) | J110: Shadow Punch | M110: =IMAGE("https://raw.githubusercontent.com/msikma/pokesprite/master/misc/types/gen8/ghost.png",4,20,20) | O110: Nasty Plot | R110: =IMAGE("https://raw.githubusercontent.com/msikma/pokesprite/master/misc/types/gen8/dark.png",4,20,20) | T110: Swords Dance | W110: =IMAGE("https://raw.githubusercontent.com/msikma/pokesprite/master/misc/types/gen8/normal.png",4,20,20) | Y110: Swords Dance | AB110: =IMAGE("https://raw.githubusercontent.com/msikma/pokesprite/master/misc/types/gen8/normal.png",4,20,20) | AD110: Sludge Wave | AG110: =IMAGE("https://raw.githubusercontent.com/msikma/pokesprite/master/misc/types/gen8/poison.png",4,20,20)
E111: Wicked Blow | H111: =IMAGE("https://raw.githubusercontent.com/msikma/pokesprite/master/misc/types/gen8/dark.png",4,20,20) | J111: Shadow Sneak | M111: =IMAGE("https://raw.githubusercontent.com/msikma/pokesprite/master/misc/types/gen8/ghost.png",4,20,20) | O111: Shadow Ball | R111: =IMAGE("https://raw.githubusercontent.com/msikma/pokesprite/master/misc/types/gen8/ghost.png",4,20,20) | T111: Shadow Sneak | W111: =IMAGE("https://raw.githubusercontent.com/msikma/pokesprite/master/misc/types/gen8/ghost.png",4,20,20) | Y111: Triple Axel | AB111: =IMAGE("https://raw.githubusercontent.com/msikma/pokesprite/master/misc/types/gen8/ice.png",4,20,20) | AD111: Shadow Ball | AG111: =IMAGE("https://raw.githubusercontent.com/msikma/pokesprite/master/misc/types/gen8/ghost.png",4,20,20)
E112: Earthquake | H112: =IMAGE("https://raw.githubusercontent.com/msikma/pokesprite/master/misc/types/gen8/ground.png",4,20,20) | J112: Dynamic Punch | M112: =IMAGE("https://raw.githubusercontent.com/msikma/pokesprite/master/misc/types/gen8/fighting.png",4,20,20) | O112: Moonblast | R112: =IMAGE("https://raw.githubusercontent.com/msikma/pokesprite/master/misc/types/gen8/fairy.png",4,20,20) | T112: Bitter Blade | W112: =IMAGE("https://raw.githubusercontent.com/msikma/pokesprite/master/misc/types/gen8/fire.png",4,20,20) | Y112: Knock Off | AB112: =IMAGE("https://raw.githubusercontent.com/msikma/pokesprite/master/misc/types/gen8/dark.png",4,20,20) | AD112: Focus Blast | AG112: =IMAGE("https://raw.githubusercontent.com/msikma/pokesprite/master/misc/types/gen8/fighting.png",4,20,20)
E113: Stone Edge | H113: =IMAGE("https://raw.githubusercontent.com/msikma/pokesprite/master/misc/types/gen8/rock.png",4,20,20) | J113: Will-O-Wisp | M113: =IMAGE("https://raw.githubusercontent.com/msikma/pokesprite/master/misc/types/gen8/fire.png",4,20,20) | O113: Thunderbolt | R113: =IMAGE("https://raw.githubusercontent.com/msikma/pokesprite/master/misc/types/gen8/electric.png",4,20,20) | T113: Close Combat | W113: =IMAGE("https://raw.githubusercontent.com/msikma/pokesprite/master/misc/types/gen8/fighting.png",4,20,20) | Y113: Low Kick | AB113: =IMAGE("https://raw.githubusercontent.com/msikma/pokesprite/master/misc/types/gen8/fighting.png",4,20,20) | AD113: Nasty Plot | AG113: =IMAGE("https://raw.githubusercontent.com/msikma/pokesprite/master/misc/types/gen8/dark.png",4,20,20)
E115: BASE STATS | J115: BASE STATS | O115: BASE STATS | T115: BASE STATS | Y115: BASE STATS | AD115: BASE STATS
E116: HP | F116: {=IFERROR(VLOOKUP(E103,Dex!$B$3:$N252,8,FALSE),"")} -> 95 | G116: {=IFERROR(VLOOKUP(F116,Dex!$P$22:$Q$276,2,FALSE),"")} | J116: HP | K116: {=IFERROR(VLOOKUP(J103,Dex!$B$3:$N252,8,FALSE),"")} -> 45 | L116: {=IFERROR(VLOOKUP(K116,Dex!$P$22:$Q$276,2,FALSE),"")} | O116: HP | P116: {=IFERROR(VLOOKUP(O103,Dex!$B$3:$N252,8,FALSE),"")} -> 70 | Q116: {=IFERROR(VLOOKUP(P116,Dex!$P$22:$Q$276,2,FALSE),"")} | T116: HP | U116: {=IFERROR(VLOOKUP(T103,Dex!$B$3:$N252,8,FALSE),"")} -> 75 | V116: {=IFERROR(VLOOKUP(U116,Dex!$P$22:$Q$276,2,FALSE),"")} | Y116: HP | Z116: {=IFERROR(VLOOKUP(Y103,Dex!$B$3:$N252,8,FALSE),"")} -> 70 | AA116: {=IFERROR(VLOOKUP(Z116,Dex!$P$22:$Q$276,2,FALSE),"")} | AD116: HP | AE116: {=IFERROR(VLOOKUP(AD103,Dex!$B$3:$N252,8,FALSE),"")} -> 60 | AF116: {=IFERROR(VLOOKUP(AE116,Dex!$P$22:$Q$276,2,FALSE),"")}
E117: ATK | F117: {=IFERROR(VLOOKUP(E103,Dex!$B$3:$N252,9,FALSE),"")} -> 117 | G117: {=IFERROR(VLOOKUP(F117,Dex!$P$22:$Q$276,2,FALSE),"")} | J117: ATK | K117: {=IFERROR(VLOOKUP(J103,Dex!$B$3:$N252,9,FALSE),"")} -> 100 | L117: {=IFERROR(VLOOKUP(K117,Dex!$P$22:$Q$276,2,FALSE),"")} | O117: ATK | P117: {=IFERROR(VLOOKUP(O103,Dex!$B$3:$N252,9,FALSE),"")} -> 60 | Q117: {=IFERROR(VLOOKUP(P117,Dex!$P$22:$Q$276,2,FALSE),"")} | T117: ATK | U117: {=IFERROR(VLOOKUP(T103,Dex!$B$3:$N252,9,FALSE),"")} -> 125 | V117: {=IFERROR(VLOOKUP(U117,Dex!$P$22:$Q$276,2,FALSE),"")} | Y117: ATK | Z117: {=IFERROR(VLOOKUP(Y103,Dex!$B$3:$N252,9,FALSE),"")} -> 120 | AA117: {=IFERROR(VLOOKUP(Z117,Dex!$P$22:$Q$276,2,FALSE),"")} | AD117: ATK | AE117: {=IFERROR(VLOOKUP(AD103,Dex!$B$3:$N252,9,FALSE),"")} -> 65 | AF117: {=IFERROR(VLOOKUP(AE117,Dex!$P$22:$Q$276,2,FALSE),"")}
E118: DEF | F118: {=IFERROR(VLOOKUP(E103,Dex!$B$3:$N252,10,FALSE),"")} -> 80 | G118: {=IFERROR(VLOOKUP(F118,Dex!$P$22:$Q$276,2,FALSE),"")} | J118: DEF | K118: {=IFERROR(VLOOKUP(J103,Dex!$B$3:$N252,10,FALSE),"")} -> 135 | L118: {=IFERROR(VLOOKUP(K118,Dex!$P$22:$Q$276,2,FALSE),"")} | O118: DEF | P118: {=IFERROR(VLOOKUP(O103,Dex!$B$3:$N252,10,FALSE),"")} -> 70 | Q118: {=IFERROR(VLOOKUP(P118,Dex!$P$22:$Q$276,2,FALSE),"")} | T118: DEF | U118: {=IFERROR(VLOOKUP(T103,Dex!$B$3:$N252,10,FALSE),"")} -> 80 | V118: {=IFERROR(VLOOKUP(U118,Dex!$P$22:$Q$276,2,FALSE),"")} | Y118: DEF | Z118: {=IFERROR(VLOOKUP(Y103,Dex!$B$3:$N252,10,FALSE),"")} -> 65 | AA118: {=IFERROR(VLOOKUP(Z118,Dex!$P$22:$Q$276,2,FALSE),"")} | AD118: DEF | AE118: {=IFERROR(VLOOKUP(AD103,Dex!$B$3:$N252,10,FALSE),"")} -> 80 | AF118: {=IFERROR(VLOOKUP(AE118,Dex!$P$22:$Q$276,2,FALSE),"")}
E119: SPA | F119: {=IFERROR(VLOOKUP(E103,Dex!$B$3:$N252,11,FALSE),"")} -> 65 | G119: {=IFERROR(VLOOKUP(F119,Dex!$P$22:$Q$276,2,FALSE),"")} | J119: SPA | K119: {=IFERROR(VLOOKUP(J103,Dex!$B$3:$N252,11,FALSE),"")} -> 65 | L119: {=IFERROR(VLOOKUP(K119,Dex!$P$22:$Q$276,2,FALSE),"")} | O119: SPA | P119: {=IFERROR(VLOOKUP(O103,Dex!$B$3:$N252,11,FALSE),"")} -> 105 | Q119: {=IFERROR(VLOOKUP(P119,Dex!$P$22:$Q$276,2,FALSE),"")} | T119: SPA | U119: {=IFERROR(VLOOKUP(T103,Dex!$B$3:$N252,11,FALSE),"")} -> 60 | V119: {=IFERROR(VLOOKUP(U119,Dex!$P$22:$Q$276,2,FALSE),"")} | Y119: SPA | Z119: {=IFERROR(VLOOKUP(Y103,Dex!$B$3:$N252,11,FALSE),"")} -> 45 | AA119: {=IFERROR(VLOOKUP(Z119,Dex!$P$22:$Q$276,2,FALSE),"")} | AD119: SPA | AE119: {=IFERROR(VLOOKUP(AD103,Dex!$B$3:$N252,11,FALSE),"")} -> 170 | AF119: {=IFERROR(VLOOKUP(AE119,Dex!$P$22:$Q$276,2,FALSE),"")}
E120: SPD | F120: {=IFERROR(VLOOKUP(E103,Dex!$B$3:$N252,12,FALSE),"")} -> 70 | G120: {=IFERROR(VLOOKUP(F120,Dex!$P$22:$Q$276,2,FALSE),"")} | J120: SPD | K120: {=IFERROR(VLOOKUP(J103,Dex!$B$3:$N252,12,FALSE),"")} -> 135 | L120: {=IFERROR(VLOOKUP(K120,Dex!$P$22:$Q$276,2,FALSE),"")} | O120: SPD | P120: {=IFERROR(VLOOKUP(O103,Dex!$B$3:$N252,12,FALSE),"")} -> 105 | Q120: {=IFERROR(VLOOKUP(P120,Dex!$P$22:$Q$276,2,FALSE),"")} | T120: SPD | U120: {=IFERROR(VLOOKUP(T103,Dex!$B$3:$N252,12,FALSE),"")} -> 100 | V120: {=IFERROR(VLOOKUP(U120,Dex!$P$22:$Q$276,2,FALSE),"")} | Y120: SPD | Z120: {=IFERROR(VLOOKUP(Y103,Dex!$B$3:$N252,12,FALSE),"")} -> 85 | AA120: {=IFERROR(VLOOKUP(Z120,Dex!$P$22:$Q$276,2,FALSE),"")} | AD120: SPD | AE120: {=IFERROR(VLOOKUP(AD103,Dex!$B$3:$N252,12,FALSE),"")} -> 95 | AF120: {=IFERROR(VLOOKUP(AE120,Dex!$P$22:$Q$276,2,FALSE),"")}
C121: IF YOU'RE | E121: SPE | F121: {=IFERROR(VLOOKUP(E103,Dex!$B$3:$N252,13,FALSE),"")} -> 92 | G121: {=IFERROR(VLOOKUP(F121,Dex!$P$22:$Q$276,2,FALSE),"")} | J121: SPE | K121: {=IFERROR(VLOOKUP(J103,Dex!$B$3:$N252,13,FALSE),"")} -> 45 | L121: {=IFERROR(VLOOKUP(K121,Dex!$P$22:$Q$276,2,FALSE),"")} | O121: SPE | P121: {=IFERROR(VLOOKUP(O103,Dex!$B$3:$N252,13,FALSE),"")} -> 105 | Q121: {=IFERROR(VLOOKUP(P121,Dex!$P$22:$Q$276,2,FALSE),"")} | T121: SPE | U121: {=IFERROR(VLOOKUP(T103,Dex!$B$3:$N252,13,FALSE),"")} -> 85 | V121: {=IFERROR(VLOOKUP(U121,Dex!$P$22:$Q$276,2,FALSE),"")} | Y121: SPE | Z121: {=IFERROR(VLOOKUP(Y103,Dex!$B$3:$N252,13,FALSE),"")} -> 125 | AA121: {=IFERROR(VLOOKUP(Z121,Dex!$P$22:$Q$276,2,FALSE),"")} | AD121: SPE | AE121: {=IFERROR(VLOOKUP(AD103,Dex!$B$3:$N252,13,FALSE),"")} -> 130 | AF121: {=IFERROR(VLOOKUP(AE121,Dex!$P$22:$Q$276,2,FALSE),"")}
...

Sheet Rivals
E3: (!) IF RIVAL HAS SQUIRTLE
C5: =IMAGE("https://i.ibb.co/fXwks6z/Rival.png") | E5: {=IFERROR(VLOOKUP(E6,Dex!$B$3:$G422,3,FALSE),"")} | J5: {=IFERROR(VLOOKUP(J6,Dex!$B$3:$G422,3,FALSE),"")} | O5: {=IFERROR(VLOOKUP(O6,Dex!$B$3:$G422,3,FALSE),"")}
C6: ROUTE 22 #1 RIVAL | E6: Snubbull | J6: Litleo | O6: Squirtle
E7: Highest Lv -1 | J7: Highest Lv -1 | O7: Highest Lv
F8: {=IFERROR(VLOOKUP(E6,Dex!$B$3:$H422,5,FALSE),"")} | K8: {=IFERROR(VLOOKUP(J6,Dex!$B$3:$H422,5,FALSE),"")} | L8: {=IFERROR(VLOOKUP(J6,Dex!$B$3:$H422,7,FALSE),"")} | P8: {=IFERROR(VLOOKUP(O6,Dex!$B$3:$H422,5,FALSE),"")}
E10: Adamant | J10: Timid | O10: Adamant
E11: Intimidate | J11: Rivalry | O11: Torrent
E12: Muscle Band | J12: Wise Glasses | O12: Oran Berry
E13: Pow-Up Punch | H13: =IMAGE("https://raw.githubusercontent.com/msikma/pokesprite/master/misc/types/gen8/fighting.png",4,20,20) | J13: Incinerate | M13: =IMAGE("https://raw.githubusercontent.com/msikma/pokesprite/master/misc/types/gen8/fire.png",4,20,20) | O13: Pow-Up Punch | R13: =IMAGE("https://raw.githubusercontent.com/msikma/pokesprite/master/misc/types/gen8/fighting.png",4,20,20)
E14: Covet | H14: =IMAGE("https://raw.githubusercontent.com/msikma/pokesprite/master/misc/types/gen8/fairy.png",4,20,20) | J14: Round | M14: =IMAGE("https://raw.githubusercontent.com/msikma/pokesprite/master/misc/types/gen8/normal.png",4,20,20) | O14: Aqua Jet | R14: =IMAGE("https://raw.githubusercontent.com/msikma/pokesprite/master/misc/types/gen8/water.png",4,20,20)
E15: Thunder Wave | H15: =IMAGE("https://raw.githubusercontent.com/msikma/pokesprite/master/misc/types/gen8/electric.png",4,20,20) | J15: HP Grass | M15: =IMAGE("https://raw.githubusercontent.com/msikma/pokesprite/master/misc/types/gen8/grass.png",4,20,20) | O15: Rock Tomb | R15: =IMAGE("https://raw.githubusercontent.com/msikma/pokesprite/master/misc/types/gen8/rock.png",4,20,20)
E16: Fire Fang | H16: =IMAGE("https://raw.githubusercontent.com/msikma/pokesprite/master/misc/types/gen8/fire.png",4,20,20) | J16: Sleep Talk | M16: =IMAGE("https://raw.githubusercontent.com/msikma/pokesprite/master/misc/types/gen8/normal.png",4,20,20) | O16: Curse | R16: =IMAGE("https://raw.githubusercontent.com/msikma/pokesprite/master/misc/types/gen8/ghost.png",4,20,20)
E18: BASE STATS | J18: BASE STATS | O18: BASE STATS
E19: HP | F19: {=IFERROR(VLOOKUP(E6,Dex!$B$3:$N422,8,FALSE),"")} -> 60 | G19: {=IFERROR(VLOOKUP(F19,Dex!$P$22:$Q$276,2,FALSE),"")} | J19: HP | K19: {=IFERROR(VLOOKUP(J6,Dex!$B$3:$N422,8,FALSE),"")} -> 62 | L19: {=IFERROR(VLOOKUP(K19,Dex!$P$22:$Q$276,2,FALSE),"")} | O19: HP | P19: {=IFERROR(VLOOKUP(O6,Dex!$B$3:$N422,8,FALSE),"")} -> 44 | Q19: {=IFERROR(VLOOKUP(P19,Dex!$P$22:$Q$276,2,FALSE),"")}
E20: ATK | F20: {=IFERROR(VLOOKUP(E6,Dex!$B$3:$N422,9,FALSE),"")} -> 80 | G20: {=IFERROR(VLOOKUP(F20,Dex!$P$22:$Q$276,2,FALSE),"")} | J20: ATK | K20: {=IFERROR(VLOOKUP(J6,Dex!$B$3:$N422,9,FALSE),"")} -> 50 | L20: {=IFERROR(VLOOKUP(K20,Dex!$P$22:$Q$276,2,FALSE),"")} | O20: ATK | P20: {=IFERROR(VLOOKUP(O6,Dex!$B$3:$N422,9,FALSE),"")} -> 48 | Q20: {=IFERROR(VLOOKUP(P20,Dex!$P$22:$Q$276,2,FALSE),"")}
E21: DEF | F21: {=IFERROR(VLOOKUP(E6,Dex!$B$3:$N422,10,FALSE),"")} -> 50 | G21: {=IFERROR(VLOOKUP(F21,Dex!$P$22:$Q$276,2,FALSE),"")} | J21: DEF | K21: {=IFERROR(VLOOKUP(J6,Dex!$B$3:$N422,10,FALSE),"")} -> 58 | L21: {=IFERROR(VLOOKUP(K21,Dex!$P$22:$Q$276,2,FALSE),"")} | O21: DEF | P21: {=IFERROR(VLOOKUP(O6,Dex!$B$3:$N422,10,FALSE),"")} -> 65 | Q21: {=IFERROR(VLOOKUP(P21,Dex!$P$22:$Q$276,2,FALSE),"")}
E22: SPA | F22: {=IFERROR(VLOOKUP(E6,Dex!$B$3:$N422,11,FALSE),"")} -> 40 | G22: {=IFERROR(VLOOKUP(F22,Dex!$P$22:$Q$276,2,FALSE),"")} | J22: SPA | K22: {=IFERROR(VLOOKUP(J6,Dex!$B$3:$N422,11,FALSE),"")} -> 73 | L22: {=IFERROR(VLOOKUP(K22,Dex!$P$22:$Q$276,2,FALSE),"")} | O22: SPA | P22: {=IFERROR(VLOOKUP(O6,Dex!$B$3:$N422,11,FALSE),"")} -> 50 | Q22: {=IFERROR(VLOOKUP(P22,Dex!$P$22:$Q$276,2,FALSE),"")}
E23: SPD | F23: {=IFERROR(VLOOKUP(E6,Dex!$B$3:$N422,12,FALSE),"")} -> 40 | G23: {=IFERROR(VLOOKUP(F23,Dex!$P$22:$Q$276,2,FALSE),"")} | J23: SPD | K23: {=IFERROR(VLOOKUP(J6,Dex!$B$3:$N422,12,FALSE),"")} -> 54 | L23: {=IFERROR(VLOOKUP(K23,Dex!$P$22:$Q$276,2,FALSE),"")} | O23: SPD | P23: {=IFERROR(VLOOKUP(O6,Dex!$B$3:$N422,12,FALSE),"")} -> 64 | Q23: {=IFERROR(VLOOKUP(P23,Dex!$P$22:$Q$276,2,FALSE),"")}
C24: IF YOU'RE | E24: SPE | F24: {=IFERROR(VLOOKUP(E6,Dex!$B$3:$N422,13,FALSE),"")} -> 30 | G24: {=IFERROR(VLOOKUP(F24,Dex!$P$22:$Q$276,2,FALSE),"")} | J24: SPE | K24: {=IFERROR(VLOOKUP(J6,Dex!$B$3:$N422,13,FALSE),"")} -> 72 | L24: {=IFERROR(VLOOKUP(K24,Dex!$P$22:$Q$276,2,FALSE),"")} | O24: SPE | P24: {=IFERROR(VLOOKUP(O6,Dex!$B$3:$N422,13,FALSE),"")} -> 43 | Q24: {=IFERROR(VLOOKUP(P24,Dex!$P$22:$Q$276,2,FALSE),"")}
C25: LEVEL 16 ->> | E25: SPEED STAT: | H25: =ROUNDDOWN((ROUNDDOWN(((((2*F24+31)*15)/100+5)),0))*1,0) -> 18 | J25: SPEED STAT: | M25: =ROUNDDOWN((ROUNDDOWN(((((2*K24+31)*15)/100+5)),0))*1.1,0) -> 34 | O25: SPEED STAT: | R25: =ROUNDDOWN((ROUNDDOWN(((((2*P24+31)*16)/100+5)),0))*1,0) -> 23
E27: (!) IF RIVAL HAS CHARMANDER
C29: =IMAGE("https://i.ibb.co/fXwks6z/Rival.png") | E29: {=IFERROR(VLOOKUP(E30,Dex!$B$3:$G422,3,FALSE),"")} | J29: {=IFERROR(VLOOKUP(J30,Dex!$B$3:$G422,3,FALSE),"")} | O29: {=IFERROR(VLOOKUP(O30,Dex!$B$3:$G422,3,FALSE),"")}
C30: ROUTE 22 #1 RIVAL | E30: Snubbull | J30: Slowpoke | O30: Charmander
E31: Highest Lv -1 | J31: Highest Lv -1 | O31: Highest Lv
F32: {=IFERROR(VLOOKUP(E30,Dex!$B$3:$H422,5,FALSE),"")} | K32: {=IFERROR(VLOOKUP(J30,Dex!$B$3:$H422,5,FALSE),"")} | L32: {=IFERROR(VLOOKUP(J30,Dex!$B$3:$H422,7,FALSE),"")} | P32: {=IFERROR(VLOOKUP(O30,Dex!$B$3:$H422,5,FALSE),"")}
E34: Adamant | J34: Bold | O34: Jolly
E35: Intimidate | J35: Regenerator | O35: Solar Power
E36: Muscle Band | J36: Leftovers | O36: Muscle Band
E37: Pow-Up Punch | H37: =IMAGE("https://raw.githubusercontent.com/msikma/pokesprite/master/misc/types/gen8/fighting.png",4,20,20) | J37: Thunder Wave | M37: =IMAGE("https://raw.githubusercontent.com/msikma/pokesprite/master/misc/types/gen8/electric.png",4,20,20) | O37: Pow-Up Punch | R37: =IMAGE("https://raw.githubusercontent.com/msikma/pokesprite/master/misc/types/gen8/fighting.png",4,20,20)
E38: Covet | H38: =IMAGE("https://raw.githubusercontent.com/msikma/pokesprite/master/misc/types/gen8/fairy.png",4,20,20) | J38: Water Pulse | M38: =IMAGE("https://raw.githubusercontent.com/msikma/pokesprite/master/misc/types/gen8/water.png",4,20,20) | O38: Fire Fang | R38: =IMAGE("https://raw.githubusercontent.com/msikma/pokesprite/master/misc/types/gen8/fire.png",4,20,20)
E39: Thunder Wave | H39: =IMAGE("https://raw.githubusercontent.com/msikma/pokesprite/master/misc/types/gen8/electric.png",4,20,20) | J39: Psybeam | M39: =IMAGE("https://raw.githubusercontent.com/msikma/pokesprite/master/misc/types/gen8/psychic.png",4,20,20) | O39: Thunder Punch | R39: =IMAGE("https://raw.githubusercontent.com/msikma/pokesprite/master/misc/types/gen8/electric.png",4,20,20)
E40: Fire Fang | H40: =IMAGE("https://raw.githubusercontent.com/msikma/pokesprite/master/misc/types/gen8/fire.png",4,20,20) | J40: Teleport | M40: =IMAGE("https://raw.githubusercontent.com/msikma/pokesprite/master/misc/types/gen8/psychic.png",4,20,20) | O40: Slash | R40: =IMAGE("https://raw.githubusercontent.com/msikma/pokesprite/master/misc/types/gen8/normal.png",4,20,20)
E42: BASE STATS | J42: BASE STATS | O42: BASE STATS
E43: HP | F43: {=IFERROR(VLOOKUP(E30,Dex!$B$3:$N422,8,FALSE),"")} -> 60 | G43: {=IFERROR(VLOOKUP(F43,Dex!$P$22:$Q$276,2,FALSE),"")} | J43: HP | K43: {=IFERROR(VLOOKUP(J30,Dex!$B$3:$N422,8,FALSE),"")} -> 90 | L43: {=IFERROR(VLOOKUP(K43,Dex!$P$22:$Q$276,2,FALSE),"")} | O43: HP | P43: {=IFERROR(VLOOKUP(O30,Dex!$B$3:$N422,8,FALSE),"")} -> 39 | Q43: {=IFERROR(VLOOKUP(P43,Dex!$P$22:$Q$276,2,FALSE),"")}
E44: ATK | F44: {=IFERROR(VLOOKUP(E30,Dex!$B$3:$N422,9,FALSE),"")} -> 80 | G44: {=IFERROR(VLOOKUP(F44,Dex!$P$22:$Q$276,2,FALSE),"")} | J44: ATK | K44: {=IFERROR(VLOOKUP(J30,Dex!$B$3:$N422,9,FALSE),"")} -> 65 | L44: {=IFERROR(VLOOKUP(K44,Dex!$P$22:$Q$276,2,FALSE),"")} | O44: ATK | P44: {=IFERROR(VLOOKUP(O30,Dex!$B$3:$N422,9,FALSE),"")} -> 52 | Q44: {=IFERROR(VLOOKUP(P44,Dex!$P$22:$Q$276,2,FALSE),"")}
E45: DEF | F45: {=IFERROR(VLOOKUP(E30,Dex!$B$3:$N422,10,FALSE),"")} -> 50 | G45: {=IFERROR(VLOOKUP(F45,Dex!$P$22:$Q$276,2,FALSE),"")} | J45: DEF | K45: {=IFERROR(VLOOKUP(J30,Dex!$B$3:$N422,10,FALSE),"")} -> 65 | L45: {=IFERROR(VLOOKUP(K45,Dex!$P$22:$Q$276,2,FALSE),"")} | O45: DEF | P45: {=IFERROR(VLOOKUP(O30,Dex!$B$3:$N422,10,FALSE),"")} -> 43 | Q45: {=IFERROR(VLOOKUP(P45,Dex!$P$22:$Q$276,2,FALSE),"")}
E46: SPA | F46: {=IFERROR(VLOOKUP(E30,Dex!$B$3:$N422,11,FALSE),"")} -> 40 | G46: {=IFERROR(VLOOKUP(F46,Dex!$P$22:$Q$276,2,FALSE),"")} | J46: SPA | K46: {=IFERROR(VLOOKUP(J30,Dex!$B$3:$N422,11,FALSE),"")} -> 40 | L46: {=IFERROR(VLOOKUP(K46,Dex!$P$22:$Q$276,2,FALSE),"")} | O46: SPA | P46: {=IFERROR(VLOOKUP(O30,Dex!$B$3:$N422,11,FALSE),"")} -> 60 | Q46: {=IFERROR(VLOOKUP(P46,Dex!$P$22:$Q$276,2,FALSE),"")}
E47: SPD | F47: {=IFERROR(VLOOKUP(E30,Dex!$B$3:$N422,12,FALSE),"")} -> 40 | G47: {=IFERROR(VLOOKUP(F47,Dex!$P$22:$Q$276,2,FALSE),"")} | J47: SPD | K47: {=IFERROR(VLOOKUP(J30,Dex!$B$3:$N422,12,FALSE),"")} -> 40 | L47: {=IFERROR(VLOOKUP(K47,Dex!$P$22:$Q$276,2,FALSE),"")} | O47: SPD | P47: {=IFERROR(VLOOKUP(O30,Dex!$B$3:$N422,12,FALSE),"")} -> 50 | Q47: {=IFERROR(VLOOKUP(P47,Dex!$P$22:$Q$276,2,FALSE),"")}
C48: IF YOU'RE | E48: SPE | F48: {=IFERROR(VLOOKUP(E30,Dex!$B$3:$N422,13,FALSE),"")} -> 30 | G48: {=IFERROR(VLOOKUP(F48,Dex!$P$22:$Q$276,2,FALSE),"")} | J48: SPE | K48: {=IFERROR(VLOOKUP(J30,Dex!$B$3:$N422,13,FALSE),"")} -> 15 | L48: {=IFERROR(VLOOKUP(K48,Dex!$P$22:$Q$276,2,FALSE),"")} | O48: SPE | P48: {=IFERROR(VLOOKUP(O30,Dex!$B$3:$N422,13,FALSE),"")} -> 65 | Q48: {=IFERROR(VLOOKUP(P48,Dex!$P$22:$Q$276,2,FALSE),"")}
C49: LEVEL 16 ->> | E49: SPEED STAT: | H49: =ROUNDDOWN((ROUNDDOWN(((((2*F48+31)*15)/100+5)),0))*1,0) -> 18 | J49: SPEED STAT: | M49: =ROUNDDOWN((ROUNDDOWN(((((2*K48+31)*15)/100+5)),0))*1,0) -> 14 | O49: SPEED STAT: | R49: =ROUNDDOWN((ROUNDDOWN(((((2*P48+31)*16)/100+5)),0))*1.1,0) -> 33
E51: (!) IF RIVAL HAS BULBASAUR
C53: =IMAGE("https://i.ibb.co/fXwks6z/Rival.png") | E53: {=IFERROR(VLOOKUP(E54,Dex!$B$3:$G422,3,FALSE),"")} | J53: {=IFERROR(VLOOKUP(J54,Dex!$B$3:$G422,3,FALSE),"")} | O53: {=IFERROR(VLOOKUP(O54,Dex!$B$3:$G422,3,FALSE),"")}
C54: ROUTE 22 #1 RIVAL | E54: Snubbull | J54: Slowpoke | O54: Bulbasaur
E55: Highest Lv -1 | J55: Highest Lv -1 | O55: Highest Lv
F56: {=IFERROR(VLOOKUP(E54,Dex!$B$3:$H422,5,FALSE),"")} | K56: {=IFERROR(VLOOKUP(J54,Dex!$B$3:$H422,5,FALSE),"")} | L56: {=IFERROR(VLOOKUP(J54,Dex!$B$3:$H422,7,FALSE),"")} | P56: {=IFERROR(VLOOKUP(O54,Dex!$B$3:$H422,5,FALSE),"")} | Q56: {=IFERROR(VLOOKUP(O54,Dex!$B$3:$H422,7,FALSE),"")}
E58: Adamant | J58: Bold | O58: Timid
E59: Intimidate | J59: Regenerator | O59: Overgrow
E60: Muscle Band | J60: Leftovers | O60: Oran Berry
E61: Pow-Up Punch | H61: =IMAGE("https://raw.githubusercontent.com/msikma/pokesprite/master/misc/types/gen8/fighting.png",4,20,20) | J61: Thunder Wave | M61: =IMAGE("https://raw.githubusercontent.com/msikma/pokesprite/master/misc/types/gen8/electric.png",4,20,20) | O61: Sleep Powder | R61: =IMAGE("https://raw.githubusercontent.com/msikma/pokesprite/master/misc/types/gen8/grass.png",4,20,20)
E62: Covet | H62: =IMAGE("https://raw.githubusercontent.com/msikma/pokesprite/master/misc/types/gen8/fairy.png",4,20,20) | J62: Water Pulse | M62: =IMAGE("https://raw.githubusercontent.com/msikma/pokesprite/master/misc/types/gen8/water.png",4,20,20) | O62: Mega Drain | R62: =IMAGE("https://raw.githubusercontent.com/msikma/pokesprite/master/misc/types/gen8/grass.png",4,20,20)
E63: Thunder Wave | H63: =IMAGE("https://raw.githubusercontent.com/msikma/pokesprite/master/misc/types/gen8/electric.png",4,20,20) | J63: Psybeam | M63: =IMAGE("https://raw.githubusercontent.com/msikma/pokesprite/master/misc/types/gen8/psychic.png",4,20,20) | O63: Sludge | R63: =IMAGE("https://raw.githubusercontent.com/msikma/pokesprite/master/misc/types/gen8/poison.png",4,20,20)
E64: Fire Fang | H64: =IMAGE("https://raw.githubusercontent.com/msikma/pokesprite/master/misc/types/gen8/fire.png",4,20,20) | J64: Teleport | M64: =IMAGE("https://raw.githubusercontent.com/msikma/pokesprite/master/misc/types/gen8/psychic.png",4,20,20) | O64: Growth | R64: =IMAGE("https://raw.githubusercontent.com/msikma/pokesprite/master/misc/types/gen8/normal.png",4,20,20)
E66: BASE STATS | J66: BASE STATS | O66: BASE STATS
E67: HP | F67: {=IFERROR(VLOOKUP(E54,Dex!$B$3:$N422,8,FALSE),"")} -> 60 | G67: {=IFERROR(VLOOKUP(F67,Dex!$P$22:$Q$276,2,FALSE),"")} | J67: HP | K67: {=IFERROR(VLOOKUP(J54,Dex!$B$3:$N422,8,FALSE),"")} -> 90 | L67: {=IFERROR(VLOOKUP(K67,Dex!$P$22:$Q$276,2,FALSE),"")} | O67: HP | P67: {=IFERROR(VLOOKUP(O54,Dex!$B$3:$N422,8,FALSE),"")} -> 45 | Q67: {=IFERROR(VLOOKUP(P67,Dex!$P$22:$Q$276,2,FALSE),"")}
E68: ATK | F68: {=IFERROR(VLOOKUP(E54,Dex!$B$3:$N422,9,FALSE),"")} -> 80 | G68: {=IFERROR(VLOOKUP(F68,Dex!$P$22:$Q$276,2,FALSE),"")} | J68: ATK | K68: {=IFERROR(VLOOKUP(J54,Dex!$B$3:$N422,9,FALSE),"")} -> 65 | L68: {=IFERROR(VLOOKUP(K68,Dex!$P$22:$Q$276,2,FALSE),"")} | O68: ATK | P68: {=IFERROR(VLOOKUP(O54,Dex!$B$3:$N422,9,FALSE),"")} -> 49 | Q68: {=IFERROR(VLOOKUP(P68,Dex!$P$22:$Q$276,2,FALSE),"")}
E69: DEF | F69: {=IFERROR(VLOOKUP(E54,Dex!$B$3:$N422,10,FALSE),"")} -> 50 | G69: {=IFERROR(VLOOKUP(F69,Dex!$P$22:$Q$276,2,FALSE),"")} | J69: DEF | K69: {=IFERROR(VLOOKUP(J54,Dex!$B$3:$N422,10,FALSE),"")} -> 65 | L69: {=IFERROR(VLOOKUP(K69,Dex!$P$22:$Q$276,2,FALSE),"")} | O69: DEF | P69: {=IFERROR(VLOOKUP(O54,Dex!$B$3:$N422,10,FALSE),"")} -> 49 | Q69: {=IFERROR(VLOOKUP(P69,Dex!$P$22:$Q$276,2,FALSE),"")}
E70: SPA | F70: {=IFERROR(VLOOKUP(E54,Dex!$B$3:$N422,11,FALSE),"")} -> 40 | G70: {=IFERROR(VLOOKUP(F70,Dex!$P$22:$Q$276,2,FALSE),"")} | J70: SPA | K70: {=IFERROR(VLOOKUP(J54,Dex!$B$3:$N422,11,FALSE),"")} -> 40 | L70: {=IFERROR(VLOOKUP(K70,Dex!$P$22:$Q$276,2,FALSE),"")} | O70: SPA | P70: {=IFERROR(VLOOKUP(O54,Dex!$B$3:$N422,11,FALSE),"")} -> 65 | Q70: {=IFERROR(VLOOKUP(P70,Dex!$P$22:$Q$276,2,FALSE),"")}
E71: SPD | F71: {=IFERROR(VLOOKUP(E54,Dex!$B$3:$N422,12,FALSE),"")} -> 40 | G71: {=IFERROR(VLOOKUP(F71,Dex!$P$22:$Q$276,2,FALSE),"")} | J71: SPD | K71: {=IFERROR(VLOOKUP(J54,Dex!$B$3:$N422,12,FALSE),"")} -> 40 | L71: {=IFERROR(VLOOKUP(K71,Dex!$P$22:$Q$276,2,FALSE),"")} | O71: SPD | P71: {=IFERROR(VLOOKUP(O54,Dex!$B$3:$N422,12,FALSE),"")} -> 65 | Q71: {=IFERROR(VLOOKUP(P71,Dex!$P$22:$Q$276,2,FALSE),"")}
C72: IF YOU'RE | E72: SPE | F72: {=IFERROR(VLOOKUP(E54,Dex!$B$3:$N422,13,FALSE),"")} -> 30 | G72: {=IFERROR(VLOOKUP(F72,Dex!$P$22:$Q$276,2,FALSE),"")} | J72: SPE | K72: {=IFERROR(VLOOKUP(J54,Dex!$B$3:$N422,13,FALSE),"")} -> 15 | L72: {=IFERROR(VLOOKUP(K72,Dex!$P$22:$Q$276,2,FALSE),"")} | O72: SPE | P72: {=IFERROR(VLOOKUP(O54,Dex!$B$3:$N422,13,FALSE),"")} -> 45 | Q72: {=IFERROR(VLOOKUP(P72,Dex!$P$22:$Q$276,2,FALSE),"")}
C73: LEVEL 16 ->> | E73: SPEED STAT: | H73: =ROUNDDOWN((ROUNDDOWN(((((2*F72+31)*15)/100+5)),0))*1,0) -> 18 | J73: SPEED STAT: | M73: =ROUNDDOWN((ROUNDDOWN(((((2*K72+31)*15)/100+5)),0))*1,0) -> 14 | O73: SPEED STAT: | R73: =ROUNDDOWN((ROUNDDOWN(((((2*P72+31)*16)/100+5)),0))*1.1,0) -> 26
C76: =IMAGE("https://i.ibb.co/rpm30sn/Brendan.png") | E76: {=IFERROR(VLOOKUP(E77,Dex!$B$3:$G422,3,FALSE),"")} | J76: {=IFERROR(VLOOKUP(J77,Dex!$B$3:$G422,3,FALSE),"")} | O76: {=IFERROR(VLOOKUP(O77,Dex!$B$3:$G422,3,FALSE),"")} | T76: {=IFERROR(VLOOKUP(T77,Dex!$B$3:$G422,3,FALSE),"")}
C77: VIRID. FOREST BRENDAN | E77: Meditite | J77: Corphish | O77: Numel | T77: Treecko
E78: Highest Lv -2 | J78: Highest Lv -1 | O78: Highest Lv -1 | T78: Highest Lv
F79: {=IFERROR(VLOOKUP(E77,Dex!$B$3:$H422,5,FALSE),"")} | G79: {=IFERROR(VLOOKUP(E77,Dex!$B$3:$H422,7,FALSE),"")} | K79: {=IFERROR(VLOOKUP(J77,Dex!$B$3:$H422,5,FALSE),"")} | P79: {=IFERROR(VLOOKUP(O77,Dex!$B$3:$H422,5,FALSE),"")} | Q79: {=IFERROR(VLOOKUP(O77,Dex!$B$3:$H422,7,FALSE),"")} | U79: {=IFERROR(VLOOKUP(T77,Dex!$B$3:$H422,5,FALSE),"")}
E81: Adamant | J81: Adamant | O81: Lonely | T81: Adamant
E82: Pure Power | J82: Adaptability | O82: Simple | T82: Unburden
E83: Muscle Band | H83: =IMAGE("https://raw.githubusercontent.com/msikma/pokesprite/master/items/hold-item/muscle-band.png",3) | J83: Mystic Water | M83: =IMAGE("https://raw.githubusercontent.com/msikma/pokesprite/master/items/hold-item/mystic-water.png",3) | O83: Passho Berry | R83: =IMAGE("https://raw.githubusercontent.com/msikma/pokesprite/master/items/berry/passho.png",3) | T83: Oran Berry | W83: =IMAGE("https://raw.githubusercontent.com/msikma/pokesprite/master/items/berry/oran.png",3)
E84: Fake Out | H84: =IMAGE("https://raw.githubusercontent.com/msikma/pokesprite/master/misc/types/gen8/normal.png",4,20,20) | J84: Aqua Jet | M84: =IMAGE("https://raw.githubusercontent.com/msikma/pokesprite/master/misc/types/gen8/water.png",4,20,20) | O84: Ancient Power | R84: =IMAGE("https://raw.githubusercontent.com/msikma/pokesprite/master/misc/types/gen8/rock.png",4,20,20) | T84: Pow-Up Punch | W84: =IMAGE("https://raw.githubusercontent.com/msikma/pokesprite/master/misc/types/gen8/fighting.png",4,20,20)
E85: Rock Smash | H85: =IMAGE("https://raw.githubusercontent.com/msikma/pokesprite/master/misc/types/gen8/fighting.png",4,20,20) | J85: Aerial Ace | M85: =IMAGE("https://raw.githubusercontent.com/msikma/pokesprite/master/misc/types/gen8/flying.png",4,20,20) | O85: Flame Charge | R85: =IMAGE("https://raw.githubusercontent.com/msikma/pokesprite/master/misc/types/gen8/fire.png",4,20,20) | T85: Bullet Seed | W85: =IMAGE("https://raw.githubusercontent.com/msikma/pokesprite/master/misc/types/gen8/grass.png",4,20,20)
E86: Bullet Punch | H86: =IMAGE("https://raw.githubusercontent.com/msikma/pokesprite/master/misc/types/gen8/steel.png",4,20,20) | J86: Rock Tomb | M86: =IMAGE("https://raw.githubusercontent.com/msikma/pokesprite/master/misc/types/gen8/rock.png",4,20,20) | O86: Rock Tomb | R86: =IMAGE("https://raw.githubusercontent.com/msikma/pokesprite/master/misc/types/gen8/rock.png",4,20,20) | T86: Drain Punch | W86: =IMAGE("https://raw.githubusercontent.com/msikma/pokesprite/master/misc/types/gen8/fighting.png",4,20,20)
E87: Rock Tomb | H87: =IMAGE("https://raw.githubusercontent.com/msikma/pokesprite/master/misc/types/gen8/rock.png",4,20,20) | J87: Knock Off | M87: =IMAGE("https://raw.githubusercontent.com/msikma/pokesprite/master/misc/types/gen8/dark.png",4,20,20) | O87: Bulldoze | R87: =IMAGE("https://raw.githubusercontent.com/msikma/pokesprite/master/misc/types/gen8/ground.png",4,20,20) | T87: Rock Tomb | W87: =IMAGE("https://raw.githubusercontent.com/msikma/pokesprite/master/misc/types/gen8/rock.png",4,20,20)
E89: BASE STATS | J89: BASE STATS | O89: BASE STATS | T89: BASE STATS
E90: HP | F90: {=IFERROR(VLOOKUP(E77,Dex!$B$3:$N422,8,FALSE),"")} -> 30 | G90: {=IFERROR(VLOOKUP(F90,Dex!$P$22:$Q$276,2,FALSE),"")} | J90: HP | K90: {=IFERROR(VLOOKUP(J77,Dex!$B$3:$N422,8,FALSE),"")} -> 43 | L90: {=IFERROR(VLOOKUP(K90,Dex!$P$22:$Q$276,2,FALSE),"")} | O90: HP | P90: {=IFERROR(VLOOKUP(O77,Dex!$B$3:$N422,8,FALSE),"")} -> 60 | Q90: {=IFERROR(VLOOKUP(P90,Dex!$P$22:$Q$276,2,FALSE),"")} | T90: HP | U90: {=IFERROR(VLOOKUP(T77,Dex!$B$3:$N422,8,FALSE),"")} -> 40 | V90: {=IFERROR(VLOOKUP(U90,Dex!$P$22:$Q$276,2,FALSE),"")}
E91: ATK | F91: {=IFERROR(VLOOKUP(E77,Dex!$B$3:$N422,9,FALSE),"")} -> 40 | G91: {=IFERROR(VLOOKUP(F91,Dex!$P$22:$Q$276,2,FALSE),"")} | J91: ATK | K91: {=IFERROR(VLOOKUP(J77,Dex!$B$3:$N422,9,FALSE),"")} -> 80 | L91: {=IFERROR(VLOOKUP(K91,Dex!$P$22:$Q$276,2,FALSE),"")} | O91: ATK | P91: {=IFERROR(VLOOKUP(O77,Dex!$B$3:$N422,9,FALSE),"")} -> 60 | Q91: {=IFERROR(VLOOKUP(P91,Dex!$P$22:$Q$276,2,FALSE),"")} | T91: ATK | U91: {=IFERROR(VLOOKUP(T77,Dex!$B$3:$N422,9,FALSE),"")} -> 45 | V91: {=IFERROR(VLOOKUP(U91,Dex!$P$22:$Q$276,2,FALSE),"")}
E92: DEF | F92: {=IFERROR(VLOOKUP(E77,Dex!$B$3:$N422,10,FALSE),"")} -> 55 | G92: {=IFERROR(VLOOKUP(F92,Dex!$P$22:$Q$276,2,FALSE),"")} | J92: DEF | K92: {=IFERROR(VLOOKUP(J77,Dex!$B$3:$N422,10,FALSE),"")} -> 65 | L92: {=IFERROR(VLOOKUP(K92,Dex!$P$22:$Q$276,2,FALSE),"")} | O92: DEF | P92: {=IFERROR(VLOOKUP(O77,Dex!$B$3:$N422,10,FALSE),"")} -> 40 | Q92: {=IFERROR(VLOOKUP(P92,Dex!$P$22:$Q$276,2,FALSE),"")} | T92: DEF | U92: {=IFERROR(VLOOKUP(T77,Dex!$B$3:$N422,10,FALSE),"")} -> 35 | V92: {=IFERROR(VLOOKUP(U92,Dex!$P$22:$Q$276,2,FALSE),"")}
E93: SPA | F93: {=IFERROR(VLOOKUP(E77,Dex!$B$3:$N422,11,FALSE),"")} -> 40 | G93: {=IFERROR(VLOOKUP(F93,Dex!$P$22:$Q$276,2,FALSE),"")} | J93: SPA | K93: {=IFERROR(VLOOKUP(J77,Dex!$B$3:$N422,11,FALSE),"")} -> 50 | L93: {=IFERROR(VLOOKUP(K93,Dex!$P$22:$Q$276,2,FALSE),"")} | O93: SPA | P93: {=IFERROR(VLOOKUP(O77,Dex!$B$3:$N422,11,FALSE),"")} -> 65 | Q93: {=IFERROR(VLOOKUP(P93,Dex!$P$22:$Q$276,2,FALSE),"")} | T93: SPA | U93: {=IFERROR(VLOOKUP(T77,Dex!$B$3:$N422,11,FALSE),"")} -> 65 | V93: {=IFERROR(VLOOKUP(U93,Dex!$P$22:$Q$276,2,FALSE),"")}
E94: SPD | F94: {=IFERROR(VLOOKUP(E77,Dex!$B$3:$N422,12,FALSE),"")} -> 55 | G94: {=IFERROR(VLOOKUP(F94,Dex!$P$22:$Q$276,2,FALSE),"")} | J94: SPD | K94: {=IFERROR(VLOOKUP(J77,Dex!$B$3:$N422,12,FALSE),"")} -> 35 | L94: {=IFERROR(VLOOKUP(K94,Dex!$P$22:$Q$276,2,FALSE),"")} | O94: SPD | P94: {=IFERROR(VLOOKUP(O77,Dex!$B$3:$N422,12,FALSE),"")} -> 45 | Q94: {=IFERROR(VLOOKUP(P94,Dex!$P$22:$Q$276,2,FALSE),"")} | T94: SPD | U94: {=IFERROR(VLOOKUP(T77,Dex!$B$3:$N422,12,FALSE),"")} -> 55 | V94: {=IFERROR(VLOOKUP(U94,Dex!$P$22:$Q$276,2,FALSE),"")}
C95: IF YOU'RE | E95: SPE | F95: {=IFERROR(VLOOKUP(E77,Dex!$B$3:$N422,13,FALSE),"")} -> 60 | G95: {=IFERROR(VLOOKUP(F95,Dex!$P$22:$Q$276,2,FALSE),"")} | J95: SPE | K95: {=IFERROR(VLOOKUP(J77,Dex!$B$3:$N422,13,FALSE),"")} -> 35 | L95: {=IFERROR(VLOOKUP(K95,Dex!$P$22:$Q$276,2,FALSE),"")} | O95: SPE | P95: {=IFERROR(VLOOKUP(O77,Dex!$B$3:$N422,13,FALSE),"")} -> 35 | Q95: {=IFERROR(VLOOKUP(P95,Dex!$P$22:$Q$276,2,FALSE),"")} | T95: SPE | U95: {=IFERROR(VLOOKUP(T77,Dex!$B$3:$N422,13,FALSE),"")} -> 70 | V95: {=IFERROR(VLOOKUP(U95,Dex!$P$22:$Q$276,2,FALSE),"")}
C96: LEVEL 16 ->> | E96: SPEED STAT: | H96: =ROUNDDOWN((ROUNDDOWN(((((2*F95+31)*14)/100+5)),0))*1,0) -> 26 | J96: SPEED STAT: | M96: =ROUNDDOWN((ROUNDDOWN(((((2*K95+31)*15)/100+5)),0))*1,0) -> 20 | O96: SPEED STAT: | R96: =ROUNDDOWN((ROUNDDOWN(((((2*P95+31)*15)/100+5)),0))*1,0) -> 20 | T96: SPEED STAT: | W96: =ROUNDDOWN((ROUNDDOWN(((((2*U95+31)*16)/100+5)),0))*1,0) -> 32
T97: UNBURDEN: | W97: =W96*2 -> 64
E100: (!) IF RIVAL HAS SQUIRTLE
C102: =IMAGE("https://i.ibb.co/fXwks6z/Rival.png") | E102: {=IFERROR(VLOOKUP(E103,Dex!$B$3:$G422,3,FALSE),"")} | J102: {=IFERROR(VLOOKUP(J103,Dex!$B$3:$G422,3,FALSE),"")} | O102: {=IFERROR(VLOOKUP(O103,Dex!$B$3:$G422,3,FALSE),"")} | T102: {=IFERROR(VLOOKUP(T103,Dex!$B$3:$G422,3,FALSE),"")} | Y102: {=IFERROR(VLOOKUP(Y103,Dex!$B$3:$G422,3,FALSE),"")} | AD102: {=IFERROR(VLOOKUP(AD103,Dex!$B$3:$G422,3,FALSE),"")}
C103: CERULEAN CITY RIVAL | E103: Hitmonlee | J103: Eevee | O103: Clefable | T103: Simisear | Y103: Arbok | AD103: Wartortle
E104: Highest Lv -1 | J104: Highest Lv -2 | O104: Highest Lv -1 | T104: Highest Lv -1 | Y104: Highest Lv | AD104: Highest Lv
F105: {=IFERROR(VLOOKUP(E103,Dex!$B$3:$H422,5,FALSE),"")} | K105: {=IFERROR(VLOOKUP(J103,Dex!$B$3:$H422,5,FALSE),"")} | P105: {=IFERROR(VLOOKUP(O103,Dex!$B$3:$H422,5,FALSE),"")} | U105: {=IFERROR(VLOOKUP(T103,Dex!$B$3:$H422,5,FALSE),"")} | Z105: {=IFERROR(VLOOKUP(Y103,Dex!$B$3:$H422,5,FALSE),"")} | AA105: {=IFERROR(VLOOKUP(Y103,Dex!$B$3:$H422,7,FALSE),"")} | AE105: {=IFERROR(VLOOKUP(AD103,Dex!$B$3:$H422,5,FALSE),"")}
E107: Jolly | J107: Rash | O107: Timid | T107: Timid | Y107: Jolly | AD107: Modest
E108: Striker | J108: Adaptability | O108: Magic Guard | T108: Sage Power | Y108: Intimidate | AD108: Torrent
E109: Black Belt | J109: Eevium Z | O109: Life Orb | T109: Charcoal | Y109: Poison Barb | AD109: Eviolite
E110: Bullet Punch | H110: =IMAGE("https://raw.githubusercontent.com/msikma/pokesprite/master/misc/types/gen8/steel.png",4,20,20) | J110: Last Resort | M110: =IMAGE("https://raw.githubusercontent.com/msikma/pokesprite/master/misc/types/gen8/normal.png",4,20,20) | O110: Charge Beam | R110: =IMAGE("https://raw.githubusercontent.com/msikma/pokesprite/master/misc/types/gen8/electric.png",4,20,20) | T110: Incinerate | W110: =IMAGE("https://raw.githubusercontent.com/msikma/pokesprite/master/misc/types/gen8/fire.png",4,20,20) | Y110: Poison Jab | AB110: =IMAGE("https://raw.githubusercontent.com/msikma/pokesprite/master/misc/types/gen8/poison.png",4,20,20) | AD110: Shell Smash | AG110: =IMAGE("https://raw.githubusercontent.com/msikma/pokesprite/master/misc/types/gen8/normal.png",4,20,20)
E111: Knock Off | H111: =IMAGE("https://raw.githubusercontent.com/msikma/pokesprite/master/misc/types/gen8/dark.png",4,20,20) | J111: Round | M111: =IMAGE("https://raw.githubusercontent.com/msikma/pokesprite/master/misc/types/gen8/normal.png",4,20,20) | O111: Draining Kiss | R111: =IMAGE("https://raw.githubusercontent.com/msikma/pokesprite/master/misc/types/gen8/fairy.png",4,20,20) | T111: Grass Knot | W111: =IMAGE("https://raw.githubusercontent.com/msikma/pokesprite/master/misc/types/gen8/grass.png",4,20,20) | Y111: Sucker Punch | AB111: =IMAGE("https://raw.githubusercontent.com/msikma/pokesprite/master/misc/types/gen8/dark.png",4,20,20) | AD111: Water Pulse | AG111: =IMAGE("https://raw.githubusercontent.com/msikma/pokesprite/master/misc/types/gen8/water.png",4,20,20)
E112: Fake Out | H112: =IMAGE("https://raw.githubusercontent.com/msikma/pokesprite/master/misc/types/gen8/normal.png",4,20,20) | J112: Double Kick | M112: =IMAGE("https://raw.githubusercontent.com/msikma/pokesprite/master/misc/types/gen8/fighting.png",4,20,20) | O112: Icy Wind | R112: =IMAGE("https://raw.githubusercontent.com/msikma/pokesprite/master/misc/types/gen8/ice.png",4,20,20) | T112: HP Rock | W112: =IMAGE("https://raw.githubusercontent.com/msikma/pokesprite/master/misc/types/gen8/rock.png",4,20,20) | Y112: Crunch | AB112: =IMAGE("https://raw.githubusercontent.com/msikma/pokesprite/master/misc/types/gen8/dark.png",4,20,20) | AD112: Icy Wind | AG112: =IMAGE("https://raw.githubusercontent.com/msikma/pokesprite/master/misc/types/gen8/ice.png",4,20,20)
E113: Low Sweep | H113: =IMAGE("https://raw.githubusercontent.com/msikma/pokesprite/master/misc/types/gen8/fighting.png",4,20,20) | J113: Bite | M113: =IMAGE("https://raw.githubusercontent.com/msikma/pokesprite/master/misc/types/gen8/dark.png",4,20,20) | O113: Mystical Fire | R113: =IMAGE("https://raw.githubusercontent.com/msikma/pokesprite/master/misc/types/gen8/fire.png",4,20,20) | T113: Sleep Talk | W113: =IMAGE("https://raw.githubusercontent.com/msikma/pokesprite/master/misc/types/gen8/normal.png",4,20,20) | Y113: Thunder Fang | AB113: =IMAGE("https://raw.githubusercontent.com/msikma/pokesprite/master/misc/types/gen8/electric.png",4,20,20) | AD113: HP Electric | AG113: =IMAGE("https://raw.githubusercontent.com/msikma/pokesprite/master/misc/types/gen8/electric.png",4,20,20)
E115: BASE STATS | J115: BASE STATS | O115: BASE STATS | T115: BASE STATS | Y115: BASE STATS | AD115: BASE STATS
E116: HP | F116: {=IFERROR(VLOOKUP(E103,Dex!$B$3:$N422,8,FALSE),"")} -> 50 | G116: {=IFERROR(VLOOKUP(F116,Dex!$P$22:$Q$276,2,FALSE),"")} | J116: HP | K116: {=IFERROR(VLOOKUP(J103,Dex!$B$3:$N422,8,FALSE),"")} -> 55 | L116: {=IFERROR(VLOOKUP(K116,Dex!$P$22:$Q$276,2,FALSE),"")} | O116: HP | P116: {=IFERROR(VLOOKUP(O103,Dex!$B$3:$N422,8,FALSE),"")} -> 95 | Q116: {=IFERROR(VLOOKUP(P116,Dex!$P$22:$Q$276,2,FALSE),"")} | T116: HP | U116: {=IFERROR(VLOOKUP(T103,Dex!$B$3:$N422,8,FALSE),"")} -> 75 | V116: {=IFERROR(VLOOKUP(U116,Dex!$P$22:$Q$276,2,FALSE),"")} | Y116: HP | Z116: {=IFERROR(VLOOKUP(Y103,Dex!$B$3:$N422,8,FALSE),"")} -> 75 | AA116: {=IFERROR(VLOOKUP(Z116,Dex!$P$22:$Q$276,2,FALSE),"")} | AD116: HP | AE116: {=IFERROR(VLOOKUP(AD103,Dex!$B$3:$N422,8,FALSE),"")} -> 59 | AF116: {=IFERROR(VLOOKUP(AE116,Dex!$P$22:$Q$276,2,FALSE),"")}
E117: ATK | F117: {=IFERROR(VLOOKUP(E103,Dex!$B$3:$N422,9,FALSE),"")} -> 120 | G117: {=IFERROR(VLOOKUP(F117,Dex!$P$22:$Q$276,2,FALSE),"")} | J117: ATK | K117: {=IFERROR(VLOOKUP(J103,Dex!$B$3:$N422,9,FALSE),"")} -> 55 | L117: {=IFERROR(VLOOKUP(K117,Dex!$P$22:$Q$276,2,FALSE),"")} | O117: ATK | P117: {=IFERROR(VLOOKUP(O103,Dex!$B$3:$N422,9,FALSE),"")} -> 70 | Q117: {=IFERROR(VLOOKUP(P117,Dex!$P$22:$Q$276,2,FALSE),"")} | T117: ATK | U117: {=IFERROR(VLOOKUP(T103,Dex!$B$3:$N422,9,FALSE),"")} -> 98 | V117: {=IFERROR(VLOOKUP(U117,Dex!$P$22:$Q$276,2,FALSE),"")} | Y117: ATK | Z117: {=IFERROR(VLOOKUP(Y103,Dex!$B$3:$N422,9,FALSE),"")} -> 95 | AA117: {=IFERROR(VLOOKUP(Z117,Dex!$P$22:$Q$276,2,FALSE),"")} | AD117: ATK | AE117: {=IFERROR(VLOOKUP(AD103,Dex!$B$3:$N422,9,FALSE),"")} -> 63 | AF117: {=IFERROR(VLOOKUP(AE117,Dex!$P$22:$Q$276,2,FALSE),"")}
E118: DEF | F118: {=IFERROR(VLOOKUP(E103,Dex!$B$3:$N422,10,FALSE),"")} -> 53 | G118: {=IFERROR(VLOOKUP(F118,Dex!$P$22:$Q$276,2,FALSE),"")} | J118: DEF | K118: {=IFERROR(VLOOKUP(J103,Dex!$B$3:$N422,10,FALSE),"")} -> 50 | L118: {=IFERROR(VLOOKUP(K118,Dex!$P$22:$Q$276,2,FALSE),"")} | O118: DEF | P118: {=IFERROR(VLOOKUP(O103,Dex!$B$3:$N422,10,FALSE),"")} -> 73 | Q118: {=IFERROR(VLOOKUP(P118,Dex!$P$22:$Q$276,2,FALSE),"")} | T118: DEF | U118: {=IFERROR(VLOOKUP(T103,Dex!$B$3:$N422,10,FALSE),"")} -> 63 | V118: {=IFERROR(VLOOKUP(U118,Dex!$P$22:$Q$276,2,FALSE),"")} | Y118: DEF | Z118: {=IFERROR(VLOOKUP(Y103,Dex!$B$3:$N422,10,FALSE),"")} -> 75 | AA118: {=IFERROR(VLOOKUP(Z118,Dex!$P$22:$Q$276,2,FALSE),"")} | AD118: DEF | AE118: {=IFERROR(VLOOKUP(AD103,Dex!$B$3:$N422,10,FALSE),"")} -> 80 | AF118: {=IFERROR(VLOOKUP(AE118,Dex!$P$22:$Q$276,2,FALSE),"")}
E119: SPA | F119: {=IFERROR(VLOOKUP(E103,Dex!$B$3:$N422,11,FALSE),"")} -> 35 | G119: {=IFERROR(VLOOKUP(F119,Dex!$P$22:$Q$276,2,FALSE),"")} | J119: SPA | K119: {=IFERROR(VLOOKUP(J103,Dex!$B$3:$N422,11,FALSE),"")} -> 45 | L119: {=IFERROR(VLOOKUP(K119,Dex!$P$22:$Q$276,2,FALSE),"")} | O119: SPA | P119: {=IFERROR(VLOOKUP(O103,Dex!$B$3:$N422,11,FALSE),"")} -> 95 | Q119: {=IFERROR(VLOOKUP(P119,Dex!$P$22:$Q$276,2,FALSE),"")} | T119: SPA | U119: {=IFERROR(VLOOKUP(T103,Dex!$B$3:$N422,11,FALSE),"")} -> 98 | V119: {=IFERROR(VLOOKUP(U119,Dex!$P$22:$Q$276,2,FALSE),"")} | Y119: SPA | Z119: {=IFERROR(VLOOKUP(Y103,Dex!$B$3:$N422,11,FALSE),"")} -> 65 | AA119: {=IFERROR(VLOOKUP(Z119,Dex!$P$22:$Q$276,2,FALSE),"")} | AD119: SPA | AE119: {=IFERROR(VLOOKUP(AD103,Dex!$B$3:$N422,11,FALSE),"")} -> 65 | AF119: {=IFERROR(VLOOKUP(AE119,Dex!$P$22:$Q$276,2,FALSE),"")}
E120: SPD | F120: {=IFERROR(VLOOKUP(E103,Dex!$B$3:$N422,12,FALSE),"")} -> 110 | G120: {=IFERROR(VLOOKUP(F120,Dex!$P$22:$Q$276,2,FALSE),"")} | J120: SPD | K120: {=IFERROR(VLOOKUP(J103,Dex!$B$3:$N422,12,FALSE),"")} -> 65 | L120: {=IFERROR(VLOOKUP(K120,Dex!$P$22:$Q$276,2,FALSE),"")} | O120: SPD | P120: {=IFERROR(VLOOKUP(O103,Dex!$B$3:$N422,12,FALSE),"")} -> 90 | Q120: {=IFERROR(VLOOKUP(P120,Dex!$P$22:$Q$276,2,FALSE),"")} | T120: SPD | U120: {=IFERROR(VLOOKUP(T103,Dex!$B$3:$N422,12,FALSE),"")} -> 63 | V120: {=IFERROR(VLOOKUP(U120,Dex!$P$22:$Q$276,2,FALSE),"")} | Y120: SPD | Z120: {=IFERROR(VLOOKUP(Y103,Dex!$B$3:$N422,12,FALSE),"")} -> 79 | AA120: {=IFERROR(VLOOKUP(Z120,Dex!$P$22:$Q$276,2,FALSE),"")} | AD120: SPD | AE120: {=IFERROR(VLOOKUP(AD103,Dex!$B$3:$N422,12,FALSE),"")} -> 80 | AF120: {=IFERROR(VLOOKUP(AE120,Dex!$P$22:$Q$276,2,FALSE),"")}
