Workbook

Sheet Main
C3: PLEASE CHECK THE OTHER TABS AT THE BOTTOM! THIS IS ONLY THE FIRST TAB.
C4: IT IS RECOMMENDED THAT YOU ZOOM OUT TO SEE EVERYTHING BETTER.
C5: CLICK/TAP THE LINK INSIDE THAT BOX TO ACCESS THE TRAINER ORDER.
C6: REPORT MISTAKES IN THE #DOCUMENTATION-REPORTS CHANNEL ON OUR DISCORD SERVER.
C8: LEVEL CAPS
E10: Pre-Brock (15)
E12: Pre-Mt. Moon Archer (22)
E14: Pre-Misty (27)
E16: Pre-Lt. Surge (34)
E18: Pre-Erika (44)
E20: Pre-Game Corner Giovanni (47)
E22: Pre-Silph Co. Archer & Ariana (56)
E24: Pre-Giovanni Silph Co. (57)
E26: Pre-Sabrina (59)
E28: Pre-Koga (68)
E30: Pre-May (73)
E32: Pre-Blaine (76)
... E44: Post Game (100)
C46: HOW TO GET FOCUS SASH AND CHOICE ITEMS FROM QUESTS (MGM)
E48: Show a Pokémon with 125+ base stat in the respective stat (Chuck asks for a Pokémon with strong attack, show a mon with 125+ base attack like Terrakion).
C50: ABOUT THE SHEET
E52: All of the info in this sheet should be 100% accurate, because it was obtained via byte copying and using the Stat Scanner for EVs and IVs.
E54: Even if something looks VERY wrong, that's how it is in-game. Though, feel free to report text typos if you ever find those.
E56: Most of the opposing Pokémon's moves in this sheet are PP maxed. If the team has a Paldea Pokémon, it's likely that all the Pokémon in the team have PP maxed moves.
E58: Generally, if a Pokémon has Gyro Ball in its moveset or is part of a Trick Room team, you can safely assume 0 speed IVs.
E60: Rival's chosen starter determines what team he gets. If he has the Squirtle team, that means the player chose a Fire-type starter Pokémon.
E62: Status moves don't have a type icon near them, for the reader to identify damaging moves and their types better.
E64: In Minimal Grinding Mode, opponents don't have EVs. Except for one specific case which is the Ghost Marowak, having 252 HP EVs.
E66: After you become the Champion, every level scale (excluding Postgame trainers) will be two levels higher.
E68: All speed stats are determined based on the point when you're expected to battle with the trainer at that specific juncture in the game.

Sheet Trainer Order
C3: (!) CLICK ON TRAINER'S NAME | F3: LEVEL CAPS
C4: TO INSTANTLY GO TO PAGE!
C6: (OPTIONAL)
C7: =IMAGE("https://i.ibb.co/fXwks6z/Rival.png",4,150,150) | D7: RIVAL | F7: 15
D8: ROUTE 22
C11: =IMAGE("https://i.ibb.co/10ZXyNx/Brendan.png",4,150,150) | D11: BRENDAN | F11: 15
D12: VIRIDIAN FOREST
C15: =IMAGE("https://i.ibb.co/8sm893K/Lass.png",4,150,150) | D15: LASS ANNE | F15: 15
D16: VIRIDIAN FOREST
C19: (OPTIONAL)
C20: =IMAGE("https://i.ibb.co/26kF6WW/Ace-Trainer-F.png",4,150,150) | D20: ACE NELLE | F20: 15
D21: VIRIDIAN FOREST
C24: =IMAGE("https://i.ibb.co/NWQ5Qdk/Falkner.png",4,150,150) | D24: FALKNER | F24: 15
D25: PEWTER CITY
C28: =IMAGE("https://i.ibb.co/RBhc6sL/Brock.png",4,150,150) | D28: BROCK | F28: 15
D29: PEWTER CITY
C32: =IMAGE("https://i.ibb.co/zFMzgnB/Super-Nerd.png",4,150,150) | D32: SUPER NERD MIGUEL | F32: 22
D33: MT. MOON
C36: =IMAGE("https://i.ibb.co/xhnkr2Z/Archer.png",4,150,150) | D36: ARCHER | F36: 22
D37: MT. MOON
C40: =IMAGE("https://i.ibb.co/fXwks6z/Rival.png",4,150,150) | D40: RIVAL | F40: 27
D41: CERULEAN CITY
C44: =IMAGE("https://i.ibb.co/8D0GLzq/Bug-Catcher.png",4,150,150) | D44: CATCHER CALE | F44: 27
D45: NUGGET BRIDGE
C48: =IMAGE("https://i.ibb.co/8sm893K/Lass.png",4,150,150) | D48: LASS ALI | F48: 27
D49: NUGGET BRIDGE
C52: =IMAGE("https://i.ibb.co/6nGd7Gm/Youngster.png",4,150,150) | D52: YOUNGSTER TIMMY | F52: 27
D53: NUGGET BRIDGE
C56: =IMAGE("https://i.ibb.co/8sm893K/Lass.png",4,150,150) | D56: LASS RELI | F56: 27
D57: NUGGET BRIDGE
C60: =IMAGE("https://i.ibb.co/VxD4KtV/Camper.png",4,150,150) | D60: CAMPER ETHAN | F60: 27
D61: NUGGET BRIDGE
C64: =IMAGE("https://i.ibb.co/FzKmMqb/Grunt.png",4,150,150) | D64: GRUNT | F64: 27
D65: NUGGET BRIDGE
C68: (OPTIONAL)
C69: =IMAGE("https://i.ibb.co/Lrh0bjy/Bugsy.png",4,150,150) | D69: BUGSY | F69: 27
D70: ROUTE 25
C73: =IMAGE("https://i.ibb.co/hZTdVGf/Misty.png",4,150,150) | D73: MISTY | F73: 27
D74: CERULEAN CITY
C77: =IMAGE("https://i.ibb.co/FzKmMqb/Grunt.png",4,150,150) | D77: GRUNT | F77: 27
D78: DIG HOUSE
C81: =IMAGE("https://i.ibb.co/sKw2Sqx/Ann-Gentleman.png",4,150,150) | D81: ANN & BROOKS | F81: 27
D82: S.S. ANNE
C85: =IMAGE("https://i.ibb.co/4dkFCJ5/Sailors.png",4,150,150) | D85: EDMOND & TREVOR | F85: 27
D86: S.S. ANNE
C89: =IMAGE("https://i.ibb.co/10ZXyNx/Brendan.png",4,150,150) | D89: BRENDAN | F89: 27
D90: S.S. ANNE
C93: (OPTIONAL)
C94: =IMAGE("https://i.ibb.co/JtgmCkX/Whitney.png",4,150,150) | D94: WHITNEY | F94: 27
D95: ROUTE 11
C98: =IMAGE("https://i.ibb.co/w6kjj5K/Surge.png",4,150,150) | D98: LT. SURGE | F98: 34
D99: VERMILLION CITY
C102: =IMAGE("https://i.ibb.co/YhmcnsP/Picnicker.png",4,150,150) | D102: PICNICKER CAITLIN | F102: 34
D103: ROUTE 9
C106: (OPTIONAL)
C107: =IMAGE("https://i.ibb.co/h9K4sWf/Morty.png",4,150,150) | D107: MORTY | F107: 34
D108: LAVENDER TOWN
C111: =IMAGE("https://i.ibb.co/MPXzmB0/Erika.png",4,150,150) | D111: ERIKA | F111: 44
D112: CELADON CITY
C115: =IMAGE("https://i.ibb.co/FzKmMqb/Grunt.png",4,150,150) | D115: GUARD | F115: 47
D116: GAME CORNER
C119: =IMAGE("https://i.ibb.co/FzKmMqb/Grunt.png",4,150,150) | D119: LEFT GUARD | F119: 47
D120: ROCKET HIDEOUT
C123: =IMAGE("https://i.ibb.co/FzKmMqb/Grunt.png",4,150,150) | D123: RIGHT GUARD | F123: 47
D124: ROCKET HIDEOUT
C127: =IMAGE("https://i.ibb.co/WfLWZS3/Giovanni.png",4,150,150) | D127: GIOVANNI | F127: 47
D128: ROCKET HIDEOUT
C131: (OPTIONAL)
C132: =IMAGE("https://i.ibb.co/TKBZjnF/Ace-Trainer-M.png",4,150,150) | D132: ACE COLE | F132: 59
D133: ROUTE 8
C136: (OPTIONAL)
C137: =IMAGE("https://i.ibb.co/3ygqV6X/Beauty.png",4,150,150) | D137: BEAUTY SAM | F137: 59
D138: CELADON CITY HOTEL
C141: (OPTIONAL)
C142: =IMAGE("https://i.ibb.co/3ygqV6X/Beauty.png",4,150,150) | D142: BEAUTY SHELLY
D143: CELADON CITY HOTEL
C146: =IMAGE("https://i.ibb.co/JdWvt93/Ghost.png",4,150,150) | D146: GHOST | F146: 56
D147: POKEMON TOWER
C150: =IMAGE("https://i.ibb.co/fXwks6z/Rival.png",4,150,150) | D150: RIVAL | F150: 56
D151: SILPH CO.
C154: =IMAGE("https://i.ibb.co/4M2rgHN/Archer-Ariana.png",4,150,150) | D154: ARIANA & ARCHER | F154: 56
D155: SILPH CO.
C158: =IMAGE("https://i.ibb.co/WfLWZS3/Giovanni.png",4,150,150) | D158: GIOVANNI | F158: 57
D159: SILPH CO.
C162: (OPTIONAL)
C163: =IMAGE("https://i.ibb.co/8rG6Bgc/Chuck.png",4,150,150) | D163: CHUCK | F163: 34
D164: SAFFRON CITY
C167: =IMAGE("https://i.ibb.co/kx6FHjN/Sabrina.png",4,150,150) | D167: SABRINA | F167: 59
D168: SAFFRON CITY
C171: (OPTIONAL)
C172: =IMAGE("https://i.ibb.co/yWmgksb/Kid.png",4,150,150) | D172: DUMASS KID | F172: 59
D173: SAFFRON CITY
C176: =IMAGE("https://i.ibb.co/B6sRjDp/Rocker.png",4,150,150) | D176: ROCKER LUCA | F176: 68
D177: ROUTE 12
C180: =IMAGE("https://i.ibb.co/VxD4KtV/Camper.png",4,150,150) | D180: CAMPER JUSTIN | F180: 68
D181: ROUTE 12
C184: =IMAGE("https://i.ibb.co/W01JP62/Fisherman.png",4,150,150) | D184: FISHERMAN ANDREW | F184: 68
D185: ROUTE 12
C188: =IMAGE("https://i.ibb.co/Y2xpLjR/Bird-Keeper.png",4,150,150) | D188: BIRD KE. SEBASTIAN | F188: 68
D189: ROUTE 13
...

Sheet Kanto Leaders
C3: =IMAGE("https://i.ibb.co/v10Rh61/Brock.png") | E3: {=IFERROR(VLOOKUP(E4,Dex!$B$3:$G191,3,FALSE),"")} | J3: {=IFERROR(VLOOKUP(J4,Dex!$B$3:$G191,3,FALSE),"")} | O3: {=IFERROR(VLOOKUP(O4,Dex!$B$3:$G191,3,FALSE),"")} | T3: {=IFERROR(VLOOKUP(T4,Dex!$B$3:$G191,3,FALSE),"")}
C4: GYM LEADER BROCK | E4: Geodude-A | J4: Varoom | O4: Onix | T4: Archen
E5: 13 | J5: 13 | O5: 14 | T5: 12
F6: {=IFERROR(VLOOKUP(E4,Dex!$B$3:$H191,5,FALSE),"")} | G6: {=IFERROR(VLOOKUP(E4,Dex!$B$3:$H191,7,FALSE),"")} | K6: {=IFERROR(VLOOKUP(J4,Dex!$B$3:$H191,5,FALSE),"")} | L6: {=IFERROR(VLOOKUP(J4,Dex!$B$3:$H191,7,FALSE),"")} | P6: {=IFERROR(VLOOKUP(O4,Dex!$B$3:$H191,5,FALSE),"")} | Q6: {=IFERROR(VLOOKUP(O4,Dex!$B$3:$H191,7,FALSE),"")} | U6: {=IFERROR(VLOOKUP(T4,Dex!$B$3:$H191,5,FALSE),"")} | V6: {=IFERROR(VLOOKUP(T4,Dex!$B$3:$H191,7,FALSE),"")}
E8: Adamant | J8: Brave | O8: Bashful | T8: Jolly
E9: Sturdy | J9: Filter | O9: Sturdy | T9: Defeatist
E10: Custap Berry | H10: =IMAGE("https://raw.githubusercontent.com/msikma/pokesprite/master/items/berry/custap.png",3) | J10: Air Balloon | M10: =IMAGE("https://raw.githubusercontent.com/msikma/pokesprite/master/items/hold-item/air-balloon.png",3) | O10: Berry Juice | R10: =IMAGE("https://raw.githubusercontent.com/msikma/pokesprite/master/items/medicine/berry-juice.png",3) | T10: Berry Juice | W10: =IMAGE("https://raw.githubusercontent.com/msikma/pokesprite/master/items/medicine/berry-juice.png",3)
E11: Bulldoze | H11: =IMAGE("https://raw.githubusercontent.com/msikma/pokesprite/master/misc/types/gen8/ground.png",4,20,20) | J11: Gyro Ball | M11: =IMAGE("https://raw.githubusercontent.com/msikma/pokesprite/master/misc/types/gen8/steel.png",4,20,20) | O11: Rock Tomb | R11: =IMAGE("https://raw.githubusercontent.com/msikma/pokesprite/master/misc/types/gen8/rock.png",4,20,20) | T11: Pluck | W11: =IMAGE("https://raw.githubusercontent.com/msikma/pokesprite/master/misc/types/gen8/flying.png",4,20,20)
E12: Rock Tomb | H12: =IMAGE("https://raw.githubusercontent.com/msikma/pokesprite/master/misc/types/gen8/rock.png",4,20,20) | J12: Bulldoze | M12: =IMAGE("https://raw.githubusercontent.com/msikma/pokesprite/master/misc/types/gen8/ground.png",4,20,20) | O12: Bulldoze | R12: =IMAGE("https://raw.githubusercontent.com/msikma/pokesprite/master/misc/types/gen8/ground.png",4,20,20) | T12: Rock Tomb | W12: =IMAGE("https://raw.githubusercontent.com/msikma/pokesprite/master/misc/types/gen8/rock.png",4,20,20)
E13: Spark | H13: =IMAGE("https://raw.githubusercontent.com/msikma/pokesprite/master/misc/types/gen8/electric.png",4,20,20) | J13: Toxic | M13: =IMAGE("https://raw.githubusercontent.com/msikma/pokesprite/master/misc/types/gen8/poison.png",4,20,20) | O13: Sleep Talk | R13: =IMAGE("https://raw.githubusercontent.com/msikma/pokesprite/master/misc/types/gen8/normal.png",4,20,20) | T13: Bulldoze | W13: =IMAGE("https://raw.githubusercontent.com/msikma/pokesprite/master/misc/types/gen8/ground.png",4,20,20)
E14: Self-Destruct | H14: =IMAGE("https://raw.githubusercontent.com/msikma/pokesprite/master/misc/types/gen8/normal.png",4,20,20) | J14: Protect | M14: =IMAGE("https://raw.githubusercontent.com/msikma/pokesprite/master/misc/types/gen8/normal.png",4,20,20) | O14: - | T14: Facade | W14: =IMAGE("https://raw.githubusercontent.com/msikma/pokesprite/master/misc/types/gen8/normal.png",4,20,20)
E16: BASE STATS | H16: EVs | J16: BASE STATS | M16: EVs | O16: BASE STATS | R16: EVs | T16: BASE STATS | W16: EVs
E17: HP | F17: {=IFERROR(VLOOKUP(E4,Dex!$B$3:$N191,8,FALSE),"")} -> 40 | G17: {=IFERROR(VLOOKUP(F17,Dex!$P$22:$Q$276,2,FALSE),"")} | J17: HP | K17: {=IFERROR(VLOOKUP(J4,Dex!$B$3:$N191,8,FALSE),"")} -> 45 | L17: {=IFERROR(VLOOKUP(K17,Dex!$P$22:$Q$276,2,FALSE),"")} | O17: HP | P17: {=IFERROR(VLOOKUP(O4,Dex!$B$3:$N191,8,FALSE),"")} -> 50 | Q17: {=IFERROR(VLOOKUP(P17,Dex!$P$22:$Q$276,2,FALSE),"")} | T17: HP | U17: {=IFERROR(VLOOKUP(T4,Dex!$B$3:$N191,8,FALSE),"")} -> 55 | V17: {=IFERROR(VLOOKUP(U17,Dex!$P$22:$Q$276,2,FALSE),"")}
E18: ATK | F18: {=IFERROR(VLOOKUP(E4,Dex!$B$3:$N191,9,FALSE),"")} -> 80 | G18: {=IFERROR(VLOOKUP(F18,Dex!$P$22:$Q$276,2,FALSE),"")} | J18: ATK | K18: {=IFERROR(VLOOKUP(J4,Dex!$B$3:$N191,9,FALSE),"")} -> 70 | L18: {=IFERROR(VLOOKUP(K18,Dex!$P$22:$Q$276,2,FALSE),"")} | O18: ATK | P18: {=IFERROR(VLOOKUP(O4,Dex!$B$3:$N191,9,FALSE),"")} -> 60 | Q18: {=IFERROR(VLOOKUP(P18,Dex!$P$22:$Q$276,2,FALSE),"")} | T18: ATK | U18: {=IFERROR(VLOOKUP(T4,Dex!$B$3:$N191,9,FALSE),"")} -> 112 | V18: {=IFERROR(VLOOKUP(U18,Dex!$P$22:$Q$276,2,FALSE),"")}
E19: DEF | F19: {=IFERROR(VLOOKUP(E4,Dex!$B$3:$N191,10,FALSE),"")} -> 100 | G19: {=IFERROR(VLOOKUP(F19,Dex!$P$22:$Q$276,2,FALSE),"")} | J19: DEF | K19: {=IFERROR(VLOOKUP(J4,Dex!$B$3:$N191,10,FALSE),"")} -> 63 | L19: {=IFERROR(VLOOKUP(K19,Dex!$P$22:$Q$276,2,FALSE),"")} | O19: DEF | P19: {=IFERROR(VLOOKUP(O4,Dex!$B$3:$N191,10,FALSE),"")} -> 150 | Q19: {=IFERROR(VLOOKUP(P19,Dex!$P$22:$Q$276,2,FALSE),"")} | T19: DEF | U19: {=IFERROR(VLOOKUP(T4,Dex!$B$3:$N191,10,FALSE),"")} -> 45 | V19: {=IFERROR(VLOOKUP(U19,Dex!$P$22:$Q$276,2,FALSE),"")}
E20: SPA | F20: {=IFERROR(VLOOKUP(E4,Dex!$B$3:$N191,11,FALSE),"")} -> 30 | G20: {=IFERROR(VLOOKUP(F20,Dex!$P$22:$Q$276,2,FALSE),"")} | J20: SPA | K20: {=IFERROR(VLOOKUP(J4,Dex!$B$3:$N191,11,FALSE),"")} -> 30 | L20: {=IFERROR(VLOOKUP(K20,Dex!$P$22:$Q$276,2,FALSE),"")} | O20: SPA | P20: {=IFERROR(VLOOKUP(O4,Dex!$B$3:$N191,11,FALSE),"")} -> 30 | Q20: {=IFERROR(VLOOKUP(P20,Dex!$P$22:$Q$276,2,FALSE),"")} | T20: SPA | U20: {=IFERROR(VLOOKUP(T4,Dex!$B$3:$N191,11,FALSE),"")} -> 74 | V20: {=IFERROR(VLOOKUP(U20,Dex!$P$22:$Q$276,2,FALSE),"")}
E21: SPD | F21: {=IFERROR(VLOOKUP(E4,Dex!$B$3:$N191,12,FALSE),"")} -> 30 | G21: {=IFERROR(VLOOKUP(F21,Dex!$P$22:$Q$276,2,FALSE),"")} | J21: SPD | K21: {=IFERROR(VLOOKUP(J4,Dex!$B$3:$N191,12,FALSE),"")} -> 45 | L21: {=IFERROR(VLOOKUP(K21,Dex!$P$22:$Q$276,2,FALSE),"")} | O21: SPD | P21: {=IFERROR(VLOOKUP(O4,Dex!$B$3:$N191,12,FALSE),"")} -> 45 | Q21: {=IFERROR(VLOOKUP(P21,Dex!$P$22:$Q$276,2,FALSE),"")} | T21: SPD | U21: {=IFERROR(VLOOKUP(T4,Dex!$B$3:$N191,12,FALSE),"")} -> 45 | V21: {=IFERROR(VLOOKUP(U21,Dex!$P$22:$Q$276,2,FALSE),"")}
E22: SPE | F22: {=IFERROR(VLOOKUP(E4,Dex!$B$3:$N191,13,FALSE),"")} -> 20 | G22: {=IFERROR(VLOOKUP(F22,Dex!$P$22:$Q$276,2,FALSE),"")} | J22: SPE | K22: {=IFERROR(VLOOKUP(J4,Dex!$B$3:$N191,13,FALSE),"")} -> 47 | L22: {=IFERROR(VLOOKUP(K22,Dex!$P$22:$Q$276,2,FALSE),"")} | O22: SPE | P22: {=IFERROR(VLOOKUP(O4,Dex!$B$3:$N191,13,FALSE),"")} -> 65 | Q22: {=IFERROR(VLOOKUP(P22,Dex!$P$22:$Q$276,2,FALSE),"")} | T22: SPE | U22: {=IFERROR(VLOOKUP(T4,Dex!$B$3:$N191,13,FALSE),"")} -> 70 | V22: {=IFERROR(VLOOKUP(U22,Dex!$P$22:$Q$276,2,FALSE),"")}
E23: SPEED STAT: | H23: 14 | J23: SPEED STAT: | M23: 15 | O23: SPEED STAT: | R23: 27 | T23: SPEED STAT: | W23: 27
C26: =IMAGE("https://i.ibb.co/mh2zYn4/Misty.png") | E26: {=IFERROR(VLOOKUP(E27,Dex!$B$3:$G191,3,FALSE),"")} | J26: {=IFERROR(VLOOKUP(J27,Dex!$B$3:$G191,3,FALSE),"")} | O26: {=IFERROR(VLOOKUP(O27,Dex!$B$3:$G191,3,FALSE),"")} | T26: {=IFERROR(VLOOKUP(T27,Dex!$B$3:$G191,3,FALSE),"")}
C27: GYM LEADER MISTY | E27: Frogadier | J27: Floatzel | O27: Starmie | T27: Clodsire
E28: 25 | J28: 25 | O28: 27 | T28: 26
F29: {=IFERROR(VLOOKUP(E27,Dex!$B$3:$H191,5,FALSE),"")} | K29: {=IFERROR(VLOOKUP(J27,Dex!$B$3:$H191,5,FALSE),"")} | P29: {=IFERROR(VLOOKUP(O27,Dex!$B$3:$H191,5,FALSE),"")} | Q29: {=IFERROR(VLOOKUP(O27,Dex!$B$3:$H191,7,FALSE),"")} | U29: {=IFERROR(VLOOKUP(T27,Dex!$B$3:$H191,5,FALSE),"")} | V29: {=IFERROR(VLOOKUP(T27,Dex!$B$3:$H191,7,FALSE),"")}
E31: Lonely | J31: Timid | O31: Timid | T31: Bold
E32: Protean | J32: Technician | O32: Analytic | T32: Water Absorb
E33: Eviolite | H33: =IMAGE("https://raw.githubusercontent.com/msikma/pokesprite/master/items/hold-item/eviolite.png",3) | J33: Mystic Water | M33: =IMAGE("https://raw.githubusercontent.com/msikma/pokesprite/master/items/hold-item/mystic-water.png",3) | O33: Sitrus Berry | R33: =IMAGE("https://raw.githubusercontent.com/msikma/pokesprite/master/items/berry/sitrus.png",3) | T33: Iapapa Berry | W33: =IMAGE("https://raw.githubusercontent.com/msikma/pokesprite/master/items/berry/iapapa.png",3)
E34: Ice Punch | H34: =IMAGE("https://raw.githubusercontent.com/msikma/pokesprite/master/misc/types/gen8/ice.png",4,20,20) | J34: Water Pulse | M34: =IMAGE("https://raw.githubusercontent.com/msikma/pokesprite/master/misc/types/gen8/water.png",4,20,20) | O34: Psyshock | R34: =IMAGE("https://raw.githubusercontent.com/msikma/pokesprite/master/misc/types/gen8/psychic.png",4,20,20) | T34: Poison Jab | W34: =IMAGE("https://raw.githubusercontent.com/msikma/pokesprite/master/misc/types/gen8/poison.png",4,20,20)
E35: Rock Tomb | H35: =IMAGE("https://raw.githubusercontent.com/msikma/pokesprite/master/misc/types/gen8/rock.png",4,20,20) | J35: Flip Turn | M35: =IMAGE("https://raw.githubusercontent.com/msikma/pokesprite/master/misc/types/gen8/water.png",4,20,20) | O35: Water Pulse | R35: =IMAGE("https://raw.githubusercontent.com/msikma/pokesprite/master/misc/types/gen8/water.png",4,20,20) | T35: Bulldoze | W35: =IMAGE("https://raw.githubusercontent.com/msikma/pokesprite/master/misc/types/gen8/ground.png",4,20,20)
E36: Flip Turn | H36: =IMAGE("https://raw.githubusercontent.com/msikma/pokesprite/master/misc/types/gen8/water.png",4,20,20) | J36: Icy Wind | M36: =IMAGE("https://raw.githubusercontent.com/msikma/pokesprite/master/misc/types/gen8/ice.png",4,20,20) | O36: Recover | R36: =IMAGE("https://raw.githubusercontent.com/msikma/pokesprite/master/misc/types/gen8/normal.png",4,20,20) | T36: Rock Tomb | W36: =IMAGE("https://raw.githubusercontent.com/msikma/pokesprite/master/misc/types/gen8/rock.png",4,20,20)
E37: Grass Knot | H37: =IMAGE("https://raw.githubusercontent.com/msikma/pokesprite/master/misc/types/gen8/grass.png",4,20,20) | J37: HP Grass | M37: =IMAGE("https://raw.githubusercontent.com/msikma/pokesprite/master/misc/types/gen8/grass.png",4,20,20) | O37: Aurora Beam | R37: =IMAGE("https://raw.githubusercontent.com/msikma/pokesprite/master/misc/types/gen8/ice.png",4,20,20) | T37: Recover | W37: =IMAGE("https://raw.githubusercontent.com/msikma/pokesprite/master/misc/types/gen8/normal.png",4,20,20)
E39: BASE STATS | H39: EVs | J39: BASE STATS | M39: EVs | O39: BASE STATS | R39: EVs | T39: BASE STATS | W39: EVs
E40: HP | F40: {=IFERROR(VLOOKUP(E27,Dex!$B$3:$N191,8,FALSE),"")} -> 54 | G40: {=IFERROR(VLOOKUP(F40,Dex!$P$22:$Q$276,2,FALSE),"")} | H40: 100 | J40: HP | K40: {=IFERROR(VLOOKUP(J27,Dex!$B$3:$N191,8,FALSE),"")} -> 85 | L40: {=IFERROR(VLOOKUP(K40,Dex!$P$22:$Q$276,2,FALSE),"")} | O40: HP | P40: {=IFERROR(VLOOKUP(O27,Dex!$B$3:$N191,8,FALSE),"")} -> 60 | Q40: {=IFERROR(VLOOKUP(P40,Dex!$P$22:$Q$276,2,FALSE),"")} | T40: HP | U40: {=IFERROR(VLOOKUP(T27,Dex!$B$3:$N191,8,FALSE),"")} -> 130 | V40: {=IFERROR(VLOOKUP(U40,Dex!$P$22:$Q$276,2,FALSE),"")}
E41: ATK | F41: {=IFERROR(VLOOKUP(E27,Dex!$B$3:$N191,9,FALSE),"")} -> 63 | G41: {=IFERROR(VLOOKUP(F41,Dex!$P$22:$Q$276,2,FALSE),"")} | H41: 40 | J41: ATK | K41: {=IFERROR(VLOOKUP(J27,Dex!$B$3:$N191,9,FALSE),"")} -> 90 | L41: {=IFERROR(VLOOKUP(K41,Dex!$P$22:$Q$276,2,FALSE),"")} | O41: ATK | P41: {=IFERROR(VLOOKUP(O27,Dex!$B$3:$N191,9,FALSE),"")} -> 75 | Q41: {=IFERROR(VLOOKUP(P41,Dex!$P$22:$Q$276,2,FALSE),"")} | T41: ATK | U41: {=IFERROR(VLOOKUP(T27,Dex!$B$3:$N191,9,FALSE),"")} -> 75 | V41: {=IFERROR(VLOOKUP(U41,Dex!$P$22:$Q$276,2,FALSE),"")}
E42: DEF | F42: {=IFERROR(VLOOKUP(E27,Dex!$B$3:$N191,10,FALSE),"")} -> 52 | G42: {=IFERROR(VLOOKUP(F42,Dex!$P$22:$Q$276,2,FALSE),"")} | J42: DEF | K42: {=IFERROR(VLOOKUP(J27,Dex!$B$3:$N191,10,FALSE),"")} -> 55 | L42: {=IFERROR(VLOOKUP(K42,Dex!$P$22:$Q$276,2,FALSE),"")} | O42: DEF | P42: {=IFERROR(VLOOKUP(O27,Dex!$B$3:$N191,10,FALSE),"")} -> 85 | Q42: {=IFERROR(VLOOKUP(P42,Dex!$P$22:$Q$276,2,FALSE),"")} | T42: DEF | U42: {=IFERROR(VLOOKUP(T27,Dex!$B$3:$N191,10,FALSE),"")} -> 60 | V42: {=IFERROR(VLOOKUP(U42,Dex!$P$22:$Q$276,2,FALSE),"")}
E43: SPA | F43: {=IFERROR(VLOOKUP(E27,Dex!$B$3:$N191,11,FALSE),"")} -> 83 | G43: {=IFERROR(VLOOKUP(F43,Dex!$P$22:$Q$276,2,FALSE),"")} | H43: 40 | J43: SPA | K43: {=IFERROR(VLOOKUP(J27,Dex!$B$3:$N191,11,FALSE),"")} -> 95 | L43: {=IFERROR(VLOOKUP(K43,Dex!$P$22:$Q$276,2,FALSE),"")} | O43: SPA | P43: {=IFERROR(VLOOKUP(O27,Dex!$B$3:$N191,11,FALSE),"")} -> 100 | Q43: {=IFERROR(VLOOKUP(P43,Dex!$P$22:$Q$276,2,FALSE),"")} | T43: SPA | U43: {=IFERROR(VLOOKUP(T27,Dex!$B$3:$N191,11,FALSE),"")} -> 45 | V43: {=IFERROR(VLOOKUP(U43,Dex!$P$22:$Q$276,2,FALSE),"")}
E44: SPD | F44: {=IFERROR(VLOOKUP(E27,Dex!$B$3:$N191,12,FALSE),"")} -> 56 | G44: {=IFERROR(VLOOKUP(F44,Dex!$P$22:$Q$276,2,FALSE),"")} | J44: SPD | K44: {=IFERROR(VLOOKUP(J27,Dex!$B$3:$N191,12,FALSE),"")} -> 50 | L44: {=IFERROR(VLOOKUP(K44,Dex!$P$22:$Q$276,2,FALSE),"")} | O44: SPD | P44: {=IFERROR(VLOOKUP(O27,Dex!$B$3:$N191,12,FALSE),"")} -> 85 | Q44: {=IFERROR(VLOOKUP(P44,Dex!$P$22:$Q$276,2,FALSE),"")} | T44: SPD | U44: {=IFERROR(VLOOKUP(T27,Dex!$B$3:$N191,12,FALSE),"")} -> 100 | V44: {=IFERROR(VLOOKUP(U44,Dex!$P$22:$Q$276,2,FALSE),"")}
E45: SPE | F45: {=IFERROR(VLOOKUP(E27,Dex!$B$3:$N191,13,FALSE),"")} -> 97 | G45: {=IFERROR(VLOOKUP(F45,Dex!$P$22:$Q$276,2,FALSE),"")} | J45: SPE | K45: {=IFERROR(VLOOKUP(J27,Dex!$B$3:$N191,13,FALSE),"")} -> 115 | L45: {=IFERROR(VLOOKUP(K45,Dex!$P$22:$Q$276,2,FALSE),"")} | O45: SPE | P45: {=IFERROR(VLOOKUP(O27,Dex!$B$3:$N191,13,FALSE),"")} -> 115 | Q45: {=IFERROR(VLOOKUP(P45,Dex!$P$22:$Q$276,2,FALSE),"")} | T45: SPE | U45: {=IFERROR(VLOOKUP(T27,Dex!$B$3:$N191,13,FALSE),"")} -> 20 | V45: {=IFERROR(VLOOKUP(U45,Dex!$P$22:$Q$276,2,FALSE),"")}
E46: SPEED STAT: | H46: 61 | J46: SPEED STAT: | M46: 77 | O46: SPEED STAT: | R46: 82 | T46: SPEED STAT: | W46: 23
C49: =IMAGE("https://i.ibb.co/w6kjj5K/Surge.png") | E49: {=IFERROR(VLOOKUP(E50,Dex!$B$3:$G191,3,FALSE),"")} | J49: {=IFERROR(VLOOKUP(J50,Dex!$B$3:$G191,3,FALSE),"")} | O49: {=IFERROR(VLOOKUP(O50,Dex!$B$3:$G191,3,FALSE),"")} | T49: {=IFERROR(VLOOKUP(T50,Dex!$B$3:$G191,3,FALSE),"")} | Y49: {=IFERROR(VLOOKUP(Y50,Dex!$B$3:$G191,3,FALSE),"")}
C50: GYM LEADER LT. SURGE | E50: Pincurchin | J50: Vikavolt | O50: Bellibolt | T50: Pawmot | Y50: Manectric-Mega
E51: 32 | J51: 33 | O51: 33 | T51: 33 | Y51: 34
F52: {=IFERROR(VLOOKUP(E50,Dex!$B$3:$H191,5,FALSE),"")} | G52: {=IFERROR(VLOOKUP(E50,Dex!$B$3:$H191,7,FALSE),"")} | K52: {=IFERROR(VLOOKUP(J50,Dex!$B$3:$H191,5,FALSE),"")} | L52: {=IFERROR(VLOOKUP(J50,Dex!$B$3:$H191,7,FALSE),"")} | P52: {=IFERROR(VLOOKUP(O50,Dex!$B$3:$H191,5,FALSE),"")} | U52: {=IFERROR(VLOOKUP(T50,Dex!$B$3:$H191,5,FALSE),"")} | V52: {=IFERROR(VLOOKUP(T50,Dex!$B$3:$H191,7,FALSE),"")} | Z52: {=IFERROR(VLOOKUP(Y50,Dex!$B$3:$H191,5,FALSE),"")}
E54: Bold | J54: Calm | O54: Bold | T54: Jolly | Y54: Timid
E55: Electric Surge | J55: Levitate | O55: Electromorphosis | T55: Iron Fist | Y55: Intimidate (Both)
E56: Terrain Extend. | H56: =IMAGE("https://raw.githubusercontent.com/msikma/pokesprite/master/items/hold-item/terrain-extender.png",3) | J56: Occa Berry | M56: =IMAGE("https://raw.githubusercontent.com/msikma/pokesprite/master/items/berry/occa.png",3) | O56: Shuca Berry | R56: =IMAGE("https://raw.githubusercontent.com/msikma/pokesprite/master/items/berry/shuca.png",3) | T56: Focus Sash | W56: =IMAGE("https://raw.githubusercontent.com/msikma/pokesprite/master/items/hold-item/focus-sash.png",3) | Y56: Manectite | AB56: =IMAGE("https://raw.githubusercontent.com/msikma/pokesprite/master/items/mega-stone/manectite.png",3)
E57: Volt Switch | H57: =IMAGE("https://raw.githubusercontent.com/msikma/pokesprite/master/misc/types/gen8/electric.png",4,20,20) | J57: Volt Switch | M57: =IMAGE("https://raw.githubusercontent.com/msikma/pokesprite/master/misc/types/gen8/electric.png",4,20,20) | O57: Parab. Charge | R57: =IMAGE("https://raw.githubusercontent.com/msikma/pokesprite/master/misc/types/gen8/electric.png",4,20,20) | T57: Drain Punch | W57: =IMAGE("https://raw.githubusercontent.com/msikma/pokesprite/master/misc/types/gen8/fighting.png",4,20,20) | Y57: Charge Beam | AB57: =IMAGE("https://raw.githubusercontent.com/msikma/pokesprite/master/misc/types/gen8/electric.png",4,20,20)
E58: Scald | H58: =IMAGE("https://raw.githubusercontent.com/msikma/pokesprite/master/misc/types/gen8/water.png",4,20,20) | J58: Bug Buzz | M58: =IMAGE("https://raw.githubusercontent.com/msikma/pokesprite/master/misc/types/gen8/bug.png",4,20,20) | O58: Muddy Water | R58: =IMAGE("https://raw.githubusercontent.com/msikma/pokesprite/master/misc/types/gen8/water.png",4,20,20) | T58: Thunder Punch | W58: =IMAGE("https://raw.githubusercontent.com/msikma/pokesprite/master/misc/types/gen8/electric.png",4,20,20) | Y58: Volt Switch | AB58: =IMAGE("https://raw.githubusercontent.com/msikma/pokesprite/master/misc/types/gen8/electric.png",4,20,20)
E59: Discharge | H59: =IMAGE("https://raw.githubusercontent.com/msikma/pokesprite/master/misc/types/gen8/electric.png",4,20,20) | J59: Roost | M59: =IMAGE("https://raw.githubusercontent.com/msikma/pokesprite/master/misc/types/gen8/flying.png",4,20,20) | O59: Thunder Wave | R59: =IMAGE("https://raw.githubusercontent.com/msikma/pokesprite/master/misc/types/gen8/electric.png",4,20,20) | T59: Ice Punch | W59: =IMAGE("https://raw.githubusercontent.com/msikma/pokesprite/master/misc/types/gen8/ice.png",4,20,20) | Y59: Flame Burst | AB59: =IMAGE("https://raw.githubusercontent.com/msikma/pokesprite/master/misc/types/gen8/fire.png",4,20,20)
E60: HP Ice | H60: =IMAGE("https://raw.githubusercontent.com/msikma/pokesprite/master/misc/types/gen8/ice.png",4,20,20) | J60: Mud Shot | M60: =IMAGE("https://raw.githubusercontent.com/msikma/pokesprite/master/misc/types/gen8/ground.png",4,20,20) | O60: HP Grass | R60: =IMAGE("https://raw.githubusercontent.com/msikma/pokesprite/master/misc/types/gen8/grass.png",4,20,20) | T60: Mach Punch | W60: =IMAGE("https://raw.githubusercontent.com/msikma/pokesprite/master/misc/types/gen8/fighting.png",4,20,20) | Y60: HP Grass | AB60: =IMAGE("https://raw.githubusercontent.com/msikma/pokesprite/master/misc/types/gen8/grass.png",4,20,20)
E62: BASE STATS | H62: EVs | J62: BASE STATS | M62: EVs | O62: BASE STATS | R62: EVs | T62: BASE STATS | W62: EVs | Y62: BASE STATS | AB62: EVs
E63: HP | F63: {=IFERROR(VLOOKUP(E50,Dex!$B$3:$N191,8,FALSE),"")} -> 68 | G63: {=IFERROR(VLOOKUP(F63,Dex!$P$22:$Q$276,2,FALSE),"")} | J63: HP | K63: {=IFERROR(VLOOKUP(J50,Dex!$B$3:$N191,8,FALSE),"")} -> 77 | L63: {=IFERROR(VLOOKUP(K63,Dex!$P$22:$Q$276,2,FALSE),"")} | O63: HP | P63: {=IFERROR(VLOOKUP(O50,Dex!$B$3:$N191,8,FALSE),"")} -> 109 | Q63: {=IFERROR(VLOOKUP(P63,Dex!$P$22:$Q$276,2,FALSE),"")} | R63: 100 | T63: HP | U63: {=IFERROR(VLOOKUP(T50,Dex!$B$3:$N191,8,FALSE),"")} -> 70 | V63: {=IFERROR(VLOOKUP(U63,Dex!$P$22:$Q$276,2,FALSE),"")} | Y63: HP | Z63: {=IFERROR(VLOOKUP(Y50,Dex!$B$3:$N191,8,FALSE),"")} -> 70 | AA63: {=IFERROR(VLOOKUP(Z63,Dex!$P$22:$Q$276,2,FALSE),"")}
E64: ATK | F64: {=IFERROR(VLOOKUP(E50,Dex!$B$3:$N191,9,FALSE),"")} -> 81 | G64: {=IFERROR(VLOOKUP(F64,Dex!$P$22:$Q$276,2,FALSE),"")} | J64: ATK | K64: {=IFERROR(VLOOKUP(J50,Dex!$B$3:$N191,9,FALSE),"")} -> 70 | L64: {=IFERROR(VLOOKUP(K64,Dex!$P$22:$Q$276,2,FALSE),"")} | O64: ATK | P64: {=IFERROR(VLOOKUP(O50,Dex!$B$3:$N191,9,FALSE),"")} -> 64 | Q64: {=IFERROR(VLOOKUP(P64,Dex!$P$22:$Q$276,2,FALSE),"")} | T64: ATK | U64: {=IFERROR(VLOOKUP(T50,Dex!$B$3:$N191,9,FALSE),"")} -> 115 | V64: {=IFERROR(VLOOKUP(U64,Dex!$P$22:$Q$276,2,FALSE),"")} | Y64: ATK | Z64: {=IFERROR(VLOOKUP(Y50,Dex!$B$3:$N191,9,FALSE),"")} -> 75 | AA64: {=IFERROR(VLOOKUP(Z64,Dex!$P$22:$Q$276,2,FALSE),"")}
E65: DEF | F65: {=IFERROR(VLOOKUP(E50,Dex!$B$3:$N191,10,FALSE),"")} -> 95 | G65: {=IFERROR(VLOOKUP(F65,Dex!$P$22:$Q$276,2,FALSE),"")} | J65: DEF | K65: {=IFERROR(VLOOKUP(J50,Dex!$B$3:$N191,10,FALSE),"")} -> 90 | L65: {=IFERROR(VLOOKUP(K65,Dex!$P$22:$Q$276,2,FALSE),"")} | O65: DEF | P65: {=IFERROR(VLOOKUP(O50,Dex!$B$3:$N191,10,FALSE),"")} -> 91 | Q65: {=IFERROR(VLOOKUP(P65,Dex!$P$22:$Q$276,2,FALSE),"")} | T65: DEF | U65: {=IFERROR(VLOOKUP(T50,Dex!$B$3:$N191,10,FALSE),"")} -> 70 | V65: {=IFERROR(VLOOKUP(U65,Dex!$P$22:$Q$276,2,FALSE),"")} | Y65: DEF | Z65: {=IFERROR(VLOOKUP(Y50,Dex!$B$3:$N191,10,FALSE),"")} -> 80 | AA65: {=IFERROR(VLOOKUP(Z65,Dex!$P$22:$Q$276,2,FALSE),"")}
E66: SPA | F66: {=IFERROR(VLOOKUP(E50,Dex!$B$3:$N191,11,FALSE),"")} -> 91 | G66: {=IFERROR(VLOOKUP(F66,Dex!$P$22:$Q$276,2,FALSE),"")} | J66: SPA | K66: {=IFERROR(VLOOKUP(J50,Dex!$B$3:$N191,11,FALSE),"")} -> 145 | L66: {=IFERROR(VLOOKUP(K66,Dex!$P$22:$Q$276,2,FALSE),"")} | O66: SPA | P66: {=IFERROR(VLOOKUP(O50,Dex!$B$3:$N191,11,FALSE),"")} -> 103 | Q66: {=IFERROR(VLOOKUP(P66,Dex!$P$22:$Q$276,2,FALSE),"")} | T66: SPA | U66: {=IFERROR(VLOOKUP(T50,Dex!$B$3:$N191,11,FALSE),"")} -> 70 | V66: {=IFERROR(VLOOKUP(U66,Dex!$P$22:$Q$276,2,FALSE),"")} | Y66: SPA | Z66: {=IFERROR(VLOOKUP(Y50,Dex!$B$3:$N191,11,FALSE),"")} -> 135 | AA66: {=IFERROR(VLOOKUP(Z66,Dex!$P$22:$Q$276,2,FALSE),"")}
E67: SPD | F67: {=IFERROR(VLOOKUP(E50,Dex!$B$3:$N191,12,FALSE),"")} -> 85 | G67: {=IFERROR(VLOOKUP(F67,Dex!$P$22:$Q$276,2,FALSE),"")} | J67: SPD | K67: {=IFERROR(VLOOKUP(J50,Dex!$B$3:$N191,12,FALSE),"")} -> 75 | L67: {=IFERROR(VLOOKUP(K67,Dex!$P$22:$Q$276,2,FALSE),"")} | O67: SPD | P67: {=IFERROR(VLOOKUP(O50,Dex!$B$3:$N191,12,FALSE),"")} -> 83 | Q67: {=IFERROR(VLOOKUP(P67,Dex!$P$22:$Q$276,2,FALSE),"")} | T67: SPD | U67: {=IFERROR(VLOOKUP(T50,Dex!$B$3:$N191,12,FALSE),"")} -> 60 | V67: {=IFERROR(VLOOKUP(U67,Dex!$P$22:$Q$276,2,FALSE),"")} | Y67: SPD | Z67: {=IFERROR(VLOOKUP(Y50,Dex!$B$3:$N191,12,FALSE),"")} -> 80 | AA67: {=IFERROR(VLOOKUP(Z67,Dex!$P$22:$Q$276,2,FALSE),"")}
E68: SPE | F68: {=IFERROR(VLOOKUP(E50,Dex!$B$3:$N191,13,FALSE),"")} -> 15 | G68: {=IFERROR(VLOOKUP(F68,Dex!$P$22:$Q$276,2,FALSE),"")} | J68: SPE | K68: {=IFERROR(VLOOKUP(J50,Dex!$B$3:$N191,13,FALSE),"")} -> 43 | L68: {=IFERROR(VLOOKUP(K68,Dex!$P$22:$Q$276,2,FALSE),"")} | O68: SPE | P68: {=IFERROR(VLOOKUP(O50,Dex!$B$3:$N191,13,FALSE),"")} -> 45 | Q68: {=IFERROR(VLOOKUP(P68,Dex!$P$22:$Q$276,2,FALSE),"")} | T68: SPE | U68: {=IFERROR(VLOOKUP(T50,Dex!$B$3:$N191,13,FALSE),"")} -> 105 | V68: {=IFERROR(VLOOKUP(U68,Dex!$P$22:$Q$276,2,FALSE),"")} | Y68: SPE | Z68: {=IFERROR(VLOOKUP(Y50,Dex!$B$3:$N191,13,FALSE),"")} -> 135 | AA68: {=IFERROR(VLOOKUP(Z68,Dex!$P$22:$Q$276,2,FALSE),"")}
E69: SPEED STAT: | H69: 24 | J69: SPEED STAT: | M69: 43 | O69: SPEED STAT: | R69: 44 | T69: SPEED STAT: | W69: 92 | Y69: SPEED STAT: | AB69: 117
C72: =IMAGE("https://i.ibb.co/z204J6T/Erika.png") | E72: {=IFERROR(VLOOKUP(E73,Dex!$B$3:$G191,3,FALSE),"")} | J72: {=IFERROR(VLOOKUP(J73,Dex!$B$3:$G191,3,FALSE),"")} | O72: {=IFERROR(VLOOKUP(O73,Dex!$B$3:$G191,3,FALSE),"")} | T72: {=IFERROR(VLOOKUP(T73,Dex!$B$3:$G191,3,FALSE),"")} | Y72: {=IFERROR(VLOOKUP(Y73,Dex!$B$3:$G191,3,FALSE),"")}
C73: GYM LEADER ERIKA | E73: Rillaboom | J73: Meowscarada | O73: Venusaur-Mega | T73: Meganium | Y73: Electrode-H
E74: 43 | J74: 43 | O74: 44 | T74: 44 | Y74: 44
F75: {=IFERROR(VLOOKUP(E73,Dex!$B$3:$H191,5,FALSE),"")} | K75: {=IFERROR(VLOOKUP(J73,Dex!$B$3:$H191,5,FALSE),"")} | L75: {=IFERROR(VLOOKUP(J73,Dex!$B$3:$H191,7,FALSE),"")} | P75: {=IFERROR(VLOOKUP(O73,Dex!$B$3:$H191,5,FALSE),"")} | Q75: {=IFERROR(VLOOKUP(O73,Dex!$B$3:$H191,7,FALSE),"")} | U75: {=IFERROR(VLOOKUP(T73,Dex!$B$3:$H191,5,FALSE),"")} | V75: {=IFERROR(VLOOKUP(T73,Dex!$B$3:$H191,7,FALSE),"")} | Z75: {=IFERROR(VLOOKUP(Y73,Dex!$B$3:$H191,5,FALSE),"")} | AA75: {=IFERROR(VLOOKUP(Y73,Dex!$B$3:$H191,7,FALSE),"")}
E77: Jolly | J77: Jolly | O77: Modest | T77: Modest | Y77: Naive
E78: Grassy Surge | J78: Protean | O78: Overgrow Thick Fat | T78: Triage | Y78: Reckless
E79: Terrain Exten. | H79: =IMAGE("https://raw.githubusercontent.com/msikma/pokesprite/master/items/hold-item/terrain-extender.png",4,32,32) | J79: Focus Sash | M79: =IMAGE("https://raw.githubusercontent.com/msikma/pokesprite/master/items/hold-item/focus-sash.png",3) | O79: Venusaurite | R79: =IMAGE("https://raw.githubusercontent.com/msikma/pokesprite/master/items/mega-stone/venusaurite.png",3) | T79: Grassy Seed | W79: =IMAGE("https://raw.githubusercontent.com/msikma/pokesprite/master/items/hold-item/grassy-seed.png",3) | Y79: Life Orb | AB79: =IMAGE("https://raw.githubusercontent.com/msikma/pokesprite/master/items/hold-item/life-orb.png",3)
E80: Grassy Glide | H80: =IMAGE("https://raw.githubusercontent.com/msikma/pokesprite/master/misc/types/gen8/grass.png",4,20,20) | J80: Flower Trick | M80: =IMAGE("https://raw.githubusercontent.com/msikma/pokesprite/master/misc/types/gen8/grass.png",4,20,20) | O80: Giga Drain | R80: =IMAGE("https://raw.githubusercontent.com/msikma/pokesprite/master/misc/types/gen8/grass.png",4,20,20) | T80: Ancient Power | W80: =IMAGE("https://raw.githubusercontent.com/msikma/pokesprite/master/misc/types/gen8/rock.png",4,20,20) | Y80: Thunderbolt | AB80: =IMAGE("https://raw.githubusercontent.com/msikma/pokesprite/master/misc/types/gen8/electric.png",4,20,20)
E81: U-Turn | H81: =IMAGE("https://raw.githubusercontent.com/msikma/pokesprite/master/misc/types/gen8/bug.png",4,20,20) | J81: Knock Off | M81: =IMAGE("https://raw.githubusercontent.com/msikma/pokesprite/master/misc/types/gen8/dark.png",4,20,20) | O81: Sludge Bomb | R81: =IMAGE("https://raw.githubusercontent.com/msikma/pokesprite/master/misc/types/gen8/poison.png",4,20,20) | T81: Giga Drain | W81: =IMAGE("https://raw.githubusercontent.com/msikma/pokesprite/master/misc/types/gen8/grass.png",4,20,20) | Y81: Chloroblast | AB81: =IMAGE("https://raw.githubusercontent.com/msikma/pokesprite/master/misc/types/gen8/grass.png",4,20,20)
E82: High Horsep. | H82: =IMAGE("https://raw.githubusercontent.com/msikma/pokesprite/master/misc/types/gen8/ground.png",4,20,20) | J82: U-Turn | M82: =IMAGE("https://raw.githubusercontent.com/msikma/pokesprite/master/misc/types/gen8/bug.png",4,20,20) | O82: Sleep Powder | R82: =IMAGE("https://raw.githubusercontent.com/msikma/pokesprite/master/misc/types/gen8/grass.png",4,20,20) | T82: Dazz. Gleam | W82: =IMAGE("https://raw.githubusercontent.com/msikma/pokesprite/master/misc/types/gen8/fairy.png",4,20,20) | Y82: HP Ice | AB82: =IMAGE("https://raw.githubusercontent.com/msikma/pokesprite/master/misc/types/gen8/ice.png",4,20,20)
E83: Drain Punch | H83: =IMAGE("https://raw.githubusercontent.com/msikma/pokesprite/master/misc/types/gen8/fighting.png",4,20,20) | J83: Triple Axel | M83: =IMAGE("https://raw.githubusercontent.com/msikma/pokesprite/master/misc/types/gen8/ice.png",4,20,20) | O83: Earth Power | R83: =IMAGE("https://raw.githubusercontent.com/msikma/pokesprite/master/misc/types/gen8/ground.png",4,20,20) | T83: HP Fire | W83: =IMAGE("https://raw.githubusercontent.com/msikma/pokesprite/master/misc/types/gen8/fire.png",4,20,20) | Y83: Explosion | AB83: =IMAGE("https://raw.githubusercontent.com/msikma/pokesprite/master/misc/types/gen8/normal.png",4,20,20)
E85: BASE STATS | H85: EVs | J85: BASE STATS | M85: EVs | O85: BASE STATS | R85: EVs | T85: BASE STATS | W85: EVs | Y85: BASE STATS | AB85: EVs
E86: HP | F86: {=IFERROR(VLOOKUP(E73,Dex!$B$3:$N191,8,FALSE),"")} -> 100 | G86: {=IFERROR(VLOOKUP(F86,Dex!$P$22:$Q$276,2,FALSE),"")} | J86: HP | K86: {=IFERROR(VLOOKUP(J73,Dex!$B$3:$N191,8,FALSE),"")} -> 76 | L86: {=IFERROR(VLOOKUP(K86,Dex!$P$22:$Q$276,2,FALSE),"")} | O86: HP | P86: {=IFERROR(VLOOKUP(O73,Dex!$B$3:$N191,8,FALSE),"")} -> 80 | Q86: {=IFERROR(VLOOKUP(P86,Dex!$P$22:$Q$276,2,FALSE),"")} | R86: 252 | T86: HP | U86: {=IFERROR(VLOOKUP(T73,Dex!$B$3:$N191,8,FALSE),"")} -> 80 | V86: {=IFERROR(VLOOKUP(U86,Dex!$P$22:$Q$276,2,FALSE),"")} | W86: 252 | Y86: HP | Z86: {=IFERROR(VLOOKUP(Y73,Dex!$B$3:$N191,8,FALSE),"")} -> 60 | AA86: {=IFERROR(VLOOKUP(Z86,Dex!$P$22:$Q$276,2,FALSE),"")}
E87: ATK | F87: {=IFERROR(VLOOKUP(E73,Dex!$B$3:$N191,9,FALSE),"")} -> 125 | G87: {=IFERROR(VLOOKUP(F87,Dex!$P$22:$Q$276,2,FALSE),"")} | H87: 252 | J87: ATK | K87: {=IFERROR(VLOOKUP(J73,Dex!$B$3:$N191,9,FALSE),"")} -> 110 | L87: {=IFERROR(VLOOKUP(K87,Dex!$P$22:$Q$276,2,FALSE),"")} | M87: 252 | O87: ATK | P87: {=IFERROR(VLOOKUP(O73,Dex!$B$3:$N191,9,FALSE),"")} -> 100 | Q87: {=IFERROR(VLOOKUP(P87,Dex!$P$22:$Q$276,2,FALSE),"")} | T87: ATK | U87: {=IFERROR(VLOOKUP(T73,Dex!$B$3:$N191,9,FALSE),"")} -> 82 | V87: {=IFERROR(VLOOKUP(U87,Dex!$P$22:$Q$276,2,FALSE),"")} | Y87: ATK | Z87: {=IFERROR(VLOOKUP(Y73,Dex!$B$3:$N191,9,FALSE),"")} -> 55 | AA87: {=IFERROR(VLOOKUP(Z87,Dex!$P$22:$Q$276,2,FALSE),"")} | AB87: 4
E88: DEF | F88: {=IFERROR(VLOOKUP(E73,Dex!$B$3:$N191,10,FALSE),"")} -> 90 | G88: {=IFERROR(VLOOKUP(F88,Dex!$P$22:$Q$276,2,FALSE),"")} | H88: 4 | J88: DEF | K88: {=IFERROR(VLOOKUP(J73,Dex!$B$3:$N191,10,FALSE),"")} -> 70 | L88: {=IFERROR(VLOOKUP(K88,Dex!$P$22:$Q$276,2,FALSE),"")} | M88: 4 | O88: DEF | P88: {=IFERROR(VLOOKUP(O73,Dex!$B$3:$N191,10,FALSE),"")} -> 123 | Q88: {=IFERROR(VLOOKUP(P88,Dex!$P$22:$Q$276,2,FALSE),"")} | R88: 4 | T88: DEF | U88: {=IFERROR(VLOOKUP(T73,Dex!$B$3:$N191,10,FALSE),"")} -> 100 | V88: {=IFERROR(VLOOKUP(U88,Dex!$P$22:$Q$276,2,FALSE),"")} | W88: 4 | Y88: DEF | Z88: {=IFERROR(VLOOKUP(Y73,Dex!$B$3:$N191,10,FALSE),"")} -> 70 | AA88: {=IFERROR(VLOOKUP(Z88,Dex!$P$22:$Q$276,2,FALSE),"")}
E89: SPA | F89: {=IFERROR(VLOOKUP(E73,Dex!$B$3:$N191,11,FALSE),"")} -> 60 | G89: {=IFERROR(VLOOKUP(F89,Dex!$P$22:$Q$276,2,FALSE),"")} | J89: SPA | K89: {=IFERROR(VLOOKUP(J73,Dex!$B$3:$N191,11,FALSE),"")} -> 81 | L89: {=IFERROR(VLOOKUP(K89,Dex!$P$22:$Q$276,2,FALSE),"")} | O89: SPA | P89: {=IFERROR(VLOOKUP(O73,Dex!$B$3:$N191,11,FALSE),"")} -> 122 | Q89: {=IFERROR(VLOOKUP(P89,Dex!$P$22:$Q$276,2,FALSE),"")} | R89: 252 | T89: SPA | U89: {=IFERROR(VLOOKUP(T73,Dex!$B$3:$N191,11,FALSE),"")} -> 83 | V89: {=IFERROR(VLOOKUP(U89,Dex!$P$22:$Q$276,2,FALSE),"")} | W89: 252 | Y89: SPA | Z89: {=IFERROR(VLOOKUP(Y73,Dex!$B$3:$N191,11,FALSE),"")} -> 95 | AA89: {=IFERROR(VLOOKUP(Z89,Dex!$P$22:$Q$276,2,FALSE),"")} | AB89: 252
E90: SPD | F90: {=IFERROR(VLOOKUP(E73,Dex!$B$3:$N191,12,FALSE),"")} -> 70 | G90: {=IFERROR(VLOOKUP(F90,Dex!$P$22:$Q$276,2,FALSE),"")} | J90: SPD | K90: {=IFERROR(VLOOKUP(J73,Dex!$B$3:$N191,12,FALSE),"")} -> 70 | L90: {=IFERROR(VLOOKUP(K90,Dex!$P$22:$Q$276,2,FALSE),"")} | O90: SPD | P90: {=IFERROR(VLOOKUP(O73,Dex!$B$3:$N191,12,FALSE),"")} -> 120 | Q90: {=IFERROR(VLOOKUP(P90,Dex!$P$22:$Q$276,2,FALSE),"")} | T90: SPD | U90: {=IFERROR(VLOOKUP(T73,Dex!$B$3:$N191,12,FALSE),"")} -> 100 | V90: {=IFERROR(VLOOKUP(U90,Dex!$P$22:$Q$276,2,FALSE),"")} | Y90: SPD | Z90: {=IFERROR(VLOOKUP(Y73,Dex!$B$3:$N191,12,FALSE),"")} -> 80 | AA90: {=IFERROR(VLOOKUP(Z90,Dex!$P$22:$Q$276,2,FALSE),"")}
E91: SPE | F91: {=IFERROR(VLOOKUP(E73,Dex!$B$3:$N191,13,FALSE),"")} -> 85 | G91: {=IFERROR(VLOOKUP(F91,Dex!$P$22:$Q$276,2,FALSE),"")} | H91: 252 | J91: SPE | K91: {=IFERROR(VLOOKUP(J73,Dex!$B$3:$N191,13,FALSE),"")} -> 123 | L91: {=IFERROR(VLOOKUP(K91,Dex!$P$22:$Q$276,2,FALSE),"")} | M91: 252 | O91: SPE | P91: {=IFERROR(VLOOKUP(O73,Dex!$B$3:$N191,13,FALSE),"")} -> 80 | Q91: {=IFERROR(VLOOKUP(P91,Dex!$P$22:$Q$276,2,FALSE),"")} | T91: SPE | U91: {=IFERROR(VLOOKUP(T73,Dex!$B$3:$N191,13,FALSE),"")} -> 80 | V91: {=IFERROR(VLOOKUP(U91,Dex!$P$22:$Q$276,2,FALSE),"")} | Y91: SPE | Z91: {=IFERROR(VLOOKUP(Y73,Dex!$B$3:$N191,13,FALSE),"")} -> 150 | AA91: {=IFERROR(VLOOKUP(Z91,Dex!$P$22:$Q$276,2,FALSE),"")} | AB91: 252
E92: SPEED STAT: | H92: 129 | J92: SPEED STAT: | M92: 166 | O92: SPEED STAT: | R92: 89 | T92: SPEED STAT: | W92: 88 | Y92: SPEED STAT: | AB92: 195
E95: BATTLE EFFECT: DOUBLES
C96: =IMAGE("https://i.ibb.co/m8V4wv5/Sabrina.png") | E96: {=IFERROR(VLOOKUP(E97,Dex!$B$3:$G191,3,FALSE),"")} | J96: {=IFERROR(VLOOKUP(J97,Dex!$B$3:$G191,3,FALSE),"")} | O96: {=IFERROR(VLOOKUP(O97,Dex!$B$3:$G191,3,FALSE),"")} | T96: {=IFERROR(VLOOKUP(T97,Dex!$B$3:$G191,3,FALSE),"")} | Y96: {=IFERROR(VLOOKUP(Y97,Dex!$B$3:$G191,3,FALSE),"")} | AD96: {=IFERROR(VLOOKUP(AD97,Dex!$B$3:$G191,3,FALSE),"")}
C97: GYM LEADER SABRINA | E97: Hatterene | J97: Indeedee-F | O97: Brute Bonnet | T97: Porygon2 | Y97: Ursaluna | AD97: Gardevoir-Mega
E98: 57 | J98: 57 | O98: 58 | T98: 58 | Y98: 59 | AD98: 59
F99: {=IFERROR(VLOOKUP(E97,Dex!$B$3:$H191,5,FALSE),"")} | G99: {=IFERROR(VLOOKUP(E97,Dex!$B$3:$H191,7,FALSE),"")} | K99: {=IFERROR(VLOOKUP(J97,Dex!$B$3:$H191,5,FALSE),"")} | L99: {=IFERROR(VLOOKUP(J97,Dex!$B$3:$H191,7,FALSE),"")} | P99: {=IFERROR(VLOOKUP(O97,Dex!$B$3:$H191,5,FALSE),"")} | Q99: {=IFERROR(VLOOKUP(O97,Dex!$B$3:$H191,7,FALSE),"")} | U99: {=IFERROR(VLOOKUP(T97,Dex!$B$3:$H191,5,FALSE),"")} | Z99: {=IFERROR(VLOOKUP(Y97,Dex!$B$3:$H191,5,FALSE),"")} | AA99: {=IFERROR(VLOOKUP(Y97,Dex!$B$3:$H191,7,FALSE),"")} | AE99: {=IFERROR(VLOOKUP(AD97,Dex!$B$3:$H191,5,FALSE),"")} | AF99: {=IFERROR(VLOOKUP(AD97,Dex!$B$3:$H191,7,FALSE),"")}
E101: Quiet | J101: Quiet | O101: Brave | T101: Relaxed | Y101: Brave | AD101: Quiet
E102: Magic Bounce | J102: Psychic Surge | O102: Protosynthesis | T102: Trace | Y102: Guts | AD102: Trace Pixilate
E103: Psychic Seed | H103: =IMAGE("https://raw.githubusercontent.com/msikma/pokesprite/master/items/hold-item/psychic-seed.png",3) | J103: Terrain Exten. | M103: =IMAGE("https://raw.githubusercontent.com/msikma/pokesprite/master/items/hold-item/terrain-extender.png",3) | O103: Booster Energy | R103: =IMAGE("https://i.ibb.co/SK50ng3/booster.png",4,22,22) | T103: Eviolite | W103: =IMAGE("https://raw.githubusercontent.com/msikma/pokesprite/master/items/hold-item/eviolite.png",3) | Y103: Flame Orb | AB103: =IMAGE("https://raw.githubusercontent.com/msikma/pokesprite/master/items/hold-item/flame-orb.png",3) | AD103: Gardevoirite | AG103: =IMAGE("https://raw.githubusercontent.com/msikma/pokesprite/master/items/mega-stone/gardevoirite.png",3)
E104: Trick Room | H104: =IMAGE("https://raw.githubusercontent.com/msikma/pokesprite/master/misc/types/gen8/psychic.png",4,20,20) | J104: Expand. Force | M104: =IMAGE("https://raw.githubusercontent.com/msikma/pokesprite/master/misc/types/gen8/psychic.png",4,20,20) | O104: Knock Off | R104: =IMAGE("https://raw.githubusercontent.com/msikma/pokesprite/master/misc/types/gen8/dark.png",4,20,20) | T104: Trick Room | W104: =IMAGE("https://raw.githubusercontent.com/msikma/pokesprite/master/misc/types/gen8/psychic.png",4,20,20) | Y104: Protect | AB104: =IMAGE("https://raw.githubusercontent.com/msikma/pokesprite/master/misc/types/gen8/normal.png",4,20,20) | AD104: Hyper Voice | AG104: =IMAGE("https://raw.githubusercontent.com/msikma/pokesprite/master/misc/types/gen8/fairy.png",4,20,20)
E105: Expand. Force | H105: =IMAGE("https://raw.githubusercontent.com/msikma/pokesprite/master/misc/types/gen8/psychic.png",4,20,20) | J105: Hyper Voice | M105: =IMAGE("https://raw.githubusercontent.com/msikma/pokesprite/master/misc/types/gen8/normal.png",4,20,20) | O105: Leaf Blade | R105: =IMAGE("https://raw.githubusercontent.com/msikma/pokesprite/master/misc/types/gen8/grass.png",4,20,20) | T105: Teleport | W105: =IMAGE("https://raw.githubusercontent.com/msikma/pokesprite/master/misc/types/gen8/psychic.png",4,20,20) | Y105: High Horsep. | AB105: =IMAGE("https://raw.githubusercontent.com/msikma/pokesprite/master/misc/types/gen8/ground.png",4,20,20) | AD105: Expand. Force | AG105: =IMAGE("https://raw.githubusercontent.com/msikma/pokesprite/master/misc/types/gen8/psychic.png",4,20,20)
E106: Draining Kiss | H106: =IMAGE("https://raw.githubusercontent.com/msikma/pokesprite/master/misc/types/gen8/fairy.png",4,20,20) | J106: Mystical Fire | M106: =IMAGE("https://raw.githubusercontent.com/msikma/pokesprite/master/misc/types/gen8/fire.png",4,20,20) | O106: Close Combat | R106: =IMAGE("https://raw.githubusercontent.com/msikma/pokesprite/master/misc/types/gen8/fighting.png",4,20,20) | T106: Ice Beam | W106: =IMAGE("https://raw.githubusercontent.com/msikma/pokesprite/master/misc/types/gen8/ice.png",4,20,20) | Y106: Facade | AB106: =IMAGE("https://raw.githubusercontent.com/msikma/pokesprite/master/misc/types/gen8/normal.png",4,20,20) | AD106: Shadow Ball | AG106: =IMAGE("https://raw.githubusercontent.com/msikma/pokesprite/master/misc/types/gen8/ghost.png",4,20,20)
E107: Mystical Fire | H107: =IMAGE("https://raw.githubusercontent.com/msikma/pokesprite/master/misc/types/gen8/fire.png",4,20,20) | J107: Shadow Ball | M107: =IMAGE("https://raw.githubusercontent.com/msikma/pokesprite/master/misc/types/gen8/ghost.png",4,20,20) | O107: Spore | R107: =IMAGE("https://raw.githubusercontent.com/msikma/pokesprite/master/misc/types/gen8/grass.png",4,20,20) | T107: Thunderbolt | W107: =IMAGE("https://raw.githubusercontent.com/msikma/pokesprite/master/misc/types/gen8/electric.png",4,20,20) | Y107: Crunch | AB107: =IMAGE("https://raw.githubusercontent.com/msikma/pokesprite/master/misc/types/gen8/dark.png",4,20,20) | AD107: Trick Room | AG107: =IMAGE("https://raw.githubusercontent.com/msikma/pokesprite/master/misc/types/gen8/psychic.png",4,20,20)
E109: BASE STATS | H109: EVs | J109: BASE STATS | M109: EVs | O109: BASE STATS | R109: EVs | T109: BASE STATS | W109: EVs | Y109: BASE STATS | AB109: EVs | AD109: BASE STATS | AG109: EVs
E110: HP | F110: {=IFERROR(VLOOKUP(E97,Dex!$B$3:$N191,8,FALSE),"")} -> 57 | G110: {=IFERROR(VLOOKUP(F110,Dex!$P$22:$Q$276,2,FALSE),"")} | H110: 252 | J110: HP | K110: {=IFERROR(VLOOKUP(J97,Dex!$B$3:$N191,8,FALSE),"")} -> 70 | L110: {=IFERROR(VLOOKUP(K110,Dex!$P$22:$Q$276,2,FALSE),"")} | M110: 252 | O110: HP | P110: {=IFERROR(VLOOKUP(O97,Dex!$B$3:$N191,8,FALSE),"")} -> 111 | Q110: {=IFERROR(VLOOKUP(P110,Dex!$P$22:$Q$276,2,FALSE),"")} | R110: 252 | T110: HP | U110: {=IFERROR(VLOOKUP(T97,Dex!$B$3:$N191,8,FALSE),"")} -> 85 | V110: {=IFERROR(VLOOKUP(U110,Dex!$P$22:$Q$276,2,FALSE),"")} | W110: 252 | Y110: HP | Z110: {=IFERROR(VLOOKUP(Y97,Dex!$B$3:$N191,8,FALSE),"")} -> 130 | AA110: {=IFERROR(VLOOKUP(Z110,Dex!$P$22:$Q$276,2,FALSE),"")} | AB110: 252 | AD110: HP | AE110: {=IFERROR(VLOOKUP(AD97,Dex!$B$3:$N191,8,FALSE),"")} -> 68 | AF110: {=IFERROR(VLOOKUP(AE110,Dex!$P$22:$Q$276,2,FALSE),"")} | AG110: 252
E111: ATK | F111: {=IFERROR(VLOOKUP(E97,Dex!$B$3:$N191,9,FALSE),"")} -> 90 | G111: {=IFERROR(VLOOKUP(F111,Dex!$P$22:$Q$276,2,FALSE),"")} | J111: ATK | K111: {=IFERROR(VLOOKUP(J97,Dex!$B$3:$N191,9,FALSE),"")} -> 55 | L111: {=IFERROR(VLOOKUP(K111,Dex!$P$22:$Q$276,2,FALSE),"")} | O111: ATK | P111: {=IFERROR(VLOOKUP(O97,Dex!$B$3:$N191,9,FALSE),"")} -> 127 | Q111: {=IFERROR(VLOOKUP(P111,Dex!$P$22:$Q$276,2,FALSE),"")} | R111: 252 | T111: ATK | U111: {=IFERROR(VLOOKUP(T97,Dex!$B$3:$N191,9,FALSE),"")} -> 80 | V111: {=IFERROR(VLOOKUP(U111,Dex!$P$22:$Q$276,2,FALSE),"")} | Y111: ATK | Z111: {=IFERROR(VLOOKUP(Y97,Dex!$B$3:$N191,9,FALSE),"")} -> 140 | AA111: {=IFERROR(VLOOKUP(Z111,Dex!$P$22:$Q$276,2,FALSE),"")} | AB111: 252 | AD111: ATK | AE111: {=IFERROR(VLOOKUP(AD97,Dex!$B$3:$N191,9,FALSE),"")} -> 85 | AF111: {=IFERROR(VLOOKUP(AE111,Dex!$P$22:$Q$276,2,FALSE),"")}
E112: DEF | F112: {=IFERROR(VLOOKUP(E97,Dex!$B$3:$N191,10,FALSE),"")} -> 95 | G112: {=IFERROR(VLOOKUP(F112,Dex!$P$22:$Q$276,2,FALSE),"")} | H112: 4 | J112: DEF | K112: {=IFERROR(VLOOKUP(J97,Dex!$B$3:$N191,10,FALSE),"")} -> 65 | L112: {=IFERROR(VLOOKUP(K112,Dex!$P$22:$Q$276,2,FALSE),"")} | M112: 4 | O112: DEF | P112: {=IFERROR(VLOOKUP(O97,Dex!$B$3:$N191,10,FALSE),"")} -> 99 | Q112: {=IFERROR(VLOOKUP(P112,Dex!$P$22:$Q$276,2,FALSE),"")} | R112: 4 | T112: DEF | U112: {=IFERROR(VLOOKUP(T97,Dex!$B$3:$N191,10,FALSE),"")} -> 90 | V112: {=IFERROR(VLOOKUP(U112,Dex!$P$22:$Q$276,2,FALSE),"")} | Y112: DEF | Z112: {=IFERROR(VLOOKUP(Y97,Dex!$B$3:$N191,10,FALSE),"")} -> 105 | AA112: {=IFERROR(VLOOKUP(Z112,Dex!$P$22:$Q$276,2,FALSE),"")} | AB112: 4 | AD112: DEF | AE112: {=IFERROR(VLOOKUP(AD97,Dex!$B$3:$N191,10,FALSE),"")} -> 65 | AF112: {=IFERROR(VLOOKUP(AE112,Dex!$P$22:$Q$276,2,FALSE),"")} | AG112: 4
E113: SPA | F113: {=IFERROR(VLOOKUP(E97,Dex!$B$3:$N191,11,FALSE),"")} -> 136 | G113: {=IFERROR(VLOOKUP(F113,Dex!$P$22:$Q$276,2,FALSE),"")} | H113: 252 | J113: SPA | K113: {=IFERROR(VLOOKUP(J97,Dex!$B$3:$N191,11,FALSE),"")} -> 95 | L113: {=IFERROR(VLOOKUP(K113,Dex!$P$22:$Q$276,2,FALSE),"")} | M113: 252 | O113: SPA | P113: {=IFERROR(VLOOKUP(O97,Dex!$B$3:$N191,11,FALSE),"")} -> 79 | Q113: {=IFERROR(VLOOKUP(P113,Dex!$P$22:$Q$276,2,FALSE),"")} | T113: SPA | U113: {=IFERROR(VLOOKUP(T97,Dex!$B$3:$N191,11,FALSE),"")} -> 105 | V113: {=IFERROR(VLOOKUP(U113,Dex!$P$22:$Q$276,2,FALSE),"")} | W113: 252 | Y113: SPA | Z113: {=IFERROR(VLOOKUP(Y97,Dex!$B$3:$N191,11,FALSE),"")} -> 45 | AA113: {=IFERROR(VLOOKUP(Z113,Dex!$P$22:$Q$276,2,FALSE),"")} | AD113: SPA | AE113: {=IFERROR(VLOOKUP(AD97,Dex!$B$3:$N191,11,FALSE),"")} -> 165 | AF113: {=IFERROR(VLOOKUP(AE113,Dex!$P$22:$Q$276,2,FALSE),"")} | AG113: 252
E114: SPD | F114: {=IFERROR(VLOOKUP(E97,Dex!$B$3:$N191,12,FALSE),"")} -> 103 | G114: {=IFERROR(VLOOKUP(F114,Dex!$P$22:$Q$276,2,FALSE),"")} | J114: SPD | K114: {=IFERROR(VLOOKUP(J97,Dex!$B$3:$N191,12,FALSE),"")} -> 105 | L114: {=IFERROR(VLOOKUP(K114,Dex!$P$22:$Q$276,2,FALSE),"")} | O114: SPD | P114: {=IFERROR(VLOOKUP(O97,Dex!$B$3:$N191,12,FALSE),"")} -> 99 | Q114: {=IFERROR(VLOOKUP(P114,Dex!$P$22:$Q$276,2,FALSE),"")} | T114: SPD | U114: {=IFERROR(VLOOKUP(T97,Dex!$B$3:$N191,12,FALSE),"")} -> 95 | V114: {=IFERROR(VLOOKUP(U114,Dex!$P$22:$Q$276,2,FALSE),"")} | W114: 4 | Y114: SPD | Z114: {=IFERROR(VLOOKUP(Y97,Dex!$B$3:$N191,12,FALSE),"")} -> 80 | AA114: {=IFERROR(VLOOKUP(Z114,Dex!$P$22:$Q$276,2,FALSE),"")} | AD114: SPD | AE114: {=IFERROR(VLOOKUP(AD97,Dex!$B$3:$N191,12,FALSE),"")} -> 135 | AF114: {=IFERROR(VLOOKUP(AE114,Dex!$P$22:$Q$276,2,FALSE),"")}
E115: SPE | F115: {=IFERROR(VLOOKUP(E97,Dex!$B$3:$N191,13,FALSE),"")} -> 29 | G115: {=IFERROR(VLOOKUP(F115,Dex!$P$22:$Q$276,2,FALSE),"")} | J115: SPE | K115: {=IFERROR(VLOOKUP(J97,Dex!$B$3:$N191,13,FALSE),"")} -> 85 | L115: {=IFERROR(VLOOKUP(K115,Dex!$P$22:$Q$276,2,FALSE),"")} | O115: SPE | P115: {=IFERROR(VLOOKUP(O97,Dex!$B$3:$N191,13,FALSE),"")} -> 55 | Q115: {=IFERROR(VLOOKUP(P115,Dex!$P$22:$Q$276,2,FALSE),"")} | T115: SPE | U115: {=IFERROR(VLOOKUP(T97,Dex!$B$3:$N191,13,FALSE),"")} -> 60 | V115: {=IFERROR(VLOOKUP(U115,Dex!$P$22:$Q$276,2,FALSE),"")} | Y115: SPE | Z115: {=IFERROR(VLOOKUP(Y97,Dex!$B$3:$N191,13,FALSE),"")} -> 50 | AA115: {=IFERROR(VLOOKUP(Z115,Dex!$P$22:$Q$276,2,FALSE),"")} | AD115: SPE | AE115: {=IFERROR(VLOOKUP(AD97,Dex!$B$3:$N191,13,FALSE),"")} -> 100 | AF115: {=IFERROR(VLOOKUP(AE115,Dex!$P$22:$Q$276,2,FALSE),"")}
E116: SPEED STAT: | H116: 34 | J116: SPEED STAT: | M116: 90 | O116: SPEED STAT: | R116: 61 | T116: SPEED STAT: | W116: 66 | Y116: SPEED STAT: | AB116: 57 | AD116: SPEED STAT: | AG116: 110
C119: =IMAGE("https://i.ibb.co/3THVf4D/Koga.png") | E119: {=IFERROR(VLOOKUP(E120,Dex!$B$3:$G191,3,FALSE),"")} | J119: {=IFERROR(VLOOKUP(J120,Dex!$B$3:$G191,3,FALSE),"")} | O119: {=IFERROR(VLOOKUP(O120,Dex!$B$3:$G191,3,FALSE),"")} | T119: {=IFERROR(VLOOKUP(T120,Dex!$B$3:$G191,3,FALSE),"")} | Y119: {=IFERROR(VLOOKUP(Y120,Dex!$B$3:$G191,3,FALSE),"")} | AD119: {=IFERROR(VLOOKUP(AD120,Dex!$B$3:$G191,3,FALSE),"")}
C120: GYM LEADER KOGA | E120: Swellow | J120: Accelgor | O120: Greninja | T120: Drapion | Y120: Iron Valiant | AD120: Toxtricity-Mega
E121: 67 | J121: 68 | O121: 68 | T121: 68 | Y121: 68 | AD121: 68
F122: {=IFERROR(VLOOKUP(E120,Dex!$B$3:$H191,5,FALSE),"")} | G122: {=IFERROR(VLOOKUP(E120,Dex!$B$3:$H191,7,FALSE),"")} | K122: {=IFERROR(VLOOKUP(J120,Dex!$B$3:$H191,5,FALSE),"")} | P122: {=IFERROR(VLOOKUP(O120,Dex!$B$3:$H191,5,FALSE),"")} | Q122: {=IFERROR(VLOOKUP(O120,Dex!$B$3:$H191,7,FALSE),"")} | U122: {=IFERROR(VLOOKUP(T120,Dex!$B$3:$H191,5,FALSE),"")} | V122: {=IFERROR(VLOOKUP(T120,Dex!$B$3:$H191,7,FALSE),"")} | Z122: {=IFERROR(VLOOKUP(Y120,Dex!$B$3:$H191,5,FALSE),"")} | AA122: {=IFERROR(VLOOKUP(Y120,Dex!$B$3:$H191,7,FALSE),"")} | AE122: {=IFERROR(VLOOKUP(AD120,Dex!$B$3:$H191,5,FALSE),"")} | AF122: {=IFERROR(VLOOKUP(AD120,Dex!$B$3:$H191,7,FALSE),"")}
...

Sheet Kanto Rematch
E3: BATTLE EFFECT: PERMANENT SANDSTORM
C4: =IMAGE("https://i.ibb.co/v10Rh61/Brock.png") | E4: {=IFERROR(VLOOKUP(E5,Dex!$B$3:$G102,3,FALSE),"")} | J4: {=IFERROR(VLOOKUP(J5,Dex!$B$3:$G102,3,FALSE),"")} | O4: {=IFERROR(VLOOKUP(O5,Dex!$B$3:$G102,3,FALSE),"")} | T4: {=IFERROR(VLOOKUP(T5,Dex!$B$3:$G102,3,FALSE),"")} | Y4: {=IFERROR(VLOOKUP(Y5,Dex!$B$3:$G102,3,FALSE),"")} | AD4: {=IFERROR(VLOOKUP(AD5,Dex!$B$3:$G102,3,FALSE),"")}
C5: GYM LEADER BROCK | E5: Great Tusk | J5: Omastar | O5: Ursaluna-BM | T5: Tyranitar | Y5: Arcanine-H | AD5: Aerodactyl-Mega
E6: Highest Lv -2 | J6: Highest Lv -2 | O6: Highest Lv -2 | T6: Highest Lv -2 | Y6: Highest Lv -2 | AD6: Highest Lv -2
F7: {=IFERROR(VLOOKUP(E5,Dex!$B$3:$H102,5,FALSE),"")} | G7: {=IFERROR(VLOOKUP(E5,Dex!$B$3:$H102,7,FALSE),"")} | K7: {=IFERROR(VLOOKUP(J5,Dex!$B$3:$H102,5,FALSE),"")} | L7: {=IFERROR(VLOOKUP(J5,Dex!$B$3:$H102,7,FALSE),"")} | P7: {=IFERROR(VLOOKUP(O5,Dex!$B$3:$H102,5,FALSE),"")} | Q7: {=IFERROR(VLOOKUP(O5,Dex!$B$3:$H102,7,FALSE),"")} | U7: {=IFERROR(VLOOKUP(T5,Dex!$B$3:$H102,5,FALSE),"")} | V7: {=IFERROR(VLOOKUP(T5,Dex!$B$3:$H102,7,FALSE),"")} | Z7: {=IFERROR(VLOOKUP(Y5,Dex!$B$3:$H102,5,FALSE),"")} | AA7: {=IFERROR(VLOOKUP(Y5,Dex!$B$3:$H102,7,FALSE),"")} | AE7: {=IFERROR(VLOOKUP(AD5,Dex!$B$3:$H102,5,FALSE),"")} | AF7: {=IFERROR(VLOOKUP(AD5,Dex!$B$3:$H102,7,FALSE),"")}
E9: Jolly | J9: Timid | O9: Modest | T9: Jolly | Y9: Jolly | AD9: Jolly
E10: Protosynthesis | J10: Weak Armor | O10: Scrappy | T10: Sand Stream | Y10: Rock Head | AD10: Pressure Tough Claws
E11: Booster Energy | H11: =IMAGE("https://i.ibb.co/SK50ng3/booster.png",4,22,22) | J11: Power Herb | M11: =IMAGE("https://raw.githubusercontent.com/msikma/pokesprite/master/items/hold-item/power-herb.png",3) | O11: Leftovers | R11: =IMAGE("https://raw.githubusercontent.com/msikma/pokesprite/master/items/hold-item/leftovers.png",3) | T11: Weakness Pol. | W11: =IMAGE("https://raw.githubusercontent.com/msikma/pokesprite/master/items/hold-item/weakness-policy.png",3) | Y11: Focus Sash | AB11: =IMAGE("https://raw.githubusercontent.com/msikma/pokesprite/master/items/hold-item/focus-sash.png",3) | AD11: Aerodactylite | AG11: =IMAGE("https://raw.githubusercontent.com/msikma/pokesprite/master/items/mega-stone/aerodactylite.png",3)
E12: Stealth Rock | H12: =IMAGE("https://raw.githubusercontent.com/msikma/pokesprite/master/misc/types/gen8/rock.png",4,20,20) | J12: Shell Smash | M12: =IMAGE("https://raw.githubusercontent.com/msikma/pokesprite/master/misc/types/gen8/normal.png",4,20,20) | O12: Earth Power | R12: =IMAGE("https://raw.githubusercontent.com/msikma/pokesprite/master/misc/types/gen8/ground.png",4,20,20) | T12: Dragon Dance | W12: =IMAGE("https://raw.githubusercontent.com/msikma/pokesprite/master/misc/types/gen8/dragon.png",4,20,20) | Y12: Flare Blitz | AB12: =IMAGE("https://raw.githubusercontent.com/msikma/pokesprite/master/misc/types/gen8/fire.png",4,20,20) | AD12: Dragon Dance | AG12: =IMAGE("https://raw.githubusercontent.com/msikma/pokesprite/master/misc/types/gen8/dragon.png",4,20,20)
E13: Close Combat | H13: =IMAGE("https://raw.githubusercontent.com/msikma/pokesprite/master/misc/types/gen8/fighting.png",4,20,20) | J13: Meteor Beam | M13: =IMAGE("https://raw.githubusercontent.com/msikma/pokesprite/master/misc/types/gen8/rock.png",4,20,20) | O13: Blood Moon | R13: =IMAGE("https://raw.githubusercontent.com/msikma/pokesprite/master/misc/types/gen8/normal.png",4,20,20) | T13: Stone Edge | W13: =IMAGE("https://raw.githubusercontent.com/msikma/pokesprite/master/misc/types/gen8/rock.png",4,20,20) | Y13: Head Smash | AB13: =IMAGE("https://raw.githubusercontent.com/msikma/pokesprite/master/misc/types/gen8/rock.png",4,20,20) | AD13: Stone Edge | AG13: =IMAGE("https://raw.githubusercontent.com/msikma/pokesprite/master/misc/types/gen8/rock.png",4,20,20)
E14: Headlon. Rush | H14: =IMAGE("https://raw.githubusercontent.com/msikma/pokesprite/master/misc/types/gen8/ground.png",4,20,20) | J14: Surf | M14: =IMAGE("https://raw.githubusercontent.com/msikma/pokesprite/master/misc/types/gen8/water.png",4,20,20) | O14: Vacuum Wave | R14: =IMAGE("https://raw.githubusercontent.com/msikma/pokesprite/master/misc/types/gen8/fighting.png",4,20,20) | T14: Fire Punch | W14: =IMAGE("https://raw.githubusercontent.com/msikma/pokesprite/master/misc/types/gen8/fire.png",4,20,20) | Y14: Wild Charge | AB14: =IMAGE("https://raw.githubusercontent.com/msikma/pokesprite/master/misc/types/gen8/electric.png",4,20,20) | AD14: Earthquake | AG14: =IMAGE("https://raw.githubusercontent.com/msikma/pokesprite/master/misc/types/gen8/ground.png",4,20,20)
E15: Knock Off | H15: =IMAGE("https://raw.githubusercontent.com/msikma/pokesprite/master/misc/types/gen8/dark.png",4,20,20) | J15: Ice Beam | M15: =IMAGE("https://raw.githubusercontent.com/msikma/pokesprite/master/misc/types/gen8/ice.png",4,20,20) | O15: Hyper Voice | R15: =IMAGE("https://raw.githubusercontent.com/msikma/pokesprite/master/misc/types/gen8/normal.png",4,20,20) | T15: Knock Off | W15: =IMAGE("https://raw.githubusercontent.com/msikma/pokesprite/master/misc/types/gen8/dark.png",4,20,20) | Y15: Extreme Speed | AB15: =IMAGE("https://raw.githubusercontent.com/msikma/pokesprite/master/misc/types/gen8/normal.png",4,20,20) | AD15: Dual Wingbeat | AG15: =IMAGE("https://raw.githubusercontent.com/msikma/pokesprite/master/misc/types/gen8/flying.png",4,20,20)
E17: BASE STATS | H17: EVs | J17: BASE STATS | M17: EVs | O17: BASE STATS | R17: EVs | T17: BASE STATS | W17: EVs | Y17: BASE STATS | AB17: EVs | AD17: BASE STATS | AG17: EVs
E18: HP | F18: {=IFERROR(VLOOKUP(E5,Dex!$B$3:$N102,8,FALSE),"")} -> 115 | G18: {=IFERROR(VLOOKUP(F18,Dex!$P$22:$Q$276,2,FALSE),"")} | J18: HP | K18: {=IFERROR(VLOOKUP(J5,Dex!$B$3:$N102,8,FALSE),"")} -> 70 | L18: {=IFERROR(VLOOKUP(K18,Dex!$P$22:$Q$276,2,FALSE),"")} | O18: HP | P18: {=IFERROR(VLOOKUP(O5,Dex!$B$3:$N102,8,FALSE),"")} -> 113 | Q18: {=IFERROR(VLOOKUP(P18,Dex!$P$22:$Q$276,2,FALSE),"")} | R18: 252 | T18: HP | U18: {=IFERROR(VLOOKUP(T5,Dex!$B$3:$N102,8,FALSE),"")} -> 100 | V18: {=IFERROR(VLOOKUP(U18,Dex!$P$22:$Q$276,2,FALSE),"")} | Y18: HP | Z18: {=IFERROR(VLOOKUP(Y5,Dex!$B$3:$N102,8,FALSE),"")} -> 95 | AA18: {=IFERROR(VLOOKUP(Z18,Dex!$P$22:$Q$276,2,FALSE),"")} | AD18: HP | AE18: {=IFERROR(VLOOKUP(AD5,Dex!$B$3:$N102,8,FALSE),"")} -> 80 | AF18: {=IFERROR(VLOOKUP(AE18,Dex!$P$22:$Q$276,2,FALSE),"")}
E19: ATK | F19: {=IFERROR(VLOOKUP(E5,Dex!$B$3:$N102,9,FALSE),"")} -> 131 | G19: {=IFERROR(VLOOKUP(F19,Dex!$P$22:$Q$276,2,FALSE),"")} | H19: 252 | J19: ATK | K19: {=IFERROR(VLOOKUP(J5,Dex!$B$3:$N102,9,FALSE),"")} -> 60 | L19: {=IFERROR(VLOOKUP(K19,Dex!$P$22:$Q$276,2,FALSE),"")} | O19: ATK | P19: {=IFERROR(VLOOKUP(O5,Dex!$B$3:$N102,9,FALSE),"")} -> 70 | Q19: {=IFERROR(VLOOKUP(P19,Dex!$P$22:$Q$276,2,FALSE),"")} | T19: ATK | U19: {=IFERROR(VLOOKUP(T5,Dex!$B$3:$N102,9,FALSE),"")} -> 134 | V19: {=IFERROR(VLOOKUP(U19,Dex!$P$22:$Q$276,2,FALSE),"")} | W19: 252 | Y19: ATK | Z19: {=IFERROR(VLOOKUP(Y5,Dex!$B$3:$N102,9,FALSE),"")} -> 125 | AA19: {=IFERROR(VLOOKUP(Z19,Dex!$P$22:$Q$276,2,FALSE),"")} | AB19: 252 | AD19: ATK | AE19: {=IFERROR(VLOOKUP(AD5,Dex!$B$3:$N102,9,FALSE),"")} -> 135 | AF19: {=IFERROR(VLOOKUP(AE19,Dex!$P$22:$Q$276,2,FALSE),"")} | AG19: 252
E20: DEF | F20: {=IFERROR(VLOOKUP(E5,Dex!$B$3:$N102,10,FALSE),"")} -> 131 | G20: {=IFERROR(VLOOKUP(F20,Dex!$P$22:$Q$276,2,FALSE),"")} | J20: DEF | K20: {=IFERROR(VLOOKUP(J5,Dex!$B$3:$N102,10,FALSE),"")} -> 125 | L20: {=IFERROR(VLOOKUP(K20,Dex!$P$22:$Q$276,2,FALSE),"")} | O20: DEF | P20: {=IFERROR(VLOOKUP(O5,Dex!$B$3:$N102,10,FALSE),"")} -> 120 | Q20: {=IFERROR(VLOOKUP(P20,Dex!$P$22:$Q$276,2,FALSE),"")} | T20: DEF | U20: {=IFERROR(VLOOKUP(T5,Dex!$B$3:$N102,10,FALSE),"")} -> 110 | V20: {=IFERROR(VLOOKUP(U20,Dex!$P$22:$Q$276,2,FALSE),"")} | Y20: DEF | Z20: {=IFERROR(VLOOKUP(Y5,Dex!$B$3:$N102,10,FALSE),"")} -> 80 | AA20: {=IFERROR(VLOOKUP(Z20,Dex!$P$22:$Q$276,2,FALSE),"")} | AD20: DEF | AE20: {=IFERROR(VLOOKUP(AD5,Dex!$B$3:$N102,10,FALSE),"")} -> 85 | AF20: {=IFERROR(VLOOKUP(AE20,Dex!$P$22:$Q$276,2,FALSE),"")}
E21: SPA | F21: {=IFERROR(VLOOKUP(E5,Dex!$B$3:$N102,11,FALSE),"")} -> 53 | G21: {=IFERROR(VLOOKUP(F21,Dex!$P$22:$Q$276,2,FALSE),"")} | J21: SPA | K21: {=IFERROR(VLOOKUP(J5,Dex!$B$3:$N102,11,FALSE),"")} -> 115 | L21: {=IFERROR(VLOOKUP(K21,Dex!$P$22:$Q$276,2,FALSE),"")} | M21: 252 | O21: SPA | P21: {=IFERROR(VLOOKUP(O5,Dex!$B$3:$N102,11,FALSE),"")} -> 135 | Q21: {=IFERROR(VLOOKUP(P21,Dex!$P$22:$Q$276,2,FALSE),"")} | R21: 252 | T21: SPA | U21: {=IFERROR(VLOOKUP(T5,Dex!$B$3:$N102,11,FALSE),"")} -> 95 | V21: {=IFERROR(VLOOKUP(U21,Dex!$P$22:$Q$276,2,FALSE),"")} | Y21: SPA | Z21: {=IFERROR(VLOOKUP(Y5,Dex!$B$3:$N102,11,FALSE),"")} -> 85 | AA21: {=IFERROR(VLOOKUP(Z21,Dex!$P$22:$Q$276,2,FALSE),"")} | AD21: SPA | AE21: {=IFERROR(VLOOKUP(AD5,Dex!$B$3:$N102,11,FALSE),"")} -> 70 | AF21: {=IFERROR(VLOOKUP(AE21,Dex!$P$22:$Q$276,2,FALSE),"")}
E22: SPD | F22: {=IFERROR(VLOOKUP(E5,Dex!$B$3:$N102,12,FALSE),"")} -> 53 | G22: {=IFERROR(VLOOKUP(F22,Dex!$P$22:$Q$276,2,FALSE),"")} | H22: 4 | J22: SPD | K22: {=IFERROR(VLOOKUP(J5,Dex!$B$3:$N102,12,FALSE),"")} -> 70 | L22: {=IFERROR(VLOOKUP(K22,Dex!$P$22:$Q$276,2,FALSE),"")} | M22: 4 | O22: SPD | P22: {=IFERROR(VLOOKUP(O5,Dex!$B$3:$N102,12,FALSE),"")} -> 65 | Q22: {=IFERROR(VLOOKUP(P22,Dex!$P$22:$Q$276,2,FALSE),"")} | R22: 4 | T22: SPD | U22: {=IFERROR(VLOOKUP(T5,Dex!$B$3:$N102,12,FALSE),"")} -> 100 | V22: {=IFERROR(VLOOKUP(U22,Dex!$P$22:$Q$276,2,FALSE),"")} | W22: 4 | Y22: SPD | Z22: {=IFERROR(VLOOKUP(Y5,Dex!$B$3:$N102,12,FALSE),"")} -> 80 | AA22: {=IFERROR(VLOOKUP(Z22,Dex!$P$22:$Q$276,2,FALSE),"")} | AB22: 4 | AD22: SPD | AE22: {=IFERROR(VLOOKUP(AD5,Dex!$B$3:$N102,12,FALSE),"")} -> 95 | AF22: {=IFERROR(VLOOKUP(AE22,Dex!$P$22:$Q$276,2,FALSE),"")} | AG22: 4
C23: IF YOU'RE | E23: SPE | F23: {=IFERROR(VLOOKUP(E5,Dex!$B$3:$N102,13,FALSE),"")} -> 87 | G23: {=IFERROR(VLOOKUP(F23,Dex!$P$22:$Q$276,2,FALSE),"")} | H23: 252 | J23: SPE | K23: {=IFERROR(VLOOKUP(J5,Dex!$B$3:$N102,13,FALSE),"")} -> 55 | L23: {=IFERROR(VLOOKUP(K23,Dex!$P$22:$Q$276,2,FALSE),"")} | M23: 252 | O23: SPE | P23: {=IFERROR(VLOOKUP(O5,Dex!$B$3:$N102,13,FALSE),"")} -> 52 | Q23: {=IFERROR(VLOOKUP(P23,Dex!$P$22:$Q$276,2,FALSE),"")} | T23: SPE | U23: {=IFERROR(VLOOKUP(T5,Dex!$B$3:$N102,13,FALSE),"")} -> 61 | V23: {=IFERROR(VLOOKUP(U23,Dex!$P$22:$Q$276,2,FALSE),"")} | W23: 252 | Y23: SPE | Z23: {=IFERROR(VLOOKUP(Y5,Dex!$B$3:$N102,13,FALSE),"")} -> 90 | AA23: {=IFERROR(VLOOKUP(Z23,Dex!$P$22:$Q$276,2,FALSE),"")} | AB23: 252 | AD23: SPE | AE23: {=IFERROR(VLOOKUP(AD5,Dex!$B$3:$N102,13,FALSE),"")} -> 150 | AF23: {=IFERROR(VLOOKUP(AE23,Dex!$P$22:$Q$276,2,FALSE),"")} | AG23: 252
C24: LEVEL 68 ->> | E24: SPEED STAT: | H24: 199 | J24: SPEED STAT: | M24: 152 | O24: SPEED STAT: | R24: 94 | T24: SPEED STAT: | W24: 161 | Y24: SPEED STAT: | AB24: 203 | AD24: SPEED STAT: | AG24: 291
J25: 1 WEAK ARM.: | M25: 304
E28: BATTLE EFFECT: PERMANENT RAIN
C29: =IMAGE("https://i.ibb.co/mh2zYn4/Misty.png") | E29: {=IFERROR(VLOOKUP(E30,Dex!$B$3:$G102,3,FALSE),"")} | J29: {=IFERROR(VLOOKUP(J30,Dex!$B$3:$G102,3,FALSE),"")} | O29: {=IFERROR(VLOOKUP(O30,Dex!$B$3:$G102,3,FALSE),"")} | T29: {=IFERROR(VLOOKUP(T30,Dex!$B$3:$G102,3,FALSE),"")} | Y29: {=IFERROR(VLOOKUP(Y30,Dex!$B$3:$G102,3,FALSE),"")} | AD29: {=IFERROR(VLOOKUP(AD30,Dex!$B$3:$G102,3,FALSE),"")}
C30: GYM LEADER MISTY | E30: Palafin-Hero | J30: Kingdra | O30: Archaludon | T30: Gyarados-Mega | Y30: Ferrothorn | AD30: Gorebyss
E31: Highest Lv -2 | J31: Highest Lv -2 | O31: Highest Lv -2 | T31: Highest Lv -2 | Y31: Highest Lv -2 | AD31: Highest Lv -2
F32: {=IFERROR(VLOOKUP(E30,Dex!$B$3:$H102,5,FALSE),"")} | K32: {=IFERROR(VLOOKUP(J30,Dex!$B$3:$H102,5,FALSE),"")} | L32: {=IFERROR(VLOOKUP(J30,Dex!$B$3:$H102,7,FALSE),"")} | P32: {=IFERROR(VLOOKUP(O30,Dex!$B$3:$H102,5,FALSE),"")} | Q32: {=IFERROR(VLOOKUP(O30,Dex!$B$3:$H102,7,FALSE),"")} | U32: {=IFERROR(VLOOKUP(T30,Dex!$B$3:$H102,5,FALSE),"")} | V32: {=IFERROR(VLOOKUP(T30,Dex!$B$3:$H102,7,FALSE),"")} | Z32: {=IFERROR(VLOOKUP(Y30,Dex!$B$3:$H102,5,FALSE),"")} | AA32: {=IFERROR(VLOOKUP(Y30,Dex!$B$3:$H102,7,FALSE),"")} | AE32: {=IFERROR(VLOOKUP(AD30,Dex!$B$3:$H102,5,FALSE),"")} | AF32: {=IFERROR(VLOOKUP(AD30,Dex!$B$3:$H102,7,FALSE),"")}
E34: Jolly | J34: Jolly | O34: Modest | T34: Jolly | Y34: Relaxed | AD34: Timid
E35: Zero To Hero | J35: Swift Swim | O35: Sturdy | T35: Intimidate Mold Breaker | Y35: Iron Barbs | AD35: Dazzling
E36: Mystic Water | H36: =IMAGE("https://raw.githubusercontent.com/msikma/pokesprite/master/items/hold-item/mystic-water.png",3) | J36: Scope Lens | M36: =IMAGE("https://raw.githubusercontent.com/msikma/pokesprite/master/items/hold-item/scope-lens.png",3) | O36: Leftovers | R36: =IMAGE("https://raw.githubusercontent.com/msikma/pokesprite/master/items/hold-item/leftovers.png",3) | T36: Gyaradosite | W36: =IMAGE("https://raw.githubusercontent.com/msikma/pokesprite/master/items/mega-stone/gyaradosite.png",3) | Y36: Rocky Helmet | AB36: =IMAGE("https://raw.githubusercontent.com/msikma/pokesprite/master/items/hold-item/rocky-helmet.png",3) | AD36: Focus Sash | AG36: =IMAGE("https://raw.githubusercontent.com/msikma/pokesprite/master/items/hold-item/focus-sash.png",3)
E37: Flip Turn | H37: =IMAGE("https://raw.githubusercontent.com/msikma/pokesprite/master/misc/types/gen8/water.png",4,20,20) | J37: Snipe Shot | M37: =IMAGE("https://raw.githubusercontent.com/msikma/pokesprite/master/misc/types/gen8/water.png",4,20,20) | O37: Electro Shot | R37: =IMAGE("https://raw.githubusercontent.com/msikma/pokesprite/master/misc/types/gen8/electric.png",4,20,20) | T37: Dragon Dance | W37: =IMAGE("https://raw.githubusercontent.com/msikma/pokesprite/master/misc/types/gen8/dragon.png",4,20,20) | Y37: Leech Seed | AB37: =IMAGE("https://raw.githubusercontent.com/msikma/pokesprite/master/misc/types/gen8/grass.png",4,20,20) | AD37: Shell Smash | AG37: =IMAGE("https://raw.githubusercontent.com/msikma/pokesprite/master/misc/types/gen8/normal.png",4,20,20)
E38: Wave Crash | H38: =IMAGE("https://raw.githubusercontent.com/msikma/pokesprite/master/misc/types/gen8/water.png",4,20,20) | J38: Dragon Pulse | M38: =IMAGE("https://raw.githubusercontent.com/msikma/pokesprite/master/misc/types/gen8/dragon.png",4,20,20) | O38: Flash Cannon | R38: =IMAGE("https://raw.githubusercontent.com/msikma/pokesprite/master/misc/types/gen8/steel.png",4,20,20) | T38: Waterfall | W38: =IMAGE("https://raw.githubusercontent.com/msikma/pokesprite/master/misc/types/gen8/water.png",4,20,20) | Y38: Gyro Ball | AB38: =IMAGE("https://raw.githubusercontent.com/msikma/pokesprite/master/misc/types/gen8/steel.png",4,20,20) | AD38: Surf | AG38: =IMAGE("https://raw.githubusercontent.com/msikma/pokesprite/master/misc/types/gen8/water.png",4,20,20)
E39: Jet Punch | H39: =IMAGE("https://raw.githubusercontent.com/msikma/pokesprite/master/misc/types/gen8/water.png",4,20,20) | J39: Hurricane | M39: =IMAGE("https://raw.githubusercontent.com/msikma/pokesprite/master/misc/types/gen8/flying.png",4,20,20) | O39: Dragon Pulse | R39: =IMAGE("https://raw.githubusercontent.com/msikma/pokesprite/master/misc/types/gen8/dragon.png",4,20,20) | T39: Crunch | W39: =IMAGE("https://raw.githubusercontent.com/msikma/pokesprite/master/misc/types/gen8/dark.png",4,20,20) | Y39: Power Whip | AB39: =IMAGE("https://raw.githubusercontent.com/msikma/pokesprite/master/misc/types/gen8/grass.png",4,20,20) | AD39: Ice Beam | AG39: =IMAGE("https://raw.githubusercontent.com/msikma/pokesprite/master/misc/types/gen8/ice.png",4,20,20)
E40: Drain Punch | H40: =IMAGE("https://raw.githubusercontent.com/msikma/pokesprite/master/misc/types/gen8/fighting.png",4,20,20) | J40: Ice Beam | M40: =IMAGE("https://raw.githubusercontent.com/msikma/pokesprite/master/misc/types/gen8/ice.png",4,20,20) | O40: Body Press | R40: =IMAGE("https://raw.githubusercontent.com/msikma/pokesprite/master/misc/types/gen8/fighting.png",4,20,20) | T40: Earthquake | W40: =IMAGE("https://raw.githubusercontent.com/msikma/pokesprite/master/misc/types/gen8/ground.png",4,20,20) | Y40: Thunder Wave | AB40: =IMAGE("https://raw.githubusercontent.com/msikma/pokesprite/master/misc/types/gen8/electric.png",4,20,20) | AD40: Moonblast | AG40: =IMAGE("https://raw.githubusercontent.com/msikma/pokesprite/master/misc/types/gen8/fairy.png",4,20,20)
E42: BASE STATS | H42: EVs | J42: BASE STATS | M42: EVs | O42: BASE STATS | R42: EVs | T42: BASE STATS | W42: EVs | Y42: BASE STATS | AB42: EVs | AD42: BASE STATS | AG42: EVs
E43: HP | F43: {=IFERROR(VLOOKUP(E30,Dex!$B$3:$N102,8,FALSE),"")} -> 100 | G43: {=IFERROR(VLOOKUP(F43,Dex!$P$22:$Q$276,2,FALSE),"")} | J43: HP | K43: {=IFERROR(VLOOKUP(J30,Dex!$B$3:$N102,8,FALSE),"")} -> 75 | L43: {=IFERROR(VLOOKUP(K43,Dex!$P$22:$Q$276,2,FALSE),"")} | O43: HP | P43: {=IFERROR(VLOOKUP(O30,Dex!$B$3:$N102,8,FALSE),"")} -> 90 | Q43: {=IFERROR(VLOOKUP(P43,Dex!$P$22:$Q$276,2,FALSE),"")} | R43: 252 | T43: HP | U43: {=IFERROR(VLOOKUP(T30,Dex!$B$3:$N102,8,FALSE),"")} -> 95 | V43: {=IFERROR(VLOOKUP(U43,Dex!$P$22:$Q$276,2,FALSE),"")} | Y43: HP | Z43: {=IFERROR(VLOOKUP(Y30,Dex!$B$3:$N102,8,FALSE),"")} -> 74 | AA43: {=IFERROR(VLOOKUP(Z43,Dex!$P$22:$Q$276,2,FALSE),"")} | AB43: 252 | AD43: HP | AE43: {=IFERROR(VLOOKUP(AD30,Dex!$B$3:$N102,8,FALSE),"")} -> 55 | AF43: {=IFERROR(VLOOKUP(AE43,Dex!$P$22:$Q$276,2,FALSE),"")}
E44: ATK | F44: {=IFERROR(VLOOKUP(E30,Dex!$B$3:$N102,9,FALSE),"")} -> 160 | G44: {=IFERROR(VLOOKUP(F44,Dex!$P$22:$Q$276,2,FALSE),"")} | H44: 252 | J44: ATK | K44: {=IFERROR(VLOOKUP(J30,Dex!$B$3:$N102,9,FALSE),"")} -> 95 | L44: {=IFERROR(VLOOKUP(K44,Dex!$P$22:$Q$276,2,FALSE),"")} | O44: ATK | P44: {=IFERROR(VLOOKUP(O30,Dex!$B$3:$N102,9,FALSE),"")} -> 105 | Q44: {=IFERROR(VLOOKUP(P44,Dex!$P$22:$Q$276,2,FALSE),"")} | T44: ATK | U44: {=IFERROR(VLOOKUP(T30,Dex!$B$3:$N102,9,FALSE),"")} -> 155 | V44: {=IFERROR(VLOOKUP(U44,Dex!$P$22:$Q$276,2,FALSE),"")} | W44: 252 | Y44: ATK | Z44: {=IFERROR(VLOOKUP(Y30,Dex!$B$3:$N102,9,FALSE),"")} -> 94 | AA44: {=IFERROR(VLOOKUP(Z44,Dex!$P$22:$Q$276,2,FALSE),"")} | AD44: ATK | AE44: {=IFERROR(VLOOKUP(AD30,Dex!$B$3:$N102,9,FALSE),"")} -> 84 | AF44: {=IFERROR(VLOOKUP(AE44,Dex!$P$22:$Q$276,2,FALSE),"")}
E45: DEF | F45: {=IFERROR(VLOOKUP(E30,Dex!$B$3:$N102,10,FALSE),"")} -> 97 | G45: {=IFERROR(VLOOKUP(F45,Dex!$P$22:$Q$276,2,FALSE),"")} | J45: DEF | K45: {=IFERROR(VLOOKUP(J30,Dex!$B$3:$N102,10,FALSE),"")} -> 95 | L45: {=IFERROR(VLOOKUP(K45,Dex!$P$22:$Q$276,2,FALSE),"")} | O45: DEF | P45: {=IFERROR(VLOOKUP(O30,Dex!$B$3:$N102,10,FALSE),"")} -> 130 | Q45: {=IFERROR(VLOOKUP(P45,Dex!$P$22:$Q$276,2,FALSE),"")} | R45: 4 | T45: DEF | U45: {=IFERROR(VLOOKUP(T30,Dex!$B$3:$N102,10,FALSE),"")} -> 109 | V45: {=IFERROR(VLOOKUP(U45,Dex!$P$22:$Q$276,2,FALSE),"")} | Y45: DEF | Z45: {=IFERROR(VLOOKUP(Y30,Dex!$B$3:$N102,10,FALSE),"")} -> 131 | AA45: {=IFERROR(VLOOKUP(Z45,Dex!$P$22:$Q$276,2,FALSE),"")} | AB45: 252 | AD45: DEF | AE45: {=IFERROR(VLOOKUP(AD30,Dex!$B$3:$N102,10,FALSE),"")} -> 105 | AF45: {=IFERROR(VLOOKUP(AE45,Dex!$P$22:$Q$276,2,FALSE),"")}
E46: SPA | F46: {=IFERROR(VLOOKUP(E30,Dex!$B$3:$N102,11,FALSE),"")} -> 106 | G46: {=IFERROR(VLOOKUP(F46,Dex!$P$22:$Q$276,2,FALSE),"")} | J46: SPA | K46: {=IFERROR(VLOOKUP(J30,Dex!$B$3:$N102,11,FALSE),"")} -> 95 | L46: {=IFERROR(VLOOKUP(K46,Dex!$P$22:$Q$276,2,FALSE),"")} | M46: 252 | O46: SPA | P46: {=IFERROR(VLOOKUP(O30,Dex!$B$3:$N102,11,FALSE),"")} -> 125 | Q46: {=IFERROR(VLOOKUP(P46,Dex!$P$22:$Q$276,2,FALSE),"")} | R46: 252 | T46: SPA | U46: {=IFERROR(VLOOKUP(T30,Dex!$B$3:$N102,11,FALSE),"")} -> 70 | V46: {=IFERROR(VLOOKUP(U46,Dex!$P$22:$Q$276,2,FALSE),"")} | Y46: SPA | Z46: {=IFERROR(VLOOKUP(Y30,Dex!$B$3:$N102,11,FALSE),"")} -> 54 | AA46: {=IFERROR(VLOOKUP(Z46,Dex!$P$22:$Q$276,2,FALSE),"")} | AD46: SPA | AE46: {=IFERROR(VLOOKUP(AD30,Dex!$B$3:$N102,11,FALSE),"")} -> 104 | AF46: {=IFERROR(VLOOKUP(AE46,Dex!$P$22:$Q$276,2,FALSE),"")} | AG46: 252
E47: SPD | F47: {=IFERROR(VLOOKUP(E30,Dex!$B$3:$N102,12,FALSE),"")} -> 87 | G47: {=IFERROR(VLOOKUP(F47,Dex!$P$22:$Q$276,2,FALSE),"")} | H47: 4 | J47: SPD | K47: {=IFERROR(VLOOKUP(J30,Dex!$B$3:$N102,12,FALSE),"")} -> 95 | L47: {=IFERROR(VLOOKUP(K47,Dex!$P$22:$Q$276,2,FALSE),"")} | M47: 4 | O47: SPD | P47: {=IFERROR(VLOOKUP(O30,Dex!$B$3:$N102,12,FALSE),"")} -> 65 | Q47: {=IFERROR(VLOOKUP(P47,Dex!$P$22:$Q$276,2,FALSE),"")} | T47: SPD | U47: {=IFERROR(VLOOKUP(T30,Dex!$B$3:$N102,12,FALSE),"")} -> 130 | V47: {=IFERROR(VLOOKUP(U47,Dex!$P$22:$Q$276,2,FALSE),"")} | W47: 4 | Y47: SPD | Z47: {=IFERROR(VLOOKUP(Y30,Dex!$B$3:$N102,12,FALSE),"")} -> 116 | AA47: {=IFERROR(VLOOKUP(Z47,Dex!$P$22:$Q$276,2,FALSE),"")} | AB47: 4 | AD47: SPD | AE47: {=IFERROR(VLOOKUP(AD30,Dex!$B$3:$N102,12,FALSE),"")} -> 75 | AF47: {=IFERROR(VLOOKUP(AE47,Dex!$P$22:$Q$276,2,FALSE),"")} | AG47: 4
C48: IF YOU'RE | E48: SPE | F48: {=IFERROR(VLOOKUP(E30,Dex!$B$3:$N102,13,FALSE),"")} -> 100 | G48: {=IFERROR(VLOOKUP(F48,Dex!$P$22:$Q$276,2,FALSE),"")} | H48: 252 | J48: SPE | K48: {=IFERROR(VLOOKUP(J30,Dex!$B$3:$N102,13,FALSE),"")} -> 85 | L48: {=IFERROR(VLOOKUP(K48,Dex!$P$22:$Q$276,2,FALSE),"")} | M48: 252 | O48: SPE | P48: {=IFERROR(VLOOKUP(O30,Dex!$B$3:$N102,13,FALSE),"")} -> 85 | Q48: {=IFERROR(VLOOKUP(P48,Dex!$P$22:$Q$276,2,FALSE),"")} | T48: SPE | U48: {=IFERROR(VLOOKUP(T30,Dex!$B$3:$N102,13,FALSE),"")} -> 81 | V48: {=IFERROR(VLOOKUP(U48,Dex!$P$22:$Q$276,2,FALSE),"")} | W48: 252 | Y48: SPE | Z48: {=IFERROR(VLOOKUP(Y30,Dex!$B$3:$N102,13,FALSE),"")} -> 20 | AA48: {=IFERROR(VLOOKUP(Z48,Dex!$P$22:$Q$276,2,FALSE),"")} | AD48: SPE | AE48: {=IFERROR(VLOOKUP(AD30,Dex!$B$3:$N102,13,FALSE),"")} -> 52 | AF48: {=IFERROR(VLOOKUP(AE48,Dex!$P$22:$Q$276,2,FALSE),"")} | AG48: 252
C49: LEVEL 68 ->> | E49: SPEED STAT: | H49: 218 | J49: SPEED STAT: | M49: 196 | O49: SPEED STAT: | R49: 137 | T49: SPEED STAT: | W49: 190 | Y49: SPEED STAT: | AB49: 27 | AD49: SPEED STAT: | AG49: 148
J50: SWIFT SWIM: | M50: 392
E53: BATTLE EFFECT: PERMANENT ELECTRIC TERRAIN
C54: =IMAGE("https://i.ibb.co/w6kjj5K/Surge.png") | E54: {=IFERROR(VLOOKUP(E55,Dex!$B$3:$G102,3,FALSE),"")} | J54: {=IFERROR(VLOOKUP(J55,Dex!$B$3:$G102,3,FALSE),"")} | O54: {=IFERROR(VLOOKUP(O55,Dex!$B$3:$G102,3,FALSE),"")} | T54: {=IFERROR(VLOOKUP(T55,Dex!$B$3:$G102,3,FALSE),"")} | Y54: {=IFERROR(VLOOKUP(Y55,Dex!$B$3:$G102,3,FALSE),"")} | AD54: {=IFERROR(VLOOKUP(AD55,Dex!$B$3:$G102,3,FALSE),"")}
C55: GYM LEADER LT. SURGE | E55: Iron Treads | J55: Bellibolt | O55: Rotom-W | T55: Pawmot | Y55: Manectric-Mega | AD55: Iron Hands
E56: Highest Lv -2 | J56: Highest Lv -2 | O56: Highest Lv -2 | T56: Highest Lv -2 | Y56: Highest Lv -2 | AD56: Highest Lv -2
F57: {=IFERROR(VLOOKUP(E55,Dex!$B$3:$H102,5,FALSE),"")} | G57: {=IFERROR(VLOOKUP(E55,Dex!$B$3:$H102,7,FALSE),"")} | K57: {=IFERROR(VLOOKUP(J55,Dex!$B$3:$H102,5,FALSE),"")} | P57: {=IFERROR(VLOOKUP(O55,Dex!$B$3:$H102,5,FALSE),"")} | Q57: {=IFERROR(VLOOKUP(O55,Dex!$B$3:$H102,7,FALSE),"")} | U57: {=IFERROR(VLOOKUP(T55,Dex!$B$3:$H102,5,FALSE),"")} | V57: {=IFERROR(VLOOKUP(T55,Dex!$B$3:$H102,7,FALSE),"")} | Z57: {=IFERROR(VLOOKUP(Y55,Dex!$B$3:$H102,5,FALSE),"")} | AE57: {=IFERROR(VLOOKUP(AD55,Dex!$B$3:$H102,5,FALSE),"")} | AF57: {=IFERROR(VLOOKUP(AD55,Dex!$B$3:$H102,7,FALSE),"")}
E59: Jolly | J59: Modest | O59: Timid | T59: Jolly | Y59: Timid | AD59: Careful
E60: Quark Drive | J60: Electromorphosis | O60: Levitate | T60: Iron Fist | Y60: Intimidate (Both) | AD60: Quark Drive
E61: Focus Sash | H61: =IMAGE("https://raw.githubusercontent.com/msikma/pokesprite/master/items/hold-item/focus-sash.png",3) | J61: Leftovers | M61: =IMAGE("https://raw.githubusercontent.com/msikma/pokesprite/master/items/hold-item/leftovers.png",3) | O61: Life Orb | R61: =IMAGE("https://raw.githubusercontent.com/msikma/pokesprite/master/items/hold-item/life-orb.png",3) | T61: Punching Glove | W61: =IMAGE("https://www.serebii.net/itemdex/sprites/punchingglove.png",4,24,24) | Y61: Manectite | AB61: =IMAGE("https://raw.githubusercontent.com/msikma/pokesprite/master/items/mega-stone/manectite.png",3) | AD61: Assault Vest | AG61: =IMAGE("https://raw.githubusercontent.com/msikma/pokesprite/master/items/hold-item/assault-vest.png",3)
E62: Earthquake | H62: =IMAGE("https://raw.githubusercontent.com/msikma/pokesprite/master/misc/types/gen8/ground.png",4,20,20) | J62: Parab. Charge | M62: =IMAGE("https://raw.githubusercontent.com/msikma/pokesprite/master/misc/types/gen8/electric.png",4,20,20) | O62: Volt Switch | R62: =IMAGE("https://raw.githubusercontent.com/msikma/pokesprite/master/misc/types/gen8/electric.png",4,20,20) | T62: Thunder Punch | W62: =IMAGE("https://raw.githubusercontent.com/msikma/pokesprite/master/misc/types/gen8/electric.png",4,20,20) | Y62: Volt Switch | AB62: =IMAGE("https://raw.githubusercontent.com/msikma/pokesprite/master/misc/types/gen8/electric.png",4,20,20) | AD62: Plasma Fists | AG62: =IMAGE("https://raw.githubusercontent.com/msikma/pokesprite/master/misc/types/gen8/electric.png",4,20,20)
E63: Iron Head | H63: =IMAGE("https://raw.githubusercontent.com/msikma/pokesprite/master/misc/types/gen8/steel.png",4,20,20) | J63: HP Grass | M63: =IMAGE("https://raw.githubusercontent.com/msikma/pokesprite/master/misc/types/gen8/grass.png",4,20,20) | O63: Rising Voltage | R63: =IMAGE("https://raw.githubusercontent.com/msikma/pokesprite/master/misc/types/gen8/electric.png",4,20,20) | T63: Close Combat | W63: =IMAGE("https://raw.githubusercontent.com/msikma/pokesprite/master/misc/types/gen8/fighting.png",4,20,20) | Y63: Rising Voltage | AB63: =IMAGE("https://raw.githubusercontent.com/msikma/pokesprite/master/misc/types/gen8/electric.png",4,20,20) | AD63: Drain Punch | AG63: =IMAGE("https://raw.githubusercontent.com/msikma/pokesprite/master/misc/types/gen8/fighting.png",4,20,20)
E64: Stealth Rock | H64: =IMAGE("https://raw.githubusercontent.com/msikma/pokesprite/master/misc/types/gen8/rock.png",4,20,20) | J64: Muddy Water | M64: =IMAGE("https://raw.githubusercontent.com/msikma/pokesprite/master/misc/types/gen8/water.png",4,20,20) | O64: Scald | R64: =IMAGE("https://raw.githubusercontent.com/msikma/pokesprite/master/misc/types/gen8/water.png",4,20,20) | T64: Mach Punch | W64: =IMAGE("https://raw.githubusercontent.com/msikma/pokesprite/master/misc/types/gen8/fighting.png",4,20,20) | Y64: Flamethrower | AB64: =IMAGE("https://raw.githubusercontent.com/msikma/pokesprite/master/misc/types/gen8/fire.png",4,20,20) | AD64: Ice Punch | AG64: =IMAGE("https://raw.githubusercontent.com/msikma/pokesprite/master/misc/types/gen8/ice.png",4,20,20)
E65: Volt Switch | H65: =IMAGE("https://raw.githubusercontent.com/msikma/pokesprite/master/misc/types/gen8/electric.png",4,20,20) | J65: Volt Switch | M65: =IMAGE("https://raw.githubusercontent.com/msikma/pokesprite/master/misc/types/gen8/electric.png",4,20,20) | O65: HP Ice | R65: =IMAGE("https://raw.githubusercontent.com/msikma/pokesprite/master/misc/types/gen8/ice.png",4,20,20) | T65: Ice Punch | W65: =IMAGE("https://raw.githubusercontent.com/msikma/pokesprite/master/misc/types/gen8/ice.png",4,20,20) | Y65: HP Grass | AB65: =IMAGE("https://raw.githubusercontent.com/msikma/pokesprite/master/misc/types/gen8/grass.png",4,20,20) | AD65: Fake Out | AG65: =IMAGE("https://raw.githubusercontent.com/msikma/pokesprite/master/misc/types/gen8/normal.png",4,20,20)
E67: BASE STATS | H67: EVs | J67: BASE STATS | M67: EVs | O67: BASE STATS | R67: EVs | T67: BASE STATS | W67: EVs | Y67: BASE STATS | AB67: EVs | AD67: BASE STATS | AG67: EVs
E68: HP | F68: {=IFERROR(VLOOKUP(E55,Dex!$B$3:$N102,8,FALSE),"")} -> 90 | G68: {=IFERROR(VLOOKUP(F68,Dex!$P$22:$Q$276,2,FALSE),"")} | J68: HP | K68: {=IFERROR(VLOOKUP(J55,Dex!$B$3:$N102,8,FALSE),"")} -> 109 | L68: {=IFERROR(VLOOKUP(K68,Dex!$P$22:$Q$276,2,FALSE),"")} | M68: 252 | O68: HP | P68: {=IFERROR(VLOOKUP(O55,Dex!$B$3:$N102,8,FALSE),"")} -> 50 | Q68: {=IFERROR(VLOOKUP(P68,Dex!$P$22:$Q$276,2,FALSE),"")} | T68: HP | U68: {=IFERROR(VLOOKUP(T55,Dex!$B$3:$N102,8,FALSE),"")} -> 70 | V68: {=IFERROR(VLOOKUP(U68,Dex!$P$22:$Q$276,2,FALSE),"")} | Y68: HP | Z68: {=IFERROR(VLOOKUP(Y55,Dex!$B$3:$N102,8,FALSE),"")} -> 70 | AA68: {=IFERROR(VLOOKUP(Z68,Dex!$P$22:$Q$276,2,FALSE),"")} | AD68: HP | AE68: {=IFERROR(VLOOKUP(AD55,Dex!$B$3:$N102,8,FALSE),"")} -> 154 | AF68: {=IFERROR(VLOOKUP(AE68,Dex!$P$22:$Q$276,2,FALSE),"")} | AG68: 252
E69: ATK | F69: {=IFERROR(VLOOKUP(E55,Dex!$B$3:$N102,9,FALSE),"")} -> 112 | G69: {=IFERROR(VLOOKUP(F69,Dex!$P$22:$Q$276,2,FALSE),"")} | H69: 252 | J69: ATK | K69: {=IFERROR(VLOOKUP(J55,Dex!$B$3:$N102,9,FALSE),"")} -> 64 | L69: {=IFERROR(VLOOKUP(K69,Dex!$P$22:$Q$276,2,FALSE),"")} | O69: ATK | P69: {=IFERROR(VLOOKUP(O55,Dex!$B$3:$N102,9,FALSE),"")} -> 65 | Q69: {=IFERROR(VLOOKUP(P69,Dex!$P$22:$Q$276,2,FALSE),"")} | T69: ATK | U69: {=IFERROR(VLOOKUP(T55,Dex!$B$3:$N102,9,FALSE),"")} -> 115 | V69: {=IFERROR(VLOOKUP(U69,Dex!$P$22:$Q$276,2,FALSE),"")} | W69: 252 | Y69: ATK | Z69: {=IFERROR(VLOOKUP(Y55,Dex!$B$3:$N102,9,FALSE),"")} -> 75 | AA69: {=IFERROR(VLOOKUP(Z69,Dex!$P$22:$Q$276,2,FALSE),"")} | AD69: ATK | AE69: {=IFERROR(VLOOKUP(AD55,Dex!$B$3:$N102,9,FALSE),"")} -> 140 | AF69: {=IFERROR(VLOOKUP(AE69,Dex!$P$22:$Q$276,2,FALSE),"")} | AG69: 4
E70: DEF | F70: {=IFERROR(VLOOKUP(E55,Dex!$B$3:$N102,10,FALSE),"")} -> 120 | G70: {=IFERROR(VLOOKUP(F70,Dex!$P$22:$Q$276,2,FALSE),"")} | J70: DEF | K70: {=IFERROR(VLOOKUP(J55,Dex!$B$3:$N102,10,FALSE),"")} -> 91 | L70: {=IFERROR(VLOOKUP(K70,Dex!$P$22:$Q$276,2,FALSE),"")} | M70: 4 | O70: DEF | P70: {=IFERROR(VLOOKUP(O55,Dex!$B$3:$N102,10,FALSE),"")} -> 107 | Q70: {=IFERROR(VLOOKUP(P70,Dex!$P$22:$Q$276,2,FALSE),"")} | T70: DEF | U70: {=IFERROR(VLOOKUP(T55,Dex!$B$3:$N102,10,FALSE),"")} -> 70 | V70: {=IFERROR(VLOOKUP(U70,Dex!$P$22:$Q$276,2,FALSE),"")} | Y70: DEF | Z70: {=IFERROR(VLOOKUP(Y55,Dex!$B$3:$N102,10,FALSE),"")} -> 80 | AA70: {=IFERROR(VLOOKUP(Z70,Dex!$P$22:$Q$276,2,FALSE),"")} | AD70: DEF | AE70: {=IFERROR(VLOOKUP(AD55,Dex!$B$3:$N102,10,FALSE),"")} -> 108 | AF70: {=IFERROR(VLOOKUP(AE70,Dex!$P$22:$Q$276,2,FALSE),"")}
E71: SPA | F71: {=IFERROR(VLOOKUP(E55,Dex!$B$3:$N102,11,FALSE),"")} -> 72 | G71: {=IFERROR(VLOOKUP(F71,Dex!$P$22:$Q$276,2,FALSE),"")} | J71: SPA | K71: {=IFERROR(VLOOKUP(J55,Dex!$B$3:$N102,11,FALSE),"")} -> 103 | L71: {=IFERROR(VLOOKUP(K71,Dex!$P$22:$Q$276,2,FALSE),"")} | M71: 252 | O71: SPA | P71: {=IFERROR(VLOOKUP(O55,Dex!$B$3:$N102,11,FALSE),"")} -> 105 | Q71: {=IFERROR(VLOOKUP(P71,Dex!$P$22:$Q$276,2,FALSE),"")} | R71: 252 | T71: SPA | U71: {=IFERROR(VLOOKUP(T55,Dex!$B$3:$N102,11,FALSE),"")} -> 70 | V71: {=IFERROR(VLOOKUP(U71,Dex!$P$22:$Q$276,2,FALSE),"")} | Y71: SPA | Z71: {=IFERROR(VLOOKUP(Y55,Dex!$B$3:$N102,11,FALSE),"")} -> 135 | AA71: {=IFERROR(VLOOKUP(Z71,Dex!$P$22:$Q$276,2,FALSE),"")} | AB71: 252 | AD71: SPA | AE71: {=IFERROR(VLOOKUP(AD55,Dex!$B$3:$N102,11,FALSE),"")} -> 50 | AF71: {=IFERROR(VLOOKUP(AE71,Dex!$P$22:$Q$276,2,FALSE),"")}
E72: SPD | F72: {=IFERROR(VLOOKUP(E55,Dex!$B$3:$N102,12,FALSE),"")} -> 70 | G72: {=IFERROR(VLOOKUP(F72,Dex!$P$22:$Q$276,2,FALSE),"")} | H72: 4 | J72: SPD | K72: {=IFERROR(VLOOKUP(J55,Dex!$B$3:$N102,12,FALSE),"")} -> 83 | L72: {=IFERROR(VLOOKUP(K72,Dex!$P$22:$Q$276,2,FALSE),"")} | O72: SPD | P72: {=IFERROR(VLOOKUP(O55,Dex!$B$3:$N102,12,FALSE),"")} -> 107 | Q72: {=IFERROR(VLOOKUP(P72,Dex!$P$22:$Q$276,2,FALSE),"")} | R72: 4 | T72: SPD | U72: {=IFERROR(VLOOKUP(T55,Dex!$B$3:$N102,12,FALSE),"")} -> 60 | V72: {=IFERROR(VLOOKUP(U72,Dex!$P$22:$Q$276,2,FALSE),"")} | W72: 4 | Y72: SPD | Z72: {=IFERROR(VLOOKUP(Y55,Dex!$B$3:$N102,12,FALSE),"")} -> 80 | AA72: {=IFERROR(VLOOKUP(Z72,Dex!$P$22:$Q$276,2,FALSE),"")} | AB72: 4 | AD72: SPD | AE72: {=IFERROR(VLOOKUP(AD55,Dex!$B$3:$N102,12,FALSE),"")} -> 68 | AF72: {=IFERROR(VLOOKUP(AE72,Dex!$P$22:$Q$276,2,FALSE),"")} | AG72: 252
C73: IF YOU'RE | E73: SPE | F73: {=IFERROR(VLOOKUP(E55,Dex!$B$3:$N102,13,FALSE),"")} -> 106 | G73: {=IFERROR(VLOOKUP(F73,Dex!$P$22:$Q$276,2,FALSE),"")} | H73: 252 | J73: SPE | K73: {=IFERROR(VLOOKUP(J55,Dex!$B$3:$N102,13,FALSE),"")} -> 45 | L73: {=IFERROR(VLOOKUP(K73,Dex!$P$22:$Q$276,2,FALSE),"")} | O73: SPE | P73: {=IFERROR(VLOOKUP(O55,Dex!$B$3:$N102,13,FALSE),"")} -> 86 | Q73: {=IFERROR(VLOOKUP(P73,Dex!$P$22:$Q$276,2,FALSE),"")} | R73: 252 | T73: SPE | U73: {=IFERROR(VLOOKUP(T55,Dex!$B$3:$N102,13,FALSE),"")} -> 105 | V73: {=IFERROR(VLOOKUP(U73,Dex!$P$22:$Q$276,2,FALSE),"")} | W73: 252 | Y73: SPE | Z73: {=IFERROR(VLOOKUP(Y55,Dex!$B$3:$N102,13,FALSE),"")} -> 135 | AA73: {=IFERROR(VLOOKUP(Z73,Dex!$P$22:$Q$276,2,FALSE),"")} | AB73: 252 | AD73: SPE | AE73: {=IFERROR(VLOOKUP(AD55,Dex!$B$3:$N102,13,FALSE),"")} -> 50 | AF73: {=IFERROR(VLOOKUP(AE73,Dex!$P$22:$Q$276,2,FALSE),"")}
C74: LEVEL 68 ->> | E74: SPEED STAT: | H74: 226 | J74: SPEED STAT: | M74: 84 | O74: SPEED STAT: | R74: 198 | T74: SPEED STAT: | W74: 225 | Y74: SPEED STAT: | AB74: 269 | AD74: SPEED STAT: | AG74: 91
E75: QUAR. DRIVE: | H75: 339
E78: BATTLE EFFECT: PERMANENT GRASSY TERRAIN
C79: =IMAGE("https://i.ibb.co/z204J6T/Erika.png") | E79: {=IFERROR(VLOOKUP(E80,Dex!$B$3:$G102,3,FALSE),"")} | J79: {=IFERROR(VLOOKUP(J80,Dex!$B$3:$G102,3,FALSE),"")} | O79: {=IFERROR(VLOOKUP(O80,Dex!$B$3:$G102,3,FALSE),"")} | T79: {=IFERROR(VLOOKUP(T80,Dex!$B$3:$G102,3,FALSE),"")} | Y79: {=IFERROR(VLOOKUP(Y80,Dex!$B$3:$G102,3,FALSE),"")} | AD79: {=IFERROR(VLOOKUP(AD80,Dex!$B$3:$G102,3,FALSE),"")}
C80: GYM LEADER ERIKA | E80: Ogerpon-C | J80: Meowscarada | O80: Hawlucha | T80: Sinistcha | Y80: Lilligant-H | AD80: Venusaur-Mega
E81: Highest Lv -2 | J81: Highest Lv -2 | O81: Highest Lv -2 | T81: Highest Lv -2 | Y81: Highest Lv -2 | AD81: Highest Lv -2
F82: {=IFERROR(VLOOKUP(E80,Dex!$B$3:$H102,5,FALSE),"")} | G82: {=IFERROR(VLOOKUP(E80,Dex!$B$3:$H102,7,FALSE),"")} | K82: {=IFERROR(VLOOKUP(J80,Dex!$B$3:$H102,5,FALSE),"")} | L82: {=IFERROR(VLOOKUP(J80,Dex!$B$3:$H102,7,FALSE),"")} | P82: {=IFERROR(VLOOKUP(O80,Dex!$B$3:$H102,5,FALSE),"")} | Q82: {=IFERROR(VLOOKUP(O80,Dex!$B$3:$H102,7,FALSE),"")} | U82: {=IFERROR(VLOOKUP(T80,Dex!$B$3:$H102,5,FALSE),"")} | V82: {=IFERROR(VLOOKUP(T80,Dex!$B$3:$H102,7,FALSE),"")} | Z82: {=IFERROR(VLOOKUP(Y80,Dex!$B$3:$H102,5,FALSE),"")} | AA82: {=IFERROR(VLOOKUP(Y80,Dex!$B$3:$H102,7,FALSE),"")} | AE82: {=IFERROR(VLOOKUP(AD80,Dex!$B$3:$H102,5,FALSE),"")} | AF82: {=IFERROR(VLOOKUP(AD80,Dex!$B$3:$H102,7,FALSE),"")}
E84: Jolly | J84: Jolly | O84: Adamant | T84: Modest | Y84: Jolly | AD84: Modest
E85: Sturdy | J85: Protean | O85: Unburden | T85: Heatproof | Y85: Hustle | AD85: Overgrow Thick Fat (Mega)
E86: Corner. Mask | H86: =IMAGE("https://i.ibb.co/6ZBsLZp/corner.png",4,28,28) | J86: Life Orb | M86: =IMAGE("https://raw.githubusercontent.com/msikma/pokesprite/master/items/hold-item/life-orb.png",3) | O86: Grassy Seed | R86: =IMAGE("https://raw.githubusercontent.com/msikma/pokesprite/master/items/hold-item/grassy-seed.png",3) | T86: Leftovers | W86: =IMAGE("https://raw.githubusercontent.com/msikma/pokesprite/master/items/hold-item/leftovers.png",3) | Y86: Wide Lens | AB86: =IMAGE("https://raw.githubusercontent.com/msikma/pokesprite/master/items/hold-item/wide-lens.png",3) | AD86: Venusaurite | AG86: =IMAGE("https://raw.githubusercontent.com/msikma/pokesprite/master/items/mega-stone/venusaurite.png",3)
E87: Horn Leech | H87: =IMAGE("https://raw.githubusercontent.com/msikma/pokesprite/master/misc/types/gen8/grass.png",4,20,20) | J87: U-Turn | M87: =IMAGE("https://raw.githubusercontent.com/msikma/pokesprite/master/misc/types/gen8/bug.png",4,20,20) | O87: Swords Dance | R87: =IMAGE("https://raw.githubusercontent.com/msikma/pokesprite/master/misc/types/gen8/normal.png",4,20,20) | T87: Strength Sap | W87: =IMAGE("https://raw.githubusercontent.com/msikma/pokesprite/master/misc/types/gen8/grass.png",4,20,20) | Y87: Victory Dance | AB87: =IMAGE("https://raw.githubusercontent.com/msikma/pokesprite/master/misc/types/gen8/fighting.png",4,20,20) | AD87: Giga Drain | AG87: =IMAGE("https://raw.githubusercontent.com/msikma/pokesprite/master/misc/types/gen8/grass.png",4,20,20)
E88: Ivy Cudgel | H88: =IMAGE("https://raw.githubusercontent.com/msikma/pokesprite/master/misc/types/gen8/rock.png",4,20,20) | J88: Knock Off | M88: =IMAGE("https://raw.githubusercontent.com/msikma/pokesprite/master/misc/types/gen8/dark.png",4,20,20) | O88: Close Combat | R88: =IMAGE("https://raw.githubusercontent.com/msikma/pokesprite/master/misc/types/gen8/fighting.png",4,20,20) | T88: Will-O-Wisp | W88: =IMAGE("https://raw.githubusercontent.com/msikma/pokesprite/master/misc/types/gen8/fire.png",4,20,20) | Y88: Leaf Blade | AB88: =IMAGE("https://raw.githubusercontent.com/msikma/pokesprite/master/misc/types/gen8/grass.png",4,20,20) | AD88: Earth Power | AG88: =IMAGE("https://raw.githubusercontent.com/msikma/pokesprite/master/misc/types/gen8/ground.png",4,20,20)
E89: Knock Off | H89: =IMAGE("https://raw.githubusercontent.com/msikma/pokesprite/master/misc/types/gen8/dark.png",4,20,20) | J89: Flower Trick | M89: =IMAGE("https://raw.githubusercontent.com/msikma/pokesprite/master/misc/types/gen8/grass.png",4,20,20) | O89: Acrobatics | R89: =IMAGE("https://raw.githubusercontent.com/msikma/pokesprite/master/misc/types/gen8/flying.png",4,20,20) | T89: Shadow Ball | W89: =IMAGE("https://raw.githubusercontent.com/msikma/pokesprite/master/misc/types/gen8/ghost.png",4,20,20) | Y89: Close Combat | AB89: =IMAGE("https://raw.githubusercontent.com/msikma/pokesprite/master/misc/types/gen8/fighting.png",4,20,20) | AD89: Synthesis | AG89: =IMAGE("https://raw.githubusercontent.com/msikma/pokesprite/master/misc/types/gen8/grass.png",4,20,20)
E90: U-Turn | H90: =IMAGE("https://raw.githubusercontent.com/msikma/pokesprite/master/misc/types/gen8/bug.png",4,20,20) | J90: Triple Axel | M90: =IMAGE("https://raw.githubusercontent.com/msikma/pokesprite/master/misc/types/gen8/ice.png",4,20,20) | O90: Stone Edge | R90: =IMAGE("https://raw.githubusercontent.com/msikma/pokesprite/master/misc/types/gen8/rock.png",4,20,20) | T90: Matcha Got. | W90: =IMAGE("https://raw.githubusercontent.com/msikma/pokesprite/master/misc/types/gen8/grass.png",4,20,20) | Y90: Ice Spinner | AB90: =IMAGE("https://raw.githubusercontent.com/msikma/pokesprite/master/misc/types/gen8/ice.png",4,20,20) | AD90: Sludge Bomb | AG90: =IMAGE("https://raw.githubusercontent.com/msikma/pokesprite/master/misc/types/gen8/poison.png",4,20,20)
E92: BASE STATS | H92: EVs | J92: BASE STATS | M92: EVs | O92: BASE STATS | R92: EVs | T92: BASE STATS | W92: EVs | Y92: BASE STATS | AB92: EVs | AD92: BASE STATS | AG92: EVs
E93: HP | F93: {=IFERROR(VLOOKUP(E80,Dex!$B$3:$N102,8,FALSE),"")} -> 80 | G93: {=IFERROR(VLOOKUP(F93,Dex!$P$22:$Q$276,2,FALSE),"")} | J93: HP | K93: {=IFERROR(VLOOKUP(J80,Dex!$B$3:$N102,8,FALSE),"")} -> 76 | L93: {=IFERROR(VLOOKUP(K93,Dex!$P$22:$Q$276,2,FALSE),"")} | O93: HP | P93: {=IFERROR(VLOOKUP(O80,Dex!$B$3:$N102,8,FALSE),"")} -> 78 | Q93: {=IFERROR(VLOOKUP(P93,Dex!$P$22:$Q$276,2,FALSE),"")} | T93: HP | U93: {=IFERROR(VLOOKUP(T80,Dex!$B$3:$N102,8,FALSE),"")} -> 71 | V93: {=IFERROR(VLOOKUP(U93,Dex!$P$22:$Q$276,2,FALSE),"")} | W93: 252 | Y93: HP | Z93: {=IFERROR(VLOOKUP(Y80,Dex!$B$3:$N102,8,FALSE),"")} -> 70 | AA93: {=IFERROR(VLOOKUP(Z93,Dex!$P$22:$Q$276,2,FALSE),"")} | AD93: HP | AE93: {=IFERROR(VLOOKUP(AD80,Dex!$B$3:$N102,8,FALSE),"")} -> 80 | AF93: {=IFERROR(VLOOKUP(AE93,Dex!$P$22:$Q$276,2,FALSE),"")}
E94: ATK | F94: {=IFERROR(VLOOKUP(E80,Dex!$B$3:$N102,9,FALSE),"")} -> 120 | G94: {=IFERROR(VLOOKUP(F94,Dex!$P$22:$Q$276,2,FALSE),"")} | H94: 252 | J94: ATK | K94: {=IFERROR(VLOOKUP(J80,Dex!$B$3:$N102,9,FALSE),"")} -> 110 | L94: {=IFERROR(VLOOKUP(K94,Dex!$P$22:$Q$276,2,FALSE),"")} | M94: 252 | O94: ATK | P94: {=IFERROR(VLOOKUP(O80,Dex!$B$3:$N102,9,FALSE),"")} -> 92 | Q94: {=IFERROR(VLOOKUP(P94,Dex!$P$22:$Q$276,2,FALSE),"")} | R94: 252 | T94: ATK | U94: {=IFERROR(VLOOKUP(T80,Dex!$B$3:$N102,9,FALSE),"")} -> 60 | V94: {=IFERROR(VLOOKUP(U94,Dex!$P$22:$Q$276,2,FALSE),"")} | Y94: ATK | Z94: {=IFERROR(VLOOKUP(Y80,Dex!$B$3:$N102,9,FALSE),"")} -> 105 | AA94: {=IFERROR(VLOOKUP(Z94,Dex!$P$22:$Q$276,2,FALSE),"")} | AB94: 252 | AD94: ATK | AE94: {=IFERROR(VLOOKUP(AD80,Dex!$B$3:$N102,9,FALSE),"")} -> 100 | AF94: {=IFERROR(VLOOKUP(AE94,Dex!$P$22:$Q$276,2,FALSE),"")}
E95: DEF | F95: {=IFERROR(VLOOKUP(E80,Dex!$B$3:$N102,10,FALSE),"")} -> 84 | G95: {=IFERROR(VLOOKUP(F95,Dex!$P$22:$Q$276,2,FALSE),"")} | H95: 4 | J95: DEF | K95: {=IFERROR(VLOOKUP(J80,Dex!$B$3:$N102,10,FALSE),"")} -> 70 | L95: {=IFERROR(VLOOKUP(K95,Dex!$P$22:$Q$276,2,FALSE),"")} | M95: 4 | O95: DEF | P95: {=IFERROR(VLOOKUP(O80,Dex!$B$3:$N102,10,FALSE),"")} -> 75 | Q95: {=IFERROR(VLOOKUP(P95,Dex!$P$22:$Q$276,2,FALSE),"")} | R95: 4 | T95: DEF | U95: {=IFERROR(VLOOKUP(T80,Dex!$B$3:$N102,10,FALSE),"")} -> 106 | V95: {=IFERROR(VLOOKUP(U95,Dex!$P$22:$Q$276,2,FALSE),"")} | W95: 4 | Y95: DEF | Z95: {=IFERROR(VLOOKUP(Y80,Dex!$B$3:$N102,10,FALSE),"")} -> 75 | AA95: {=IFERROR(VLOOKUP(Z95,Dex!$P$22:$Q$276,2,FALSE),"")} | AD95: DEF | AE95: {=IFERROR(VLOOKUP(AD80,Dex!$B$3:$N102,10,FALSE),"")} -> 123 | AF95: {=IFERROR(VLOOKUP(AE95,Dex!$P$22:$Q$276,2,FALSE),"")}
E96: SPA | F96: {=IFERROR(VLOOKUP(E80,Dex!$B$3:$N102,11,FALSE),"")} -> 60 | G96: {=IFERROR(VLOOKUP(F96,Dex!$P$22:$Q$276,2,FALSE),"")} | J96: SPA | K96: {=IFERROR(VLOOKUP(J80,Dex!$B$3:$N102,11,FALSE),"")} -> 81 | L96: {=IFERROR(VLOOKUP(K96,Dex!$P$22:$Q$276,2,FALSE),"")} | O96: SPA | P96: {=IFERROR(VLOOKUP(O80,Dex!$B$3:$N102,11,FALSE),"")} -> 74 | Q96: {=IFERROR(VLOOKUP(P96,Dex!$P$22:$Q$276,2,FALSE),"")} | T96: SPA | U96: {=IFERROR(VLOOKUP(T80,Dex!$B$3:$N102,11,FALSE),"")} -> 121 | V96: {=IFERROR(VLOOKUP(U96,Dex!$P$22:$Q$276,2,FALSE),"")} | W96: 252 | Y96: SPA | Z96: {=IFERROR(VLOOKUP(Y80,Dex!$B$3:$N102,11,FALSE),"")} -> 50 | AA96: {=IFERROR(VLOOKUP(Z96,Dex!$P$22:$Q$276,2,FALSE),"")} | AD96: SPA | AE96: {=IFERROR(VLOOKUP(AD80,Dex!$B$3:$N102,11,FALSE),"")} -> 122 | AF96: {=IFERROR(VLOOKUP(AE96,Dex!$P$22:$Q$276,2,FALSE),"")}
E97: SPD | F97: {=IFERROR(VLOOKUP(E80,Dex!$B$3:$N102,12,FALSE),"")} -> 96 | G97: {=IFERROR(VLOOKUP(F97,Dex!$P$22:$Q$276,2,FALSE),"")} | J97: SPD | K97: {=IFERROR(VLOOKUP(J80,Dex!$B$3:$N102,12,FALSE),"")} -> 70 | L97: {=IFERROR(VLOOKUP(K97,Dex!$P$22:$Q$276,2,FALSE),"")} | O97: SPD | P97: {=IFERROR(VLOOKUP(O80,Dex!$B$3:$N102,12,FALSE),"")} -> 63 | Q97: {=IFERROR(VLOOKUP(P97,Dex!$P$22:$Q$276,2,FALSE),"")} | T97: SPD | U97: {=IFERROR(VLOOKUP(T80,Dex!$B$3:$N102,12,FALSE),"")} -> 80 | V97: {=IFERROR(VLOOKUP(U97,Dex!$P$22:$Q$276,2,FALSE),"")} | Y97: SPD | Z97: {=IFERROR(VLOOKUP(Y80,Dex!$B$3:$N102,12,FALSE),"")} -> 75 | AA97: {=IFERROR(VLOOKUP(Z97,Dex!$P$22:$Q$276,2,FALSE),"")} | AB97: 4 | AD97: SPD | AE97: {=IFERROR(VLOOKUP(AD80,Dex!$B$3:$N102,12,FALSE),"")} -> 120 | AF97: {=IFERROR(VLOOKUP(AE97,Dex!$P$22:$Q$276,2,FALSE),"")}
C98: IF YOU'RE | E98: SPE | F98: {=IFERROR(VLOOKUP(E80,Dex!$B$3:$N102,13,FALSE),"")} -> 110 | G98: {=IFERROR(VLOOKUP(F98,Dex!$P$22:$Q$276,2,FALSE),"")} | H98: 252 | J98: SPE | K98: {=IFERROR(VLOOKUP(J80,Dex!$B$3:$N102,13,FALSE),"")} -> 123 | L98: {=IFERROR(VLOOKUP(K98,Dex!$P$22:$Q$276,2,FALSE),"")} | M98: 252 | O98: SPE | P98: {=IFERROR(VLOOKUP(O80,Dex!$B$3:$N102,13,FALSE),"")} -> 118 | Q98: {=IFERROR(VLOOKUP(P98,Dex!$P$22:$Q$276,2,FALSE),"")} | R98: 252 | T98: SPE | U98: {=IFERROR(VLOOKUP(T80,Dex!$B$3:$N102,13,FALSE),"")} -> 70 | V98: {=IFERROR(VLOOKUP(U98,Dex!$P$22:$Q$276,2,FALSE),"")} | Y98: SPE | Z98: {=IFERROR(VLOOKUP(Y80,Dex!$B$3:$N102,13,FALSE),"")} -> 105 | AA98: {=IFERROR(VLOOKUP(Z98,Dex!$P$22:$Q$276,2,FALSE),"")} | AB98: 252 | AD98: SPE | AE98: {=IFERROR(VLOOKUP(AD80,Dex!$B$3:$N102,13,FALSE),"")} -> 80 | AF98: {=IFERROR(VLOOKUP(AE98,Dex!$P$22:$Q$276,2,FALSE),"")}
C99: LEVEL 68 ->> | E99: SPEED STAT: | H99: 223 | J99: SPEED STAT: | M99: 251 | O99: SPEED STAT: | R99: 222 | T99: SPEED STAT: | W99: 117 | Y99: SPEED STAT: | AB99: 225 | AD99: SPEED STAT: | AG99: 131
O100: UNBURDEN: | R100: 444

Sheet Johto Leaders
C3: =IMAGE("https://i.ibb.co/gMdPsRL/Falkner.png") | E3: {=IFERROR(VLOOKUP(E4,Dex!$B$3:$G244,3,FALSE),"")} | J3: {=IFERROR(VLOOKUP(J4,Dex!$B$3:$G244,3,FALSE),"")} | O3: {=IFERROR(VLOOKUP(O4,Dex!$B$3:$G244,3,FALSE),"")}
C4: PEWTER MUSEUM LEADER FALKNER | E4: Rufflet | J4: Wattrel | O4: Flittle
E5: 12 | J5: 14 | O5: 14
F6: {=IFERROR(VLOOKUP(E4,Dex!$B$3:$H244,5,FALSE),"")} | G6: {=IFERROR(VLOOKUP(E4,Dex!$B$3:$H244,7,FALSE),"")} | K6: {=IFERROR(VLOOKUP(J4,Dex!$B$3:$H244,5,FALSE),"")} | L6: {=IFERROR(VLOOKUP(J4,Dex!$B$3:$H244,7,FALSE),"")} | P6: {=IFERROR(VLOOKUP(O4,Dex!$B$3:$H244,5,FALSE),"")}
E8: Jolly | J8: Timid | O8: Bold
E9: Hustle | J9: Volt Absorb | O9: Speed Boost
E10: Berry Juice | H10: =IMAGE("https://raw.githubusercontent.com/msikma/pokesprite/master/items/medicine/berry-juice.png",3) | J10: Berry Juice | M10: =IMAGE("https://raw.githubusercontent.com/msikma/pokesprite/master/items/medicine/berry-juice.png",3) | O10: Eviolite | R10: =IMAGE("https://raw.githubusercontent.com/msikma/pokesprite/master/items/hold-item/eviolite.png",3)
E11: Aerial Ace | H11: =IMAGE("https://raw.githubusercontent.com/msikma/pokesprite/master/misc/types/gen8/flying.png",4,20,20) | J11: Flash | M11: =IMAGE("https://raw.githubusercontent.com/msikma/pokesprite/master/misc/types/gen8/electric.png",4,20,20) | O11: Disarm. Voice | R11: =IMAGE("https://raw.githubusercontent.com/msikma/pokesprite/master/misc/types/gen8/fairy.png",4,20,20)
E12: Rock Tomb | H12: =IMAGE("https://raw.githubusercontent.com/msikma/pokesprite/master/misc/types/gen8/rock.png",4,20,20) | J12: Air Slash | M12: =IMAGE("https://raw.githubusercontent.com/msikma/pokesprite/master/misc/types/gen8/flying.png",4,20,20) | O12: Roost | R12: =IMAGE("https://raw.githubusercontent.com/msikma/pokesprite/master/misc/types/gen8/flying.png",4,20,20)
E13: Rock Smash | H13: =IMAGE("https://raw.githubusercontent.com/msikma/pokesprite/master/misc/types/gen8/fighting.png",4,20,20) | J13: Sleep Talk | M13: =IMAGE("https://raw.githubusercontent.com/msikma/pokesprite/master/misc/types/gen8/normal.png",4,20,20) | O13: Psybeam | R13: =IMAGE("https://raw.githubusercontent.com/msikma/pokesprite/master/misc/types/gen8/psychic.png",4,20,20)
E14: Roost | H14: =IMAGE("https://raw.githubusercontent.com/msikma/pokesprite/master/misc/types/gen8/flying.png",4,20,20) | J14: Roost | M14: =IMAGE("https://raw.githubusercontent.com/msikma/pokesprite/master/misc/types/gen8/flying.png",4,20,20) | O14: Calm Mind | R14: =IMAGE("https://raw.githubusercontent.com/msikma/pokesprite/master/misc/types/gen8/psychic.png",4,20,20)
E16: BASE STATS | H16: EVs | J16: BASE STATS | M16: EVs | O16: BASE STATS | R16: EVs
E17: HP | F17: {=IFERROR(VLOOKUP(E4,Dex!$B$3:$N244,8,FALSE),"")} -> 70 | G17: {=IFERROR(VLOOKUP(F17,Dex!$P$22:$Q$276,2,FALSE),"")} | J17: HP | K17: {=IFERROR(VLOOKUP(J4,Dex!$B$3:$N244,8,FALSE),"")} -> 40 | L17: {=IFERROR(VLOOKUP(K17,Dex!$P$22:$Q$276,2,FALSE),"")} | O17: HP | P17: {=IFERROR(VLOOKUP(O4,Dex!$B$3:$N244,8,FALSE),"")} -> 30 | Q17: {=IFERROR(VLOOKUP(P17,Dex!$P$22:$Q$276,2,FALSE),"")}
E18: ATK | F18: {=IFERROR(VLOOKUP(E4,Dex!$B$3:$N244,9,FALSE),"")} -> 83 | G18: {=IFERROR(VLOOKUP(F18,Dex!$P$22:$Q$276,2,FALSE),"")} | J18: ATK | K18: {=IFERROR(VLOOKUP(J4,Dex!$B$3:$N244,9,FALSE),"")} -> 40 | L18: {=IFERROR(VLOOKUP(K18,Dex!$P$22:$Q$276,2,FALSE),"")} | O18: ATK | P18: {=IFERROR(VLOOKUP(O4,Dex!$B$3:$N244,9,FALSE),"")} -> 35 | Q18: {=IFERROR(VLOOKUP(P18,Dex!$P$22:$Q$276,2,FALSE),"")}
E19: DEF | F19: {=IFERROR(VLOOKUP(E4,Dex!$B$3:$N244,10,FALSE),"")} -> 50 | G19: {=IFERROR(VLOOKUP(F19,Dex!$P$22:$Q$276,2,FALSE),"")} | J19: DEF | K19: {=IFERROR(VLOOKUP(J4,Dex!$B$3:$N244,10,FALSE),"")} -> 35 | L19: {=IFERROR(VLOOKUP(K19,Dex!$P$22:$Q$276,2,FALSE),"")} | O19: DEF | P19: {=IFERROR(VLOOKUP(O4,Dex!$B$3:$N244,10,FALSE),"")} -> 30 | Q19: {=IFERROR(VLOOKUP(P19,Dex!$P$22:$Q$276,2,FALSE),"")}
E20: SPA | F20: {=IFERROR(VLOOKUP(E4,Dex!$B$3:$N244,11,FALSE),"")} -> 37 | G20: {=IFERROR(VLOOKUP(F20,Dex!$P$22:$Q$276,2,FALSE),"")} | J20: SPA | K20: {=IFERROR(VLOOKUP(J4,Dex!$B$3:$N244,11,FALSE),"")} -> 55 | L20: {=IFERROR(VLOOKUP(K20,Dex!$P$22:$Q$276,2,FALSE),"")} | O20: SPA | P20: {=IFERROR(VLOOKUP(O4,Dex!$B$3:$N244,11,FALSE),"")} -> 55 | Q20: {=IFERROR(VLOOKUP(P20,Dex!$P$22:$Q$276,2,FALSE),"")}
E21: SPD | F21: {=IFERROR(VLOOKUP(E4,Dex!$B$3:$N244,12,FALSE),"")} -> 50 | G21: {=IFERROR(VLOOKUP(F21,Dex!$P$22:$Q$276,2,FALSE),"")} | J21: SPD | K21: {=IFERROR(VLOOKUP(J4,Dex!$B$3:$N244,12,FALSE),"")} -> 40 | L21: {=IFERROR(VLOOKUP(K21,Dex!$P$22:$Q$276,2,FALSE),"")} | O21: SPD | P21: {=IFERROR(VLOOKUP(O4,Dex!$B$3:$N244,12,FALSE),"")} -> 30 | Q21: {=IFERROR(VLOOKUP(P21,Dex!$P$22:$Q$276,2,FALSE),"")}
E22: SPE | F22: {=IFERROR(VLOOKUP(E4,Dex!$B$3:$N244,13,FALSE),"")} -> 60 | G22: {=IFERROR(VLOOKUP(F22,Dex!$P$22:$Q$276,2,FALSE),"")} | J22: SPE | K22: {=IFERROR(VLOOKUP(J4,Dex!$B$3:$N244,13,FALSE),"")} -> 70 | L22: {=IFERROR(VLOOKUP(K22,Dex!$P$22:$Q$276,2,FALSE),"")} | O22: SPE | P22: {=IFERROR(VLOOKUP(O4,Dex!$B$3:$N244,13,FALSE),"")} -> 75 | Q22: {=IFERROR(VLOOKUP(P22,Dex!$P$22:$Q$276,2,FALSE),"")}
E23: SPEED STAT: | H23: 25 | J23: SPEED STAT: | M23: 30 | O23: SPEED STAT: | R23: 30
O24: 1 S. BOOST: | R24: 45
E27: (!) PRE LT. SURGE
E29: BATTLE EFFECT: PERMANENT RAIN
C30: =IMAGE("https://i.ibb.co/Lrh0bjy/Bugsy.png") | E30: {=IFERROR(VLOOKUP(E31,Dex!$B$3:$G244,3,FALSE),"")} | J30: {=IFERROR(VLOOKUP(J31,Dex!$B$3:$G244,3,FALSE),"")} | O30: {=IFERROR(VLOOKUP(O31,Dex!$B$3:$G244,3,FALSE),"")} | T30: {=IFERROR(VLOOKUP(T31,Dex!$B$3:$G244,3,FALSE),"")}
C31: ROUTE 25 LEADER BUGSY | E31: Lokix | J31: Ledian | O31: Scyther | T31: Scizor
E32: Highest Lv -2 | J32: Highest Lv -2 | O32: Highest Lv -2 | T32: Highest Lv -2
F33: {=IFERROR(VLOOKUP(E31,Dex!$B$3:$H244,5,FALSE),"")} | G33: {=IFERROR(VLOOKUP(E31,Dex!$B$3:$H244,7,FALSE),"")} | K33: {=IFERROR(VLOOKUP(J31,Dex!$B$3:$H244,5,FALSE),"")} | L33: {=IFERROR(VLOOKUP(J31,Dex!$B$3:$H244,7,FALSE),"")} | P33: {=IFERROR(VLOOKUP(O31,Dex!$B$3:$H244,5,FALSE),"")} | Q33: {=IFERROR(VLOOKUP(O31,Dex!$B$3:$H244,7,FALSE),"")} | U33: {=IFERROR(VLOOKUP(T31,Dex!$B$3:$H244,5,FALSE),"")} | V33: {=IFERROR(VLOOKUP(T31,Dex!$B$3:$H244,7,FALSE),"")}
E35: Jolly | J35: Jolly | O35: Jolly | T35: Careful
E36: Tinted Lens | J36: Iron Fist | O36: Technician | T36: Technician
E37: Silver Powder | H37: =IMAGE("https://raw.githubusercontent.com/msikma/pokesprite/master/items/hold-item/silver-powder.png",3) | J37: Focus Sash | M37: =IMAGE("https://raw.githubusercontent.com/msikma/pokesprite/master/items/hold-item/focus-sash.png",3) | O37: Charti Berry | R37: =IMAGE("https://raw.githubusercontent.com/msikma/pokesprite/master/items/berry/charti.png",3) | T37: Sitrus Berry | W37: =IMAGE("https://raw.githubusercontent.com/msikma/pokesprite/master/items/berry/sitrus.png",3)
E38: First Impress. | H38: =IMAGE("https://raw.githubusercontent.com/msikma/pokesprite/master/misc/types/gen8/bug.png",4,20,20) | J38: Drain Punch | M38: =IMAGE("https://raw.githubusercontent.com/msikma/pokesprite/master/misc/types/gen8/fighting.png",4,20,20) | O38: Bug Bite | R38: =IMAGE("https://raw.githubusercontent.com/msikma/pokesprite/master/misc/types/gen8/bug.png",4,20,20) | T38: Bullet Punch | W38: =IMAGE("https://raw.githubusercontent.com/msikma/pokesprite/master/misc/types/gen8/steel.png",4,20,20)
E39: Knock Off | H39: =IMAGE("https://raw.githubusercontent.com/msikma/pokesprite/master/misc/types/gen8/dark.png",4,20,20) | J39: Mach Punch | M39: =IMAGE("https://raw.githubusercontent.com/msikma/pokesprite/master/misc/types/gen8/fighting.png",4,20,20) | O39: Swords Dance | R39: =IMAGE("https://raw.githubusercontent.com/msikma/pokesprite/master/misc/types/gen8/normal.png",4,20,20) | T39: U-Turn | W39: =IMAGE("https://raw.githubusercontent.com/msikma/pokesprite/master/misc/types/gen8/bug.png",4,20,20)
E40: U-Turn | H40: =IMAGE("https://raw.githubusercontent.com/msikma/pokesprite/master/misc/types/gen8/bug.png",4,20,20) | J40: Ice Punch | M40: =IMAGE("https://raw.githubusercontent.com/msikma/pokesprite/master/misc/types/gen8/ice.png",4,20,20) | O40: Rock Smash | R40: =IMAGE("https://raw.githubusercontent.com/msikma/pokesprite/master/misc/types/gen8/fighting.png",4,20,20) | T40: Rock Smash | W40: =IMAGE("https://raw.githubusercontent.com/msikma/pokesprite/master/misc/types/gen8/fighting.png",4,20,20)
E41: Leech Life | H41: =IMAGE("https://raw.githubusercontent.com/msikma/pokesprite/master/misc/types/gen8/bug.png",4,20,20) | J41: Thunder Punch | M41: =IMAGE("https://raw.githubusercontent.com/msikma/pokesprite/master/misc/types/gen8/electric.png",4,20,20) | O41: Aerial Ace | R41: =IMAGE("https://raw.githubusercontent.com/msikma/pokesprite/master/misc/types/gen8/flying.png",4,20,20) | T41: Aerial Ace | W41: =IMAGE("https://raw.githubusercontent.com/msikma/pokesprite/master/misc/types/gen8/flying.png",4,20,20)
E43: BASE STATS | H43: EVs | J43: BASE STATS | M43: EVs | O43: BASE STATS | R43: EVs | T43: BASE STATS | W43: EVs
E44: HP | F44: {=IFERROR(VLOOKUP(E31,Dex!$B$3:$N244,8,FALSE),"")} -> 71 | G44: {=IFERROR(VLOOKUP(F44,Dex!$P$22:$Q$276,2,FALSE),"")} | J44: HP | K44: {=IFERROR(VLOOKUP(J31,Dex!$B$3:$N244,8,FALSE),"")} -> 55 | L44: {=IFERROR(VLOOKUP(K44,Dex!$P$22:$Q$276,2,FALSE),"")} | O44: HP | P44: {=IFERROR(VLOOKUP(O31,Dex!$B$3:$N244,8,FALSE),"")} -> 70 | Q44: {=IFERROR(VLOOKUP(P44,Dex!$P$22:$Q$276,2,FALSE),"")} | T44: HP | U44: {=IFERROR(VLOOKUP(T31,Dex!$B$3:$N244,8,FALSE),"")} -> 70 | V44: {=IFERROR(VLOOKUP(U44,Dex!$P$22:$Q$276,2,FALSE),"")}
E45: ATK | F45: {=IFERROR(VLOOKUP(E31,Dex!$B$3:$N244,9,FALSE),"")} -> 102 | G45: {=IFERROR(VLOOKUP(F45,Dex!$P$22:$Q$276,2,FALSE),"")} | J45: ATK | K45: {=IFERROR(VLOOKUP(J31,Dex!$B$3:$N244,9,FALSE),"")} -> 90 | L45: {=IFERROR(VLOOKUP(K45,Dex!$P$22:$Q$276,2,FALSE),"")} | O45: ATK | P45: {=IFERROR(VLOOKUP(O31,Dex!$B$3:$N244,9,FALSE),"")} -> 110 | Q45: {=IFERROR(VLOOKUP(P45,Dex!$P$22:$Q$276,2,FALSE),"")} | T45: ATK | U45: {=IFERROR(VLOOKUP(T31,Dex!$B$3:$N244,9,FALSE),"")} -> 130 | V45: {=IFERROR(VLOOKUP(U45,Dex!$P$22:$Q$276,2,FALSE),"")}
E46: DEF | F46: {=IFERROR(VLOOKUP(E31,Dex!$B$3:$N244,10,FALSE),"")} -> 78 | G46: {=IFERROR(VLOOKUP(F46,Dex!$P$22:$Q$276,2,FALSE),"")} | J46: DEF | K46: {=IFERROR(VLOOKUP(J31,Dex!$B$3:$N244,10,FALSE),"")} -> 50 | L46: {=IFERROR(VLOOKUP(K46,Dex!$P$22:$Q$276,2,FALSE),"")} | O46: DEF | P46: {=IFERROR(VLOOKUP(O31,Dex!$B$3:$N244,10,FALSE),"")} -> 80 | Q46: {=IFERROR(VLOOKUP(P46,Dex!$P$22:$Q$276,2,FALSE),"")} | T46: DEF | U46: {=IFERROR(VLOOKUP(T31,Dex!$B$3:$N244,10,FALSE),"")} -> 100 | V46: {=IFERROR(VLOOKUP(U46,Dex!$P$22:$Q$276,2,FALSE),"")}
E47: SPA | F47: {=IFERROR(VLOOKUP(E31,Dex!$B$3:$N244,11,FALSE),"")} -> 52 | G47: {=IFERROR(VLOOKUP(F47,Dex!$P$22:$Q$276,2,FALSE),"")} | J47: SPA | K47: {=IFERROR(VLOOKUP(J31,Dex!$B$3:$N244,11,FALSE),"")} -> 35 | L47: {=IFERROR(VLOOKUP(K47,Dex!$P$22:$Q$276,2,FALSE),"")} | O47: SPA | P47: {=IFERROR(VLOOKUP(O31,Dex!$B$3:$N244,11,FALSE),"")} -> 55 | Q47: {=IFERROR(VLOOKUP(P47,Dex!$P$22:$Q$276,2,FALSE),"")} | T47: SPA | U47: {=IFERROR(VLOOKUP(T31,Dex!$B$3:$N244,11,FALSE),"")} -> 55 | V47: {=IFERROR(VLOOKUP(U47,Dex!$P$22:$Q$276,2,FALSE),"")}
E48: SPD | F48: {=IFERROR(VLOOKUP(E31,Dex!$B$3:$N244,12,FALSE),"")} -> 55 | G48: {=IFERROR(VLOOKUP(F48,Dex!$P$22:$Q$276,2,FALSE),"")} | J48: SPD | K48: {=IFERROR(VLOOKUP(J31,Dex!$B$3:$N244,12,FALSE),"")} -> 100 | L48: {=IFERROR(VLOOKUP(K48,Dex!$P$22:$Q$276,2,FALSE),"")} | O48: SPD | P48: {=IFERROR(VLOOKUP(O31,Dex!$B$3:$N244,12,FALSE),"")} -> 80 | Q48: {=IFERROR(VLOOKUP(P48,Dex!$P$22:$Q$276,2,FALSE),"")} | T48: SPD | U48: {=IFERROR(VLOOKUP(T31,Dex!$B$3:$N244,12,FALSE),"")} -> 80 | V48: {=IFERROR(VLOOKUP(U48,Dex!$P$22:$Q$276,2,FALSE),"")}
C49: IF YOU'RE | E49: SPE | F49: {=IFERROR(VLOOKUP(E31,Dex!$B$3:$N244,13,FALSE),"")} -> 92 | G49: {=IFERROR(VLOOKUP(F49,Dex!$P$22:$Q$276,2,FALSE),"")} | J49: SPE | K49: {=IFERROR(VLOOKUP(J31,Dex!$B$3:$N244,13,FALSE),"")} -> 85 | L49: {=IFERROR(VLOOKUP(K49,Dex!$P$22:$Q$276,2,FALSE),"")} | O49: SPE | P49: {=IFERROR(VLOOKUP(O31,Dex!$B$3:$N244,13,FALSE),"")} -> 105 | Q49: {=IFERROR(VLOOKUP(P49,Dex!$P$22:$Q$276,2,FALSE),"")} | T49: SPE | U49: {=IFERROR(VLOOKUP(T31,Dex!$B$3:$N244,13,FALSE),"")} -> 65 | V49: {=IFERROR(VLOOKUP(U49,Dex!$P$22:$Q$276,2,FALSE),"")}
C50: LEVEL 27 ->> | E50: SPEED STAT: | H50: 63 | J50: SPEED STAT: | M50: 60 | O50: SPEED STAT: | R50: 71 | T50: SPEED STAT: | W50: 45
E52: (!) POST LT. SURGE
E54: BATTLE EFFECT: PERMANENT RAIN
C55: =IMAGE("https://i.ibb.co/Lrh0bjy/Bugsy.png") | E55: {=IFERROR(VLOOKUP(E56,Dex!$B$3:$G244,3,FALSE),"")} | J55: {=IFERROR(VLOOKUP(J56,Dex!$B$3:$G244,3,FALSE),"")} | O55: {=IFERROR(VLOOKUP(O56,Dex!$B$3:$G244,3,FALSE),"")} | T55: {=IFERROR(VLOOKUP(T56,Dex!$B$3:$G244,3,FALSE),"")} | Y55: {=IFERROR(VLOOKUP(Y56,Dex!$B$3:$G244,3,FALSE),"")} | AD55: {=IFERROR(VLOOKUP(AD56,Dex!$B$3:$G244,3,FALSE),"")}
C56: ROUTE 25 LEADER BUGSY | E56: Kleavor | J56: Scizor-Mega | O56: Scyther | T56: Lokix | Y56: Araquanid | AD56: Vikavolt
E57: Highest Lv -2 | J57: Highest Lv -2 | O57: Highest Lv -2 | T57: Highest Lv -2 | Y57: Highest Lv -2 | AD57: Highest Lv -2
F58: {=IFERROR(VLOOKUP(E56,Dex!$B$3:$H244,5,FALSE),"")} | G58: {=IFERROR(VLOOKUP(E56,Dex!$B$3:$H244,7,FALSE),"")} | K58: {=IFERROR(VLOOKUP(J56,Dex!$B$3:$H244,5,FALSE),"")} | L58: {=IFERROR(VLOOKUP(J56,Dex!$B$3:$H244,7,FALSE),"")} | P58: {=IFERROR(VLOOKUP(O56,Dex!$B$3:$H244,5,FALSE),"")} | Q58: {=IFERROR(VLOOKUP(O56,Dex!$B$3:$H244,7,FALSE),"")} | U58: {=IFERROR(VLOOKUP(T56,Dex!$B$3:$H244,5,FALSE),"")} | V58: {=IFERROR(VLOOKUP(T56,Dex!$B$3:$H244,7,FALSE),"")} | Z58: {=IFERROR(VLOOKUP(Y56,Dex!$B$3:$H244,5,FALSE),"")} | AA58: {=IFERROR(VLOOKUP(Y56,Dex!$B$3:$H244,7,FALSE),"")} | AE58: {=IFERROR(VLOOKUP(AD56,Dex!$B$3:$H244,5,FALSE),"")} | AF58: {=IFERROR(VLOOKUP(AD56,Dex!$B$3:$H244,7,FALSE),"")}
E60: Jolly | J60: Careful | O60: Adamant | T60: Jolly | Y60: Impish | AD60: Modest
E61: Sharpness | J61: Technician (Both) | O61: Technician | T61: Tinted Lens | Y61: Water Bubble | AD61: Levitate
E62: Focus Sash | H62: =IMAGE("https://raw.githubusercontent.com/msikma/pokesprite/master/items/hold-item/focus-sash.png",3) | J62: Scizorite | M62: =IMAGE("https://raw.githubusercontent.com/msikma/pokesprite/master/items/mega-stone/scizorite.png",3) | O62: Eviolite | R62: =IMAGE("https://raw.githubusercontent.com/msikma/pokesprite/master/items/hold-item/eviolite.png",3) | T62: Silver Powder | W62: =IMAGE("https://raw.githubusercontent.com/msikma/pokesprite/master/items/hold-item/silver-powder.png",3) | Y62: Leftovers | AB62: =IMAGE("https://raw.githubusercontent.com/msikma/pokesprite/master/items/hold-item/leftovers.png",3) | AD62: Magnet | AG62: =IMAGE("https://raw.githubusercontent.com/msikma/pokesprite/master/items/hold-item/magnet.png",3)
E63: Stone Axe | H63: =IMAGE("https://raw.githubusercontent.com/msikma/pokesprite/master/misc/types/gen8/rock.png",4,20,20) | J63: Bullet Punch | M63: =IMAGE("https://raw.githubusercontent.com/msikma/pokesprite/master/misc/types/gen8/steel.png",4,20,20) | O63: Swords Dance | R63: =IMAGE("https://raw.githubusercontent.com/msikma/pokesprite/master/misc/types/gen8/normal.png",4,20,20) | T63: First Impress. | W63: =IMAGE("https://raw.githubusercontent.com/msikma/pokesprite/master/misc/types/gen8/bug.png",4,20,20) | Y63: X-Scissor | AB63: =IMAGE("https://raw.githubusercontent.com/msikma/pokesprite/master/misc/types/gen8/bug.png",4,20,20) | AD63: Thunder | AG63: =IMAGE("https://raw.githubusercontent.com/msikma/pokesprite/master/misc/types/gen8/electric.png",4,20,20)
E64: X-Scissor | H64: =IMAGE("https://raw.githubusercontent.com/msikma/pokesprite/master/misc/types/gen8/bug.png",4,20,20) | J64: Dual Wingbeat | M64: =IMAGE("https://raw.githubusercontent.com/msikma/pokesprite/master/misc/types/gen8/flying.png",4,20,20) | O64: Dual Wingbeat | R64: =IMAGE("https://raw.githubusercontent.com/msikma/pokesprite/master/misc/types/gen8/flying.png",4,20,20) | T64: U-Turn | W64: =IMAGE("https://raw.githubusercontent.com/msikma/pokesprite/master/misc/types/gen8/bug.png",4,20,20) | Y64: Liquidation | AB64: =IMAGE("https://raw.githubusercontent.com/msikma/pokesprite/master/misc/types/gen8/water.png",4,20,20) | AD64: Bug Buzz | AG64: =IMAGE("https://raw.githubusercontent.com/msikma/pokesprite/master/misc/types/gen8/bug.png",4,20,20)
E65: U-Turn | H65: =IMAGE("https://raw.githubusercontent.com/msikma/pokesprite/master/misc/types/gen8/bug.png",4,20,20) | J65: U-Turn | M65: =IMAGE("https://raw.githubusercontent.com/msikma/pokesprite/master/misc/types/gen8/bug.png",4,20,20) | O65: Bug Bite | R65: =IMAGE("https://raw.githubusercontent.com/msikma/pokesprite/master/misc/types/gen8/bug.png",4,20,20) | T65: Knock Off | W65: =IMAGE("https://raw.githubusercontent.com/msikma/pokesprite/master/misc/types/gen8/dark.png",4,20,20) | Y65: Protect | AB65: =IMAGE("https://raw.githubusercontent.com/msikma/pokesprite/master/misc/types/gen8/normal.png",4,20,20) | AD65: Volt Switch | AG65: =IMAGE("https://raw.githubusercontent.com/msikma/pokesprite/master/misc/types/gen8/electric.png",4,20,20)
E66: Night Slash | H66: =IMAGE("https://raw.githubusercontent.com/msikma/pokesprite/master/misc/types/gen8/dark.png",4,20,20) | J66: Rock Smash | M66: =IMAGE("https://raw.githubusercontent.com/msikma/pokesprite/master/misc/types/gen8/fighting.png",4,20,20) | O66: Rock Smash | R66: =IMAGE("https://raw.githubusercontent.com/msikma/pokesprite/master/misc/types/gen8/fighting.png",4,20,20) | T66: Sucker Punch | W66: =IMAGE("https://raw.githubusercontent.com/msikma/pokesprite/master/misc/types/gen8/dark.png",4,20,20) | Y66: Toxic | AB66: =IMAGE("https://raw.githubusercontent.com/msikma/pokesprite/master/misc/types/gen8/poison.png",4,20,20) | AD66: Energy Ball | AG66: =IMAGE("https://raw.githubusercontent.com/msikma/pokesprite/master/misc/types/gen8/grass.png",4,20,20)
E68: BASE STATS | H68: EVs | J68: BASE STATS | M68: EVs | O68: BASE STATS | R68: EVs | T68: BASE STATS | W68: EVs | Y68: BASE STATS | AB68: EVs | AD68: BASE STATS | AG68: EVs
E69: HP | F69: {=IFERROR(VLOOKUP(E56,Dex!$B$3:$N244,8,FALSE),"")} -> 85 | G69: {=IFERROR(VLOOKUP(F69,Dex!$P$22:$Q$276,2,FALSE),"")} | J69: HP | K69: {=IFERROR(VLOOKUP(J56,Dex!$B$3:$N244,8,FALSE),"")} -> 70 | L69: {=IFERROR(VLOOKUP(K69,Dex!$P$22:$Q$276,2,FALSE),"")} | M69: 252 | O69: HP | P69: {=IFERROR(VLOOKUP(O56,Dex!$B$3:$N244,8,FALSE),"")} -> 70 | Q69: {=IFERROR(VLOOKUP(P69,Dex!$P$22:$Q$276,2,FALSE),"")} | T69: HP | U69: {=IFERROR(VLOOKUP(T56,Dex!$B$3:$N244,8,FALSE),"")} -> 71 | V69: {=IFERROR(VLOOKUP(U69,Dex!$P$22:$Q$276,2,FALSE),"")} | Y69: HP | Z69: {=IFERROR(VLOOKUP(Y56,Dex!$B$3:$N244,8,FALSE),"")} -> 68 | AA69: {=IFERROR(VLOOKUP(Z69,Dex!$P$22:$Q$276,2,FALSE),"")} | AB69: 252 | AD69: HP | AE69: {=IFERROR(VLOOKUP(AD56,Dex!$B$3:$N244,8,FALSE),"")} -> 77 | AF69: {=IFERROR(VLOOKUP(AE69,Dex!$P$22:$Q$276,2,FALSE),"")} | AG69: 252
E70: ATK | F70: {=IFERROR(VLOOKUP(E56,Dex!$B$3:$N244,9,FALSE),"")} -> 135 | G70: {=IFERROR(VLOOKUP(F70,Dex!$P$22:$Q$276,2,FALSE),"")} | H70: 252 | J70: ATK | K70: {=IFERROR(VLOOKUP(J56,Dex!$B$3:$N244,9,FALSE),"")} -> 150 | L70: {=IFERROR(VLOOKUP(K70,Dex!$P$22:$Q$276,2,FALSE),"")} | M70: 252 | O70: ATK | P70: {=IFERROR(VLOOKUP(O56,Dex!$B$3:$N244,9,FALSE),"")} -> 110 | Q70: {=IFERROR(VLOOKUP(P70,Dex!$P$22:$Q$276,2,FALSE),"")} | R70: 252 | T70: ATK | U70: {=IFERROR(VLOOKUP(T56,Dex!$B$3:$N244,9,FALSE),"")} -> 102 | V70: {=IFERROR(VLOOKUP(U70,Dex!$P$22:$Q$276,2,FALSE),"")} | W70: 252 | Y70: ATK | Z70: {=IFERROR(VLOOKUP(Y56,Dex!$B$3:$N244,9,FALSE),"")} -> 70 | AA70: {=IFERROR(VLOOKUP(Z70,Dex!$P$22:$Q$276,2,FALSE),"")} | AB70: 4 | AD70: ATK | AE70: {=IFERROR(VLOOKUP(AD56,Dex!$B$3:$N244,9,FALSE),"")} -> 70 | AF70: {=IFERROR(VLOOKUP(AE70,Dex!$P$22:$Q$276,2,FALSE),"")}
E71: DEF | F71: {=IFERROR(VLOOKUP(E56,Dex!$B$3:$N244,10,FALSE),"")} -> 95 | G71: {=IFERROR(VLOOKUP(F71,Dex!$P$22:$Q$276,2,FALSE),"")} | H71: 4 | J71: DEF | K71: {=IFERROR(VLOOKUP(J56,Dex!$B$3:$N244,10,FALSE),"")} -> 140 | L71: {=IFERROR(VLOOKUP(K71,Dex!$P$22:$Q$276,2,FALSE),"")} | M71: 4 | O71: DEF | P71: {=IFERROR(VLOOKUP(O56,Dex!$B$3:$N244,10,FALSE),"")} -> 80 | Q71: {=IFERROR(VLOOKUP(P71,Dex!$P$22:$Q$276,2,FALSE),"")} | R71: 4 | T71: DEF | U71: {=IFERROR(VLOOKUP(T56,Dex!$B$3:$N244,10,FALSE),"")} -> 78 | V71: {=IFERROR(VLOOKUP(U71,Dex!$P$22:$Q$276,2,FALSE),"")} | W71: 4 | Y71: DEF | Z71: {=IFERROR(VLOOKUP(Y56,Dex!$B$3:$N244,10,FALSE),"")} -> 92 | AA71: {=IFERROR(VLOOKUP(Z71,Dex!$P$22:$Q$276,2,FALSE),"")} | AB71: 252 | AD71: DEF | AE71: {=IFERROR(VLOOKUP(AD56,Dex!$B$3:$N244,10,FALSE),"")} -> 90 | AF71: {=IFERROR(VLOOKUP(AE71,Dex!$P$22:$Q$276,2,FALSE),"")} | AG71: 4
E72: SPA | F72: {=IFERROR(VLOOKUP(E56,Dex!$B$3:$N244,11,FALSE),"")} -> 30 | G72: {=IFERROR(VLOOKUP(F72,Dex!$P$22:$Q$276,2,FALSE),"")} | J72: SPA | K72: {=IFERROR(VLOOKUP(J56,Dex!$B$3:$N244,11,FALSE),"")} -> 65 | L72: {=IFERROR(VLOOKUP(K72,Dex!$P$22:$Q$276,2,FALSE),"")} | O72: SPA | P72: {=IFERROR(VLOOKUP(O56,Dex!$B$3:$N244,11,FALSE),"")} -> 55 | Q72: {=IFERROR(VLOOKUP(P72,Dex!$P$22:$Q$276,2,FALSE),"")} | T72: SPA | U72: {=IFERROR(VLOOKUP(T56,Dex!$B$3:$N244,11,FALSE),"")} -> 52 | V72: {=IFERROR(VLOOKUP(U72,Dex!$P$22:$Q$276,2,FALSE),"")} | Y72: SPA | Z72: {=IFERROR(VLOOKUP(Y56,Dex!$B$3:$N244,11,FALSE),"")} -> 50 | AA72: {=IFERROR(VLOOKUP(Z72,Dex!$P$22:$Q$276,2,FALSE),"")} | AD72: SPA | AE72: {=IFERROR(VLOOKUP(AD56,Dex!$B$3:$N244,11,FALSE),"")} -> 145 | AF72: {=IFERROR(VLOOKUP(AE72,Dex!$P$22:$Q$276,2,FALSE),"")} | AG72: 252
E73: SPD | F73: {=IFERROR(VLOOKUP(E56,Dex!$B$3:$N244,12,FALSE),"")} -> 70 | G73: {=IFERROR(VLOOKUP(F73,Dex!$P$22:$Q$276,2,FALSE),"")} | J73: SPD | K73: {=IFERROR(VLOOKUP(J56,Dex!$B$3:$N244,12,FALSE),"")} -> 100 | L73: {=IFERROR(VLOOKUP(K73,Dex!$P$22:$Q$276,2,FALSE),"")} | O73: SPD | P73: {=IFERROR(VLOOKUP(O56,Dex!$B$3:$N244,12,FALSE),"")} -> 80 | Q73: {=IFERROR(VLOOKUP(P73,Dex!$P$22:$Q$276,2,FALSE),"")} | T73: SPD | U73: {=IFERROR(VLOOKUP(T56,Dex!$B$3:$N244,12,FALSE),"")} -> 55 | V73: {=IFERROR(VLOOKUP(U73,Dex!$P$22:$Q$276,2,FALSE),"")} | Y73: SPD | Z73: {=IFERROR(VLOOKUP(Y56,Dex!$B$3:$N244,12,FALSE),"")} -> 132 | AA73: {=IFERROR(VLOOKUP(Z73,Dex!$P$22:$Q$276,2,FALSE),"")} | AD73: SPD | AE73: {=IFERROR(VLOOKUP(AD56,Dex!$B$3:$N244,12,FALSE),"")} -> 75 | AF73: {=IFERROR(VLOOKUP(AE73,Dex!$P$22:$Q$276,2,FALSE),"")}
C74: IF YOU'RE | E74: SPE | F74: {=IFERROR(VLOOKUP(E56,Dex!$B$3:$N244,13,FALSE),"")} -> 85 | G74: {=IFERROR(VLOOKUP(F74,Dex!$P$22:$Q$276,2,FALSE),"")} | H74: 252 | J74: SPE | K74: {=IFERROR(VLOOKUP(J56,Dex!$B$3:$N244,13,FALSE),"")} -> 75 | L74: {=IFERROR(VLOOKUP(K74,Dex!$P$22:$Q$276,2,FALSE),"")} | O74: SPE | P74: {=IFERROR(VLOOKUP(O56,Dex!$B$3:$N244,13,FALSE),"")} -> 105 | Q74: {=IFERROR(VLOOKUP(P74,Dex!$P$22:$Q$276,2,FALSE),"")} | R74: 252 | T74: SPE | U74: {=IFERROR(VLOOKUP(T56,Dex!$B$3:$N244,13,FALSE),"")} -> 92 | V74: {=IFERROR(VLOOKUP(U74,Dex!$P$22:$Q$276,2,FALSE),"")} | W74: 252 | Y74: SPE | Z74: {=IFERROR(VLOOKUP(Y56,Dex!$B$3:$N244,13,FALSE),"")} -> 42 | AA74: {=IFERROR(VLOOKUP(Z74,Dex!$P$22:$Q$276,2,FALSE),"")} | AD74: SPE | AE74: {=IFERROR(VLOOKUP(AD56,Dex!$B$3:$N244,13,FALSE),"")} -> 43 | AF74: {=IFERROR(VLOOKUP(AE74,Dex!$P$22:$Q$276,2,FALSE),"")}
C75: LEVEL 44 ->> | E75: SPEED STAT: | H75: 128 | J75: SPEED STAT: | M75: 81 | O75: SPEED STAT: | R75: 116 | T75: SPEED STAT: | W75: 104 | Y75: SPEED STAT: | AB75: 53 | AD75: SPEED STAT: | AG75: 54
C78: =IMAGE("https://i.ibb.co/JtgmCkX/Whitney.png") | E78: {=IFERROR(VLOOKUP(E79,Dex!$B$3:$G244,3,FALSE),"")} | J78: {=IFERROR(VLOOKUP(J79,Dex!$B$3:$G244,3,FALSE),"")} | O78: {=IFERROR(VLOOKUP(O79,Dex!$B$3:$G244,3,FALSE),"")} | T78: {=IFERROR(VLOOKUP(T79,Dex!$B$3:$G244,3,FALSE),"")} | Y78: {=IFERROR(VLOOKUP(Y79,Dex!$B$3:$G244,3,FALSE),"")}
C79: ROUTE 11 LEADER WHITNEY | E79: Tinkaton | J79: Farigiraf | O79: Miltank | T79: Drampa | Y79: Dudunsparce
E80: Highest Lv -2 | J80: Highest Lv -2 | O80: Highest Lv -2 | T80: Highest Lv -2 | Y80: Highest Lv -2
F81: {=IFERROR(VLOOKUP(E79,Dex!$B$3:$H244,5,FALSE),"")} | G81: {=IFERROR(VLOOKUP(E79,Dex!$B$3:$H244,7,FALSE),"")} | K81: {=IFERROR(VLOOKUP(J79,Dex!$B$3:$H244,5,FALSE),"")} | L81: {=IFERROR(VLOOKUP(J79,Dex!$B$3:$H244,7,FALSE),"")} | P81: {=IFERROR(VLOOKUP(O79,Dex!$B$3:$H244,5,FALSE),"")} | U81: {=IFERROR(VLOOKUP(T79,Dex!$B$3:$H244,5,FALSE),"")} | V81: {=IFERROR(VLOOKUP(T79,Dex!$B$3:$H244,7,FALSE),"")} | Z81: {=IFERROR(VLOOKUP(Y79,Dex!$B$3:$H244,5,FALSE),"")}
E83: Jolly | J83: Modest | O83: Adamant | T83: Modest | Y83: Careful
E84: Mold Breaker | J84: Parental Bond | O84: Thick Fat | T84: Sap Sipper | Y84: Serene Grace
E85: Sitrus Berry | H85: =IMAGE("https://raw.githubusercontent.com/msikma/pokesprite/master/items/berry/sitrus.png",3) | J85: Twisted Spoon | M85: =IMAGE("https://raw.githubusercontent.com/msikma/pokesprite/master/items/hold-item/twisted-spoon.png",3) | O85: Chople Berry | R85: =IMAGE("https://raw.githubusercontent.com/msikma/pokesprite/master/items/berry/chople.png",3) | T85: Normal Gem | W85: =IMAGE("https://raw.githubusercontent.com/msikma/pokesprite/master/items/gem/normal.png",3) | Y85: Leftovers | AB85: =IMAGE("https://raw.githubusercontent.com/msikma/pokesprite/master/items/hold-item/leftovers.png",3)
E86: Play Rough | H86: =IMAGE("https://raw.githubusercontent.com/msikma/pokesprite/master/misc/types/gen8/fairy.png",4,20,20) | J86: Shadow Ball | M86: =IMAGE("https://raw.githubusercontent.com/msikma/pokesprite/master/misc/types/gen8/ghost.png",4,20,20) | O86: Body Slam | R86: =IMAGE("https://raw.githubusercontent.com/msikma/pokesprite/master/misc/types/gen8/normal.png",4,20,20) | T86: Dragon Breath | W86: =IMAGE("https://raw.githubusercontent.com/msikma/pokesprite/master/misc/types/gen8/dragon.png",4,20,20) | Y86: Body Slam | AB86: =IMAGE("https://raw.githubusercontent.com/msikma/pokesprite/master/misc/types/gen8/normal.png",4,20,20)
E87: Giga. Hammer | H87: =IMAGE("https://raw.githubusercontent.com/msikma/pokesprite/master/misc/types/gen8/steel.png",4,20,20) | J87: Hyper Voice | M87: =IMAGE("https://raw.githubusercontent.com/msikma/pokesprite/master/misc/types/gen8/normal.png",4,20,20) | O87: Slack Off | R87: =IMAGE("https://raw.githubusercontent.com/msikma/pokesprite/master/misc/types/gen8/normal.png",4,20,20) | T87: Roost | W87: =IMAGE("https://raw.githubusercontent.com/msikma/pokesprite/master/misc/types/gen8/flying.png",4,20,20) | Y87: Roost | AB87: =IMAGE("https://raw.githubusercontent.com/msikma/pokesprite/master/misc/types/gen8/flying.png",4,20,20)
E88: Knock Off | H88: =IMAGE("https://raw.githubusercontent.com/msikma/pokesprite/master/misc/types/gen8/dark.png",4,20,20) | J88: Psychic | M88: =IMAGE("https://raw.githubusercontent.com/msikma/pokesprite/master/misc/types/gen8/psychic.png",4,20,20) | O88: Zen Headbutt | R88: =IMAGE("https://raw.githubusercontent.com/msikma/pokesprite/master/misc/types/gen8/psychic.png",4,20,20) | T88: Flamethrower | W88: =IMAGE("https://raw.githubusercontent.com/msikma/pokesprite/master/misc/types/gen8/fire.png",4,20,20) | Y88: Bite | AB88: =IMAGE("https://raw.githubusercontent.com/msikma/pokesprite/master/misc/types/gen8/dark.png",4,20,20)
E89: Encore | H89: =IMAGE("https://raw.githubusercontent.com/msikma/pokesprite/master/misc/types/gen8/normal.png",4,20,20) | J89: Dazz. Gleam | M89: =IMAGE("https://raw.githubusercontent.com/msikma/pokesprite/master/misc/types/gen8/fairy.png",4,20,20) | O89: High Horsep. | R89: =IMAGE("https://raw.githubusercontent.com/msikma/pokesprite/master/misc/types/gen8/ground.png",4,20,20) | T89: Hyper Voice | W89: =IMAGE("https://raw.githubusercontent.com/msikma/pokesprite/master/misc/types/gen8/normal.png",4,20,20) | Y89: Coil | AB89: =IMAGE("https://raw.githubusercontent.com/msikma/pokesprite/master/misc/types/gen8/poison.png",4,20,20)
E91: BASE STATS | H91: EVs | J91: BASE STATS | M91: EVs | O91: BASE STATS | R91: EVs | T91: BASE STATS | W91: EVs | Y91: BASE STATS | AB91: EVs
E92: HP | F92: {=IFERROR(VLOOKUP(E79,Dex!$B$3:$N244,8,FALSE),"")} -> 85 | G92: {=IFERROR(VLOOKUP(F92,Dex!$P$22:$Q$276,2,FALSE),"")} | J92: HP | K92: {=IFERROR(VLOOKUP(J79,Dex!$B$3:$N244,8,FALSE),"")} -> 120 | L92: {=IFERROR(VLOOKUP(K92,Dex!$P$22:$Q$276,2,FALSE),"")} | M92: 252 | O92: HP | P92: {=IFERROR(VLOOKUP(O79,Dex!$B$3:$N244,8,FALSE),"")} -> 95 | Q92: {=IFERROR(VLOOKUP(P92,Dex!$P$22:$Q$276,2,FALSE),"")} | R92: 252 | T92: HP | U92: {=IFERROR(VLOOKUP(T79,Dex!$B$3:$N244,8,FALSE),"")} -> 103 | V92: {=IFERROR(VLOOKUP(U92,Dex!$P$22:$Q$276,2,FALSE),"")} | W92: 252 | Y92: HP | Z92: {=IFERROR(VLOOKUP(Y79,Dex!$B$3:$N244,8,FALSE),"")} -> 125 | AA92: {=IFERROR(VLOOKUP(Z92,Dex!$P$22:$Q$276,2,FALSE),"")} | AB92: 252
E93: ATK | F93: {=IFERROR(VLOOKUP(E79,Dex!$B$3:$N244,9,FALSE),"")} -> 85 | G93: {=IFERROR(VLOOKUP(F93,Dex!$P$22:$Q$276,2,FALSE),"")} | H93: 252 | J93: ATK | K93: {=IFERROR(VLOOKUP(J79,Dex!$B$3:$N244,9,FALSE),"")} -> 90 | L93: {=IFERROR(VLOOKUP(K93,Dex!$P$22:$Q$276,2,FALSE),"")} | O93: ATK | P93: {=IFERROR(VLOOKUP(O79,Dex!$B$3:$N244,9,FALSE),"")} -> 85 | Q93: {=IFERROR(VLOOKUP(P93,Dex!$P$22:$Q$276,2,FALSE),"")} | R93: 252 | T93: ATK | U93: {=IFERROR(VLOOKUP(T79,Dex!$B$3:$N244,9,FALSE),"")} -> 50 | V93: {=IFERROR(VLOOKUP(U93,Dex!$P$22:$Q$276,2,FALSE),"")} | Y93: ATK | Z93: {=IFERROR(VLOOKUP(Y79,Dex!$B$3:$N244,9,FALSE),"")} -> 100 | AA93: {=IFERROR(VLOOKUP(Z93,Dex!$P$22:$Q$276,2,FALSE),"")}
E94: DEF | F94: {=IFERROR(VLOOKUP(E79,Dex!$B$3:$N244,10,FALSE),"")} -> 87 | G94: {=IFERROR(VLOOKUP(F94,Dex!$P$22:$Q$276,2,FALSE),"")} | H94: 4 | J94: DEF | K94: {=IFERROR(VLOOKUP(J79,Dex!$B$3:$N244,10,FALSE),"")} -> 70 | L94: {=IFERROR(VLOOKUP(K94,Dex!$P$22:$Q$276,2,FALSE),"")} | M94: 4 | O94: DEF | P94: {=IFERROR(VLOOKUP(O79,Dex!$B$3:$N244,10,FALSE),"")} -> 105 | Q94: {=IFERROR(VLOOKUP(P94,Dex!$P$22:$Q$276,2,FALSE),"")} | R94: 4 | T94: DEF | U94: {=IFERROR(VLOOKUP(T79,Dex!$B$3:$N244,10,FALSE),"")} -> 85 | V94: {=IFERROR(VLOOKUP(U94,Dex!$P$22:$Q$276,2,FALSE),"")} | W94: 4 | Y94: DEF | Z94: {=IFERROR(VLOOKUP(Y79,Dex!$B$3:$N244,10,FALSE),"")} -> 80 | AA94: {=IFERROR(VLOOKUP(Z94,Dex!$P$22:$Q$276,2,FALSE),"")} | AB94: 4
E95: SPA | F95: {=IFERROR(VLOOKUP(E79,Dex!$B$3:$N244,11,FALSE),"")} -> 70 | G95: {=IFERROR(VLOOKUP(F95,Dex!$P$22:$Q$276,2,FALSE),"")} | J95: SPA | K95: {=IFERROR(VLOOKUP(J79,Dex!$B$3:$N244,11,FALSE),"")} -> 110 | L95: {=IFERROR(VLOOKUP(K95,Dex!$P$22:$Q$276,2,FALSE),"")} | O95: SPA | P95: {=IFERROR(VLOOKUP(O79,Dex!$B$3:$N244,11,FALSE),"")} -> 40 | Q95: {=IFERROR(VLOOKUP(P95,Dex!$P$22:$Q$276,2,FALSE),"")} | T95: SPA | U95: {=IFERROR(VLOOKUP(T79,Dex!$B$3:$N244,11,FALSE),"")} -> 135 | V95: {=IFERROR(VLOOKUP(U95,Dex!$P$22:$Q$276,2,FALSE),"")} | Y95: SPA | Z95: {=IFERROR(VLOOKUP(Y79,Dex!$B$3:$N244,11,FALSE),"")} -> 85 | AA95: {=IFERROR(VLOOKUP(Z95,Dex!$P$22:$Q$276,2,FALSE),"")}
E96: SPD | F96: {=IFERROR(VLOOKUP(E79,Dex!$B$3:$N244,12,FALSE),"")} -> 105 | G96: {=IFERROR(VLOOKUP(F96,Dex!$P$22:$Q$276,2,FALSE),"")} | J96: SPD | K96: {=IFERROR(VLOOKUP(J79,Dex!$B$3:$N244,12,FALSE),"")} -> 70 | L96: {=IFERROR(VLOOKUP(K96,Dex!$P$22:$Q$276,2,FALSE),"")} | O96: SPD | P96: {=IFERROR(VLOOKUP(O79,Dex!$B$3:$N244,12,FALSE),"")} -> 70 | Q96: {=IFERROR(VLOOKUP(P96,Dex!$P$22:$Q$276,2,FALSE),"")} | T96: SPD | U96: {=IFERROR(VLOOKUP(T79,Dex!$B$3:$N244,12,FALSE),"")} -> 91 | V96: {=IFERROR(VLOOKUP(U96,Dex!$P$22:$Q$276,2,FALSE),"")} | Y96: SPD | Z96: {=IFERROR(VLOOKUP(Y79,Dex!$B$3:$N244,12,FALSE),"")} -> 75 | AA96: {=IFERROR(VLOOKUP(Z96,Dex!$P$22:$Q$276,2,FALSE),"")}
C97: IF YOU'RE | E97: SPE | F97: {=IFERROR(VLOOKUP(E79,Dex!$B$3:$N244,13,FALSE),"")} -> 94 | G97: {=IFERROR(VLOOKUP(F97,Dex!$P$22:$Q$276,2,FALSE),"")} | H97: 252 | J97: SPE | K97: {=IFERROR(VLOOKUP(J79,Dex!$B$3:$N244,13,FALSE),"")} -> 60 | L97: {=IFERROR(VLOOKUP(K97,Dex!$P$22:$Q$276,2,FALSE),"")} | M97: 4 | O97: SPE | P97: {=IFERROR(VLOOKUP(O79,Dex!$B$3:$N244,13,FALSE),"")} -> 100 | Q97: {=IFERROR(VLOOKUP(P97,Dex!$P$22:$Q$276,2,FALSE),"")} | R97: 4 | T97: SPE | U97: {=IFERROR(VLOOKUP(T79,Dex!$B$3:$N244,13,FALSE),"")} -> 36 | V97: {=IFERROR(VLOOKUP(U97,Dex!$P$22:$Q$276,2,FALSE),"")} | W97: 4 | Y97: SPE | Z97: {=IFERROR(VLOOKUP(Y79,Dex!$B$3:$N244,13,FALSE),"")} -> 55 | AA97: {=IFERROR(VLOOKUP(Z97,Dex!$P$22:$Q$276,2,FALSE),"")} | AB97: 4
C98: LEVEL 34 ->> | E98: SPEED STAT: | H98: 104 | J98: SPEED STAT: | M98: 53 | O98: SPEED STAT: | R98: 79 | T98: SPEED STAT: | W98: 38 | Y98: SPEED STAT: | AB98: 50
C101: =IMAGE("https://i.ibb.co/h9K4sWf/Morty.png") | E101: {=IFERROR(VLOOKUP(E102,Dex!$B$3:$G244,3,FALSE),"")} | J101: {=IFERROR(VLOOKUP(J102,Dex!$B$3:$G244,3,FALSE),"")} | O101: {=IFERROR(VLOOKUP(O102,Dex!$B$3:$G244,3,FALSE),"")} | T101: {=IFERROR(VLOOKUP(T102,Dex!$B$3:$G244,3,FALSE),"")} | Y101: {=IFERROR(VLOOKUP(Y102,Dex!$B$3:$G244,3,FALSE),"")} | AD101: {=IFERROR(VLOOKUP(AD102,Dex!$B$3:$G244,3,FALSE),"")}
C102: LAVENDER TOWN LEADER MORTY | E102: Mimikyu | J102: Dusknoir | O102: Zoroark-H | T102: Skeledirge | Y102: Gengar-Mega | AD102: Ceruledge
E103: Highest Lv -2 | J103: Highest Lv -2 | O103: Highest Lv -2 | T103: Highest Lv -2 | Y103: Highest Lv -2 | AD103: Highest Lv -2
F104: {=IFERROR(VLOOKUP(E102,Dex!$B$3:$H244,5,FALSE),"")} | G104: {=IFERROR(VLOOKUP(E102,Dex!$B$3:$H244,7,FALSE),"")} | K104: {=IFERROR(VLOOKUP(J102,Dex!$B$3:$H244,5,FALSE),"")} | P104: {=IFERROR(VLOOKUP(O102,Dex!$B$3:$H244,5,FALSE),"")} | Q104: {=IFERROR(VLOOKUP(O102,Dex!$B$3:$H244,7,FALSE),"")} | U104: {=IFERROR(VLOOKUP(T102,Dex!$B$3:$H244,5,FALSE),"")} | V104: {=IFERROR(VLOOKUP(T102,Dex!$B$3:$H244,7,FALSE),"")} | Z104: {=IFERROR(VLOOKUP(Y102,Dex!$B$3:$H244,5,FALSE),"")} | AA104: {=IFERROR(VLOOKUP(Y102,Dex!$B$3:$H244,7,FALSE),"")} | AE104: {=IFERROR(VLOOKUP(AD102,Dex!$B$3:$H244,5,FALSE),"")} | AF104: {=IFERROR(VLOOKUP(AD102,Dex!$B$3:$H244,7,FALSE),"")}
E106: Jolly | J106: Adamant | O106: Timid | T106: Timid | Y106: Timid | AD106: Jolly
E107: Disguise | J107: Hustle | O107: Illusion | T107: Unaware | Y107: Levitate Shadow Tag | AD107: Sharpness
E108: Lum Berry | H108: =IMAGE("https://raw.githubusercontent.com/msikma/pokesprite/master/items/berry/lum.png",3) | J108: Reaper Cloth | M108: =IMAGE("https://raw.githubusercontent.com/msikma/pokesprite/master/items/evo-item/reaper-cloth.png",3) | O108: Colbur Berry | R108: =IMAGE("https://raw.githubusercontent.com/msikma/pokesprite/master/items/berry/colbur.png",3) | T108: Leftovers | W108: =IMAGE("https://raw.githubusercontent.com/msikma/pokesprite/master/items/hold-item/leftovers.png",3) | Y108: Gengarite | AB108: =IMAGE("https://raw.githubusercontent.com/msikma/pokesprite/master/items/mega-stone/gengarite.png",3) | AD108: Focus Sash | AG108: =IMAGE("https://raw.githubusercontent.com/msikma/pokesprite/master/items/hold-item/focus-sash.png",3)
E109: Play Rough | H109: =IMAGE("https://raw.githubusercontent.com/msikma/pokesprite/master/misc/types/gen8/fairy.png",4,20,20) | J109: Shadow Punch | M109: =IMAGE("https://raw.githubusercontent.com/msikma/pokesprite/master/misc/types/gen8/ghost.png",4,20,20) | O109: Hyper Voice | R109: =IMAGE("https://raw.githubusercontent.com/msikma/pokesprite/master/misc/types/gen8/normal.png",4,20,20) | T109: Torch Song | W109: =IMAGE("https://raw.githubusercontent.com/msikma/pokesprite/master/misc/types/gen8/fire.png",4,20,20) | Y109: Sludge Wave | AB109: =IMAGE("https://raw.githubusercontent.com/msikma/pokesprite/master/misc/types/gen8/poison.png",4,20,20) | AD109: Bitter Blade | AG109: =IMAGE("https://raw.githubusercontent.com/msikma/pokesprite/master/misc/types/gen8/fire.png",4,20,20)
E110: Shadow Claw | H110: =IMAGE("https://raw.githubusercontent.com/msikma/pokesprite/master/misc/types/gen8/ghost.png",4,20,20) | J110: Shadow Sneak | M110: =IMAGE("https://raw.githubusercontent.com/msikma/pokesprite/master/misc/types/gen8/ghost.png",4,20,20) | O110: Shadow Ball | R110: =IMAGE("https://raw.githubusercontent.com/msikma/pokesprite/master/misc/types/gen8/ghost.png",4,20,20) | T110: Will-O-Wisp | W110: =IMAGE("https://raw.githubusercontent.com/msikma/pokesprite/master/misc/types/gen8/fire.png",4,20,20) | Y110: Shadow Ball | AB110: =IMAGE("https://raw.githubusercontent.com/msikma/pokesprite/master/misc/types/gen8/ghost.png",4,20,20) | AD110: Shadow Sneak | AG110: =IMAGE("https://raw.githubusercontent.com/msikma/pokesprite/master/misc/types/gen8/ghost.png",4,20,20)
E111: Shadow Sneak | H111: =IMAGE("https://raw.githubusercontent.com/msikma/pokesprite/master/misc/types/gen8/ghost.png",4,20,20) | J111: Dynam. Punch | M111: =IMAGE("https://raw.githubusercontent.com/msikma/pokesprite/master/misc/types/gen8/fighting.png",4,20,20) | O111: Flamethrower | R111: =IMAGE("https://raw.githubusercontent.com/msikma/pokesprite/master/misc/types/gen8/fire.png",4,20,20) | T111: Hex | W111: =IMAGE("https://raw.githubusercontent.com/msikma/pokesprite/master/misc/types/gen8/ghost.png",4,20,20) | Y111: Focus Blast | AB111: =IMAGE("https://raw.githubusercontent.com/msikma/pokesprite/master/misc/types/gen8/fighting.png",4,20,20) | AD111: Close Combat | AG111: =IMAGE("https://raw.githubusercontent.com/msikma/pokesprite/master/misc/types/gen8/fighting.png",4,20,20)
E112: Swords Dance | H112: =IMAGE("https://raw.githubusercontent.com/msikma/pokesprite/master/misc/types/gen8/normal.png",4,20,20) | J112: Will-O-Wisp | M112: =IMAGE("https://raw.githubusercontent.com/msikma/pokesprite/master/misc/types/gen8/fire.png",4,20,20) | O112: Nasty Plot | R112: =IMAGE("https://raw.githubusercontent.com/msikma/pokesprite/master/misc/types/gen8/dark.png",4,20,20) | T112: Slack Off | W112: =IMAGE("https://raw.githubusercontent.com/msikma/pokesprite/master/misc/types/gen8/normal.png",4,20,20) | Y112: Nasty Plot | AB112: =IMAGE("https://raw.githubusercontent.com/msikma/pokesprite/master/misc/types/gen8/dark.png",4,20,20) | AD112: Swords Dance | AG112: =IMAGE("https://raw.githubusercontent.com/msikma/pokesprite/master/misc/types/gen8/normal.png",4,20,20)
E114: BASE STATS | H114: EVs | J114: BASE STATS | M114: EVs | O114: BASE STATS | R114: EVs | T114: BASE STATS | W114: EVs | Y114: BASE STATS | AB114: EVs | AD114: BASE STATS | AG114: EVs
E115: HP | F115: {=IFERROR(VLOOKUP(E102,Dex!$B$3:$N244,8,FALSE),"")} -> 55 | G115: {=IFERROR(VLOOKUP(F115,Dex!$P$22:$Q$276,2,FALSE),"")} | J115: HP | K115: {=IFERROR(VLOOKUP(J102,Dex!$B$3:$N244,8,FALSE),"")} -> 45 | L115: {=IFERROR(VLOOKUP(K115,Dex!$P$22:$Q$276,2,FALSE),"")} | M115: 252 | O115: HP | P115: {=IFERROR(VLOOKUP(O102,Dex!$B$3:$N244,8,FALSE),"")} -> 55 | Q115: {=IFERROR(VLOOKUP(P115,Dex!$P$22:$Q$276,2,FALSE),"")} | T115: HP | U115: {=IFERROR(VLOOKUP(T102,Dex!$B$3:$N244,8,FALSE),"")} -> 104 | V115: {=IFERROR(VLOOKUP(U115,Dex!$P$22:$Q$276,2,FALSE),"")} | W115: 248 | Y115: HP | Z115: {=IFERROR(VLOOKUP(Y102,Dex!$B$3:$N244,8,FALSE),"")} -> 60 | AA115: {=IFERROR(VLOOKUP(Z115,Dex!$P$22:$Q$276,2,FALSE),"")} | AD115: HP | AE115: {=IFERROR(VLOOKUP(AD102,Dex!$B$3:$N244,8,FALSE),"")} -> 75 | AF115: {=IFERROR(VLOOKUP(AE115,Dex!$P$22:$Q$276,2,FALSE),"")}
E116: ATK | F116: {=IFERROR(VLOOKUP(E102,Dex!$B$3:$N244,9,FALSE),"")} -> 90 | G116: {=IFERROR(VLOOKUP(F116,Dex!$P$22:$Q$276,2,FALSE),"")} | H116: 252 | J116: ATK | K116: {=IFERROR(VLOOKUP(J102,Dex!$B$3:$N244,9,FALSE),"")} -> 100 | L116: {=IFERROR(VLOOKUP(K116,Dex!$P$22:$Q$276,2,FALSE),"")} | M116: 252 | O116: ATK | P116: {=IFERROR(VLOOKUP(O102,Dex!$B$3:$N244,9,FALSE),"")} -> 100 | Q116: {=IFERROR(VLOOKUP(P116,Dex!$P$22:$Q$276,2,FALSE),"")} | T116: ATK | U116: {=IFERROR(VLOOKUP(T102,Dex!$B$3:$N244,9,FALSE),"")} -> 75 | V116: {=IFERROR(VLOOKUP(U116,Dex!$P$22:$Q$276,2,FALSE),"")} | Y116: ATK | Z116: {=IFERROR(VLOOKUP(Y102,Dex!$B$3:$N244,9,FALSE),"")} -> 65 | AA116: {=IFERROR(VLOOKUP(Z116,Dex!$P$22:$Q$276,2,FALSE),"")} | AD116: ATK | AE116: {=IFERROR(VLOOKUP(AD102,Dex!$B$3:$N244,9,FALSE),"")} -> 125 | AF116: {=IFERROR(VLOOKUP(AE116,Dex!$P$22:$Q$276,2,FALSE),"")} | AG116: 252
E117: DEF | F117: {=IFERROR(VLOOKUP(E102,Dex!$B$3:$N244,10,FALSE),"")} -> 80 | G117: {=IFERROR(VLOOKUP(F117,Dex!$P$22:$Q$276,2,FALSE),"")} | H117: 4 | J117: DEF | K117: {=IFERROR(VLOOKUP(J102,Dex!$B$3:$N244,10,FALSE),"")} -> 135 | L117: {=IFERROR(VLOOKUP(K117,Dex!$P$22:$Q$276,2,FALSE),"")} | M117: 4 | O117: DEF | P117: {=IFERROR(VLOOKUP(O102,Dex!$B$3:$N244,10,FALSE),"")} -> 60 | Q117: {=IFERROR(VLOOKUP(P117,Dex!$P$22:$Q$276,2,FALSE),"")} | R117: 4 | T117: DEF | U117: {=IFERROR(VLOOKUP(T102,Dex!$B$3:$N244,10,FALSE),"")} -> 100 | V117: {=IFERROR(VLOOKUP(U117,Dex!$P$22:$Q$276,2,FALSE),"")} | Y117: DEF | Z117: {=IFERROR(VLOOKUP(Y102,Dex!$B$3:$N244,10,FALSE),"")} -> 80 | AA117: {=IFERROR(VLOOKUP(Z117,Dex!$P$22:$Q$276,2,FALSE),"")} | AB117: 4 | AD117: DEF | AE117: {=IFERROR(VLOOKUP(AD102,Dex!$B$3:$N244,10,FALSE),"")} -> 80 | AF117: {=IFERROR(VLOOKUP(AE117,Dex!$P$22:$Q$276,2,FALSE),"")} | AG117: 4
E118: SPA | F118: {=IFERROR(VLOOKUP(E102,Dex!$B$3:$N244,11,FALSE),"")} -> 50 | G118: {=IFERROR(VLOOKUP(F118,Dex!$P$22:$Q$276,2,FALSE),"")} | J118: SPA | K118: {=IFERROR(VLOOKUP(J102,Dex!$B$3:$N244,11,FALSE),"")} -> 65 | L118: {=IFERROR(VLOOKUP(K118,Dex!$P$22:$Q$276,2,FALSE),"")} | O118: SPA | P118: {=IFERROR(VLOOKUP(O102,Dex!$B$3:$N244,11,FALSE),"")} -> 125 | Q118: {=IFERROR(VLOOKUP(P118,Dex!$P$22:$Q$276,2,FALSE),"")} | R118: 252 | T118: SPA | U118: {=IFERROR(VLOOKUP(T102,Dex!$B$3:$N244,11,FALSE),"")} -> 110 | V118: {=IFERROR(VLOOKUP(U118,Dex!$P$22:$Q$276,2,FALSE),"")} | W118: 8 | Y118: SPA | Z118: {=IFERROR(VLOOKUP(Y102,Dex!$B$3:$N244,11,FALSE),"")} -> 170 | AA118: {=IFERROR(VLOOKUP(Z118,Dex!$P$22:$Q$276,2,FALSE),"")} | AB118: 252 | AD118: SPA | AE118: {=IFERROR(VLOOKUP(AD102,Dex!$B$3:$N244,11,FALSE),"")} -> 60 | AF118: {=IFERROR(VLOOKUP(AE118,Dex!$P$22:$Q$276,2,FALSE),"")}
E119: SPD | F119: {=IFERROR(VLOOKUP(E102,Dex!$B$3:$N244,12,FALSE),"")} -> 105 | G119: {=IFERROR(VLOOKUP(F119,Dex!$P$22:$Q$276,2,FALSE),"")} | J119: SPD | K119: {=IFERROR(VLOOKUP(J102,Dex!$B$3:$N244,12,FALSE),"")} -> 135 | L119: {=IFERROR(VLOOKUP(K119,Dex!$P$22:$Q$276,2,FALSE),"")} | O119: SPD | P119: {=IFERROR(VLOOKUP(O102,Dex!$B$3:$N244,12,FALSE),"")} -> 60 | Q119: {=IFERROR(VLOOKUP(P119,Dex!$P$22:$Q$276,2,FALSE),"")} | T119: SPD | U119: {=IFERROR(VLOOKUP(T102,Dex!$B$3:$N244,12,FALSE),"")} -> 75 | V119: {=IFERROR(VLOOKUP(U119,Dex!$P$22:$Q$276,2,FALSE),"")} | W119: 252 | Y119: SPD | Z119: {=IFERROR(VLOOKUP(Y102,Dex!$B$3:$N244,12,FALSE),"")} -> 95 | AA119: {=IFERROR(VLOOKUP(Z119,Dex!$P$22:$Q$276,2,FALSE),"")} | AD119: SPD | AE119: {=IFERROR(VLOOKUP(AD102,Dex!$B$3:$N244,12,FALSE),"")} -> 100 | AF119: {=IFERROR(VLOOKUP(AE119,Dex!$P$22:$Q$276,2,FALSE),"")}
C120: IF YOU'RE | E120: SPE | F120: {=IFERROR(VLOOKUP(E102,Dex!$B$3:$N244,13,FALSE),"")} -> 96 | G120: {=IFERROR(VLOOKUP(F120,Dex!$P$22:$Q$276,2,FALSE),"")} | H120: 252 | J120: SPE | K120: {=IFERROR(VLOOKUP(J102,Dex!$B$3:$N244,13,FALSE),"")} -> 45 | L120: {=IFERROR(VLOOKUP(K120,Dex!$P$22:$Q$276,2,FALSE),"")} | O120: SPE | P120: {=IFERROR(VLOOKUP(O102,Dex!$B$3:$N244,13,FALSE),"")} -> 110 | Q120: {=IFERROR(VLOOKUP(P120,Dex!$P$22:$Q$276,2,FALSE),"")} | R120: 252 | T120: SPE | U120: {=IFERROR(VLOOKUP(T102,Dex!$B$3:$N244,13,FALSE),"")} -> 66 | V120: {=IFERROR(VLOOKUP(U120,Dex!$P$22:$Q$276,2,FALSE),"")} | Y120: SPE | Z120: {=IFERROR(VLOOKUP(Y102,Dex!$B$3:$N244,13,FALSE),"")} -> 130 | AA120: {=IFERROR(VLOOKUP(Z120,Dex!$P$22:$Q$276,2,FALSE),"")} | AB120: 252 | AD120: SPE | AE120: {=IFERROR(VLOOKUP(AD102,Dex!$B$3:$N244,13,FALSE),"")} -> 85 | AF120: {=IFERROR(VLOOKUP(AE120,Dex!$P$22:$Q$276,2,FALSE),"")} | AG120: 252
C121: LEVEL 44 ->> | E121: SPEED STAT: | H121: 137 | J121: SPEED STAT: | M121: 55 | O121: SPEED STAT: | R121: 149 | T121: SPEED STAT: | W121: 80 | Y121: SPEED STAT: | AB121: 168 | AD121: SPEED STAT: | AG121: 126
...

Sheet Rivals
E3: (!) IF RIVAL HAS SQUIRTLE
C5: =IMAGE("https://i.ibb.co/fXwks6z/Rival.png") | E5: {=IFERROR(VLOOKUP(E6,Dex!$B$3:$G415,3,FALSE),"")} | J5: {=IFERROR(VLOOKUP(J6,Dex!$B$3:$G415,3,FALSE),"")}
C6: ROUTE 22 #1 RIVAL | E6: Starly | J6: Squirtle
E7: 9 | J7: 9
F8: {=IFERROR(VLOOKUP(E6,Dex!$B$3:$H415,5,FALSE),"")} | G8: {=IFERROR(VLOOKUP(E6,Dex!$B$3:$H415,7,FALSE),"")} | K8: {=IFERROR(VLOOKUP(J6,Dex!$B$3:$H415,5,FALSE),"")}
E10: Mild | J10: Relaxed
E11: Frisk | J11: Torrent
E12: No Item | H12: X | J12: No Item | M12: X
E13: Tackle | H13: =IMAGE("https://raw.githubusercontent.com/msikma/pokesprite/master/misc/types/gen8/normal.png",4,20,20) | J13: Tackle | M13: =IMAGE("https://raw.githubusercontent.com/msikma/pokesprite/master/misc/types/gen8/normal.png",4,20,20)
E14: Growl | H14: =IMAGE("https://raw.githubusercontent.com/msikma/pokesprite/master/misc/types/gen8/normal.png",4,20,20) | J14: False Swipe | M14: =IMAGE("https://raw.githubusercontent.com/msikma/pokesprite/master/misc/types/gen8/normal.png",4,20,20)
E15: Quick Attack | H15: =IMAGE("https://raw.githubusercontent.com/msikma/pokesprite/master/misc/types/gen8/normal.png",4,20,20) | J15: Tail Whip | M15: =IMAGE("https://raw.githubusercontent.com/msikma/pokesprite/master/misc/types/gen8/normal.png",4,20,20)
E16: Wing Attack | H16: =IMAGE("https://raw.githubusercontent.com/msikma/pokesprite/master/misc/types/gen8/flying.png",4,20,20) | J16: Bubble | M16: =IMAGE("https://raw.githubusercontent.com/msikma/pokesprite/master/misc/types/gen8/water.png",4,20,20)
E18: BASE STATS | H18: EVs | J18: BASE STATS | M18: EVs
E19: HP | F19: {=IFERROR(VLOOKUP(E6,Dex!$B$3:$N415,8,FALSE),"")} -> 40 | G19: {=IFERROR(VLOOKUP(F19,Dex!$P$22:$Q$276,2,FALSE),"")} | J19: HP | K19: {=IFERROR(VLOOKUP(J6,Dex!$B$3:$N415,8,FALSE),"")} -> 44 | L19: {=IFERROR(VLOOKUP(K19,Dex!$P$22:$Q$276,2,FALSE),"")}
E20: ATK | F20: {=IFERROR(VLOOKUP(E6,Dex!$B$3:$N415,9,FALSE),"")} -> 55 | G20: {=IFERROR(VLOOKUP(F20,Dex!$P$22:$Q$276,2,FALSE),"")} | J20: ATK | K20: {=IFERROR(VLOOKUP(J6,Dex!$B$3:$N415,9,FALSE),"")} -> 48 | L20: {=IFERROR(VLOOKUP(K20,Dex!$P$22:$Q$276,2,FALSE),"")}
E21: DEF | F21: {=IFERROR(VLOOKUP(E6,Dex!$B$3:$N415,10,FALSE),"")} -> 30 | G21: {=IFERROR(VLOOKUP(F21,Dex!$P$22:$Q$276,2,FALSE),"")} | J21: DEF | K21: {=IFERROR(VLOOKUP(J6,Dex!$B$3:$N415,10,FALSE),"")} -> 65 | L21: {=IFERROR(VLOOKUP(K21,Dex!$P$22:$Q$276,2,FALSE),"")}
E22: SPA | F22: {=IFERROR(VLOOKUP(E6,Dex!$B$3:$N415,11,FALSE),"")} -> 30 | G22: {=IFERROR(VLOOKUP(F22,Dex!$P$22:$Q$276,2,FALSE),"")} | J22: SPA | K22: {=IFERROR(VLOOKUP(J6,Dex!$B$3:$N415,11,FALSE),"")} -> 50 | L22: {=IFERROR(VLOOKUP(K22,Dex!$P$22:$Q$276,2,FALSE),"")}
E23: SPD | F23: {=IFERROR(VLOOKUP(E6,Dex!$B$3:$N415,12,FALSE),"")} -> 30 | G23: {=IFERROR(VLOOKUP(F23,Dex!$P$22:$Q$276,2,FALSE),"")} | J23: SPD | K23: {=IFERROR(VLOOKUP(J6,Dex!$B$3:$N415,12,FALSE),"")} -> 64 | L23: {=IFERROR(VLOOKUP(K23,Dex!$P$22:$Q$276,2,FALSE),"")}
E24: SPE | F24: {=IFERROR(VLOOKUP(E6,Dex!$B$3:$N415,13,FALSE),"")} -> 60 | G24: {=IFERROR(VLOOKUP(F24,Dex!$P$22:$Q$276,2,FALSE),"")} | J24: SPE | K24: {=IFERROR(VLOOKUP(J6,Dex!$B$3:$N415,13,FALSE),"")} -> 43 | L24: {=IFERROR(VLOOKUP(K24,Dex!$P$22:$Q$276,2,FALSE),"")}
E25: SPEED STAT: | H25: 18 | J25: SPEED STAT: | M25: 12
E27: (!) IF RIVAL HAS CHARMANDER
C29: =IMAGE("https://i.ibb.co/fXwks6z/Rival.png") | E29: {=IFERROR(VLOOKUP(E30,Dex!$B$3:$G415,3,FALSE),"")} | J29: {=IFERROR(VLOOKUP(J30,Dex!$B$3:$G415,3,FALSE),"")}
C30: ROUTE 22 #1 RIVAL | E30: Starly | J30: Charmander
E31: 9 | J31: 9
F32: {=IFERROR(VLOOKUP(E30,Dex!$B$3:$H415,5,FALSE),"")} | G32: {=IFERROR(VLOOKUP(E30,Dex!$B$3:$H415,7,FALSE),"")} | K32: {=IFERROR(VLOOKUP(J30,Dex!$B$3:$H415,5,FALSE),"")}
E34: Mild | J34: Timid
E35: Frisk | J35: Blaze
E36: No Item | H36: X | J36: No Item | M36: X
E37: Tackle | H37: =IMAGE("https://raw.githubusercontent.com/msikma/pokesprite/master/misc/types/gen8/normal.png",4,20,20) | J37: Growl | M37: =IMAGE("https://raw.githubusercontent.com/msikma/pokesprite/master/misc/types/gen8/normal.png",4,20,20)
E38: Growl | H38: =IMAGE("https://raw.githubusercontent.com/msikma/pokesprite/master/misc/types/gen8/normal.png",4,20,20) | J38: False Swipe | M38: =IMAGE("https://raw.githubusercontent.com/msikma/pokesprite/master/misc/types/gen8/normal.png",4,20,20)
E39: Quick Attack | H39: =IMAGE("https://raw.githubusercontent.com/msikma/pokesprite/master/misc/types/gen8/normal.png",4,20,20) | J39: Ember | M39: =IMAGE("https://raw.githubusercontent.com/msikma/pokesprite/master/misc/types/gen8/fire.png",4,20,20)
E40: Wing Attack | H40: =IMAGE("https://raw.githubusercontent.com/msikma/pokesprite/master/misc/types/gen8/flying.png",4,20,20) | J40: Brick Break | M40: =IMAGE("https://raw.githubusercontent.com/msikma/pokesprite/master/misc/types/gen8/fighting.png",4,20,20)
E42: BASE STATS | H42: EVs | J42: BASE STATS | M42: EVs
E43: HP | F43: {=IFERROR(VLOOKUP(E30,Dex!$B$3:$N415,8,FALSE),"")} -> 40 | G43: {=IFERROR(VLOOKUP(F43,Dex!$P$22:$Q$276,2,FALSE),"")} | J43: HP | K43: {=IFERROR(VLOOKUP(J30,Dex!$B$3:$N415,8,FALSE),"")} -> 39 | L43: {=IFERROR(VLOOKUP(K43,Dex!$P$22:$Q$276,2,FALSE),"")}
E44: ATK | F44: {=IFERROR(VLOOKUP(E30,Dex!$B$3:$N415,9,FALSE),"")} -> 55 | G44: {=IFERROR(VLOOKUP(F44,Dex!$P$22:$Q$276,2,FALSE),"")} | J44: ATK | K44: {=IFERROR(VLOOKUP(J30,Dex!$B$3:$N415,9,FALSE),"")} -> 52 | L44: {=IFERROR(VLOOKUP(K44,Dex!$P$22:$Q$276,2,FALSE),"")}
E45: DEF | F45: {=IFERROR(VLOOKUP(E30,Dex!$B$3:$N415,10,FALSE),"")} -> 30 | G45: {=IFERROR(VLOOKUP(F45,Dex!$P$22:$Q$276,2,FALSE),"")} | J45: DEF | K45: {=IFERROR(VLOOKUP(J30,Dex!$B$3:$N415,10,FALSE),"")} -> 43 | L45: {=IFERROR(VLOOKUP(K45,Dex!$P$22:$Q$276,2,FALSE),"")}
E46: SPA | F46: {=IFERROR(VLOOKUP(E30,Dex!$B$3:$N415,11,FALSE),"")} -> 30 | G46: {=IFERROR(VLOOKUP(F46,Dex!$P$22:$Q$276,2,FALSE),"")} | J46: SPA | K46: {=IFERROR(VLOOKUP(J30,Dex!$B$3:$N415,11,FALSE),"")} -> 60 | L46: {=IFERROR(VLOOKUP(K46,Dex!$P$22:$Q$276,2,FALSE),"")}
E47: SPD | F47: {=IFERROR(VLOOKUP(E30,Dex!$B$3:$N415,12,FALSE),"")} -> 30 | G47: {=IFERROR(VLOOKUP(F47,Dex!$P$22:$Q$276,2,FALSE),"")} | J47: SPD | K47: {=IFERROR(VLOOKUP(J30,Dex!$B$3:$N415,12,FALSE),"")} -> 50 | L47: {=IFERROR(VLOOKUP(K47,Dex!$P$22:$Q$276,2,FALSE),"")}
E48: SPE | F48: {=IFERROR(VLOOKUP(E30,Dex!$B$3:$N415,13,FALSE),"")} -> 60 | G48: {=IFERROR(VLOOKUP(F48,Dex!$P$22:$Q$276,2,FALSE),"")} | J48: SPE | K48: {=IFERROR(VLOOKUP(J30,Dex!$B$3:$N415,13,FALSE),"")} -> 65 | L48: {=IFERROR(VLOOKUP(K48,Dex!$P$22:$Q$276,2,FALSE),"")}
E49: SPEED STAT: | H49: 18 | J49: SPEED STAT: | M49: 19
E51: (!) IF RIVAL HAS BULBASAUR
C53: =IMAGE("https://i.ibb.co/fXwks6z/Rival.png") | E53: {=IFERROR(VLOOKUP(E54,Dex!$B$3:$G415,3,FALSE),"")} | J53: {=IFERROR(VLOOKUP(J54,Dex!$B$3:$G415,3,FALSE),"")}
C54: ROUTE 22 #1 RIVAL | E54: Starly | J54: Bulbasaur
E55: 9 | J55: 9
F56: {=IFERROR(VLOOKUP(E54,Dex!$B$3:$H415,5,FALSE),"")} | G56: {=IFERROR(VLOOKUP(E54,Dex!$B$3:$H415,7,FALSE),"")} | K56: {=IFERROR(VLOOKUP(J54,Dex!$B$3:$H415,5,FALSE),"")} | L56: {=IFERROR(VLOOKUP(J54,Dex!$B$3:$H415,7,FALSE),"")}
E58: Mild | J58: Timid
E59: Frisk | J59: Overgrow
E60: No Item | H60: X | J60: No Item | M60: X
E61: Tackle | H61: =IMAGE("https://raw.githubusercontent.com/msikma/pokesprite/master/misc/types/gen8/normal.png",4,20,20) | J61: Tackle | M61: =IMAGE("https://raw.githubusercontent.com/msikma/pokesprite/master/misc/types/gen8/normal.png",4,20,20)
E62: Growl | H62: =IMAGE("https://raw.githubusercontent.com/msikma/pokesprite/master/misc/types/gen8/normal.png",4,20,20) | J62: Growl | M62: =IMAGE("https://raw.githubusercontent.com/msikma/pokesprite/master/misc/types/gen8/normal.png",4,20,20)
E63: Quick Attack | H63: =IMAGE("https://raw.githubusercontent.com/msikma/pokesprite/master/misc/types/gen8/normal.png",4,20,20) | J63: Leech Seed | M63: =IMAGE("https://raw.githubusercontent.com/msikma/pokesprite/master/misc/types/gen8/grass.png",4,20,20)
E64: Wing Attack | H64: =IMAGE("https://raw.githubusercontent.com/msikma/pokesprite/master/misc/types/gen8/flying.png",4,20,20) | J64: Magical Leaf | M64: =IMAGE("https://raw.githubusercontent.com/msikma/pokesprite/master/misc/types/gen8/grass.png",4,20,20)
E66: BASE STATS | H66: EVs | J66: BASE STATS | M66: EVs
E67: HP | F67: {=IFERROR(VLOOKUP(E54,Dex!$B$3:$N415,8,FALSE),"")} -> 40 | G67: {=IFERROR(VLOOKUP(F67,Dex!$P$22:$Q$276,2,FALSE),"")} | J67: HP | K67: {=IFERROR(VLOOKUP(J54,Dex!$B$3:$N415,8,FALSE),"")} -> 45 | L67: {=IFERROR(VLOOKUP(K67,Dex!$P$22:$Q$276,2,FALSE),"")}
E68: ATK | F68: {=IFERROR(VLOOKUP(E54,Dex!$B$3:$N415,9,FALSE),"")} -> 55 | G68: {=IFERROR(VLOOKUP(F68,Dex!$P$22:$Q$276,2,FALSE),"")} | J68: ATK | K68: {=IFERROR(VLOOKUP(J54,Dex!$B$3:$N415,9,FALSE),"")} -> 49 | L68: {=IFERROR(VLOOKUP(K68,Dex!$P$22:$Q$276,2,FALSE),"")}
E69: DEF | F69: {=IFERROR(VLOOKUP(E54,Dex!$B$3:$N415,10,FALSE),"")} -> 30 | G69: {=IFERROR(VLOOKUP(F69,Dex!$P$22:$Q$276,2,FALSE),"")} | J69: DEF | K69: {=IFERROR(VLOOKUP(J54,Dex!$B$3:$N415,10,FALSE),"")} -> 49 | L69: {=IFERROR(VLOOKUP(K69,Dex!$P$22:$Q$276,2,FALSE),"")}
E70: SPA | F70: {=IFERROR(VLOOKUP(E54,Dex!$B$3:$N415,11,FALSE),"")} -> 30 | G70: {=IFERROR(VLOOKUP(F70,Dex!$P$22:$Q$276,2,FALSE),"")} | J70: SPA | K70: {=IFERROR(VLOOKUP(J54,Dex!$B$3:$N415,11,FALSE),"")} -> 65 | L70: {=IFERROR(VLOOKUP(K70,Dex!$P$22:$Q$276,2,FALSE),"")}
E71: SPD | F71: {=IFERROR(VLOOKUP(E54,Dex!$B$3:$N415,12,FALSE),"")} -> 30 | G71: {=IFERROR(VLOOKUP(F71,Dex!$P$22:$Q$276,2,FALSE),"")} | J71: SPD | K71: {=IFERROR(VLOOKUP(J54,Dex!$B$3:$N415,12,FALSE),"")} -> 65 | L71: {=IFERROR(VLOOKUP(K71,Dex!$P$22:$Q$276,2,FALSE),"")}
E72: SPE | F72: {=IFERROR(VLOOKUP(E54,Dex!$B$3:$N415,13,FALSE),"")} -> 60 | G72: {=IFERROR(VLOOKUP(F72,Dex!$P$22:$Q$276,2,FALSE),"")} | J72: SPE | K72: {=IFERROR(VLOOKUP(J54,Dex!$B$3:$N415,13,FALSE),"")} -> 45 | L72: {=IFERROR(VLOOKUP(K72,Dex!$P$22:$Q$276,2,FALSE),"")}
E73: SPEED STAT: | H73: 18 | J73: SPEED STAT: | M73: 16
C76: =IMAGE("https://i.ibb.co/rpm30sn/Brendan.png") | E76: {=IFERROR(VLOOKUP(E77,Dex!$B$3:$G415,3,FALSE),"")} | J76: {=IFERROR(VLOOKUP(J77,Dex!$B$3:$G415,3,FALSE),"")}
C77: VIRID. FOREST BRENDAN | E77: Corphish | J77: Treecko
E78: 7 | J78: 8
F79: {=IFERROR(VLOOKUP(E77,Dex!$B$3:$H415,5,FALSE),"")} | K79: {=IFERROR(VLOOKUP(J77,Dex!$B$3:$H415,5,FALSE),"")}
E81: Rash | J81: Hardy
E82: Battle Armor | J82: Overgrow
E83: No Item | H83: X | J83: No Item | M83: X
E84: Bubble | H84: =IMAGE("https://raw.githubusercontent.com/msikma/pokesprite/master/misc/types/gen8/water.png",4,20,20) | J84: Pound | M84: =IMAGE("https://raw.githubusercontent.com/msikma/pokesprite/master/misc/types/gen8/normal.png",4,20,20)
E85: Harden | H85: =IMAGE("https://raw.githubusercontent.com/msikma/pokesprite/master/misc/types/gen8/normal.png",4,20,20) | J85: Leer | M85: =IMAGE("https://raw.githubusercontent.com/msikma/pokesprite/master/misc/types/gen8/normal.png",4,20,20)
E86: Vise Grip | H86: =IMAGE("https://raw.githubusercontent.com/msikma/pokesprite/master/misc/types/gen8/normal.png",4,20,20) | J86: Absorb | M86: =IMAGE("https://raw.githubusercontent.com/msikma/pokesprite/master/misc/types/gen8/grass.png",4,20,20)
E87: Leer | H87: =IMAGE("https://raw.githubusercontent.com/msikma/pokesprite/master/misc/types/gen8/normal.png",4,20,20) | J87: -
E89: BASE STATS | H89: EVs | J89: BASE STATS | M89: EVs
E90: HP | F90: {=IFERROR(VLOOKUP(E77,Dex!$B$3:$N415,8,FALSE),"")} -> 43 | G90: {=IFERROR(VLOOKUP(F90,Dex!$P$22:$Q$276,2,FALSE),"")} | J90: HP | K90: {=IFERROR(VLOOKUP(J77,Dex!$B$3:$N415,8,FALSE),"")} -> 40 | L90: {=IFERROR(VLOOKUP(K90,Dex!$P$22:$Q$276,2,FALSE),"")}
E91: ATK | F91: {=IFERROR(VLOOKUP(E77,Dex!$B$3:$N415,9,FALSE),"")} -> 80 | G91: {=IFERROR(VLOOKUP(F91,Dex!$P$22:$Q$276,2,FALSE),"")} | J91: ATK | K91: {=IFERROR(VLOOKUP(J77,Dex!$B$3:$N415,9,FALSE),"")} -> 45 | L91: {=IFERROR(VLOOKUP(K91,Dex!$P$22:$Q$276,2,FALSE),"")}
E92: DEF | F92: {=IFERROR(VLOOKUP(E77,Dex!$B$3:$N415,10,FALSE),"")} -> 65 | G92: {=IFERROR(VLOOKUP(F92,Dex!$P$22:$Q$276,2,FALSE),"")} | J92: DEF | K92: {=IFERROR(VLOOKUP(J77,Dex!$B$3:$N415,10,FALSE),"")} -> 35 | L92: {=IFERROR(VLOOKUP(K92,Dex!$P$22:$Q$276,2,FALSE),"")}
E93: SPA | F93: {=IFERROR(VLOOKUP(E77,Dex!$B$3:$N415,11,FALSE),"")} -> 50 | G93: {=IFERROR(VLOOKUP(F93,Dex!$P$22:$Q$276,2,FALSE),"")} | J93: SPA | K93: {=IFERROR(VLOOKUP(J77,Dex!$B$3:$N415,11,FALSE),"")} -> 65 | L93: {=IFERROR(VLOOKUP(K93,Dex!$P$22:$Q$276,2,FALSE),"")}
E94: SPD | F94: {=IFERROR(VLOOKUP(E77,Dex!$B$3:$N415,12,FALSE),"")} -> 35 | G94: {=IFERROR(VLOOKUP(F94,Dex!$P$22:$Q$276,2,FALSE),"")} | J94: SPD | K94: {=IFERROR(VLOOKUP(J77,Dex!$B$3:$N415,12,FALSE),"")} -> 55 | L94: {=IFERROR(VLOOKUP(K94,Dex!$P$22:$Q$276,2,FALSE),"")}
E95: SPE | F95: {=IFERROR(VLOOKUP(E77,Dex!$B$3:$N415,13,FALSE),"")} -> 35 | G95: {=IFERROR(VLOOKUP(F95,Dex!$P$22:$Q$276,2,FALSE),"")} | J95: SPE | K95: {=IFERROR(VLOOKUP(J77,Dex!$B$3:$N415,13,FALSE),"")} -> 70 | L95: {=IFERROR(VLOOKUP(K95,Dex!$P$22:$Q$276,2,FALSE),"")}
E96: SPEED STAT: | H96: 10 | J96: SPEED STAT: | M96: 17
E99: (!) IF RIVAL HAS SQUIRTLE
C101: =IMAGE("https://i.ibb.co/fXwks6z/Rival.png") | E101: {=IFERROR(VLOOKUP(E102,Dex!$B$3:$G415,3,FALSE),"")} | J101: {=IFERROR(VLOOKUP(J102,Dex!$B$3:$G415,3,FALSE),"")} | O101: {=IFERROR(VLOOKUP(O102,Dex!$B$3:$G415,3,FALSE),"")} | T101: {=IFERROR(VLOOKUP(T102,Dex!$B$3:$G415,3,FALSE),"")}
C102: CERULEAN CITY RIVAL | E102: Kirlia | J102: Staravia | O102: Pawniard | T102: Wartortle
E103: Highest Lv -3 | J103: Highest Lv -4 | O103: Highest Lv -2 | T103: Highest Lv -3
F104: {=IFERROR(VLOOKUP(E102,Dex!$B$3:$H415,5,FALSE),"")} | G104: {=IFERROR(VLOOKUP(E102,Dex!$B$3:$H415,7,FALSE),"")} | K104: {=IFERROR(VLOOKUP(J102,Dex!$B$3:$H415,5,FALSE),"")} | L104: {=IFERROR(VLOOKUP(J102,Dex!$B$3:$H415,7,FALSE),"")} | P104: {=IFERROR(VLOOKUP(O102,Dex!$B$3:$H415,5,FALSE),"")} | Q104: {=IFERROR(VLOOKUP(O102,Dex!$B$3:$H415,7,FALSE),"")} | U104: {=IFERROR(VLOOKUP(T102,Dex!$B$3:$H415,5,FALSE),"")}
E106: Modest | J106: Adamant | O106: Adamant | T106: Modest
E107: Trace | J107: Intimidate | O107: Defiant | T107: Torrent
E108: Sitrus Berry | H108: =IMAGE("https://raw.githubusercontent.com/msikma/pokesprite/master/items/berry/sitrus.png",3) | J108: Muscle Band | M108: =IMAGE("https://raw.githubusercontent.com/msikma/pokesprite/master/items/hold-item/muscle-band.png",3) | O108: Chople Berry | R108: =IMAGE("https://raw.githubusercontent.com/msikma/pokesprite/master/items/berry/chople.png",3) | T108: Eviolite | W108: =IMAGE("https://raw.githubusercontent.com/msikma/pokesprite/master/items/hold-item/eviolite.png",3)
E109: Psybeam | H109: =IMAGE("https://raw.githubusercontent.com/msikma/pokesprite/master/misc/types/gen8/psychic.png",4,20,20) | J109: Quick Attack | M109: =IMAGE("https://raw.githubusercontent.com/msikma/pokesprite/master/misc/types/gen8/normal.png",4,20,20) | O109: Knock Off | R109: =IMAGE("https://raw.githubusercontent.com/msikma/pokesprite/master/misc/types/gen8/dark.png",4,20,20) | T109: Seismic Toss | W109: =IMAGE("https://raw.githubusercontent.com/msikma/pokesprite/master/misc/types/gen8/fighting.png",4,20,20)
E110: Draining Kiss | H110: =IMAGE("https://raw.githubusercontent.com/msikma/pokesprite/master/misc/types/gen8/fairy.png",4,20,20) | J110: Pluck | M110: =IMAGE("https://raw.githubusercontent.com/msikma/pokesprite/master/misc/types/gen8/flying.png",4,20,20) | O110: Sucker Punch | R110: =IMAGE("https://raw.githubusercontent.com/msikma/pokesprite/master/misc/types/gen8/dark.png",4,20,20) | T110: Counter | W110: =IMAGE("https://raw.githubusercontent.com/msikma/pokesprite/master/misc/types/gen8/fighting.png",4,20,20)
E111: Magical Leaf | H111: =IMAGE("https://raw.githubusercontent.com/msikma/pokesprite/master/misc/types/gen8/grass.png",4,20,20) | J111: U-Turn | M111: =IMAGE("https://raw.githubusercontent.com/msikma/pokesprite/master/misc/types/gen8/bug.png",4,20,20) | O111: Cut | R111: =IMAGE("https://raw.githubusercontent.com/msikma/pokesprite/master/misc/types/gen8/steel.png",4,20,20) | T111: Water Pulse | W111: =IMAGE("https://raw.githubusercontent.com/msikma/pokesprite/master/misc/types/gen8/water.png",4,20,20)
E112: - | J112: Sleep Talk | M112: =IMAGE("https://raw.githubusercontent.com/msikma/pokesprite/master/misc/types/gen8/normal.png",4,20,20) | O112: Low Sweep | R112: =IMAGE("https://raw.githubusercontent.com/msikma/pokesprite/master/misc/types/gen8/fighting.png",4,20,20) | T112: Icy Wind | W112: =IMAGE("https://raw.githubusercontent.com/msikma/pokesprite/master/misc/types/gen8/ice.png",4,20,20)
E114: BASE STATS | H114: EVs | J114: BASE STATS | M114: EVs | O114: BASE STATS | R114: EVs | T114: BASE STATS | W114: EVs
E115: HP | F115: {=IFERROR(VLOOKUP(E102,Dex!$B$3:$N415,8,FALSE),"")} -> 38 | G115: {=IFERROR(VLOOKUP(F115,Dex!$P$22:$Q$276,2,FALSE),"")} | J115: HP | K115: {=IFERROR(VLOOKUP(J102,Dex!$B$3:$N415,8,FALSE),"")} -> 55 | L115: {=IFERROR(VLOOKUP(K115,Dex!$P$22:$Q$276,2,FALSE),"")} | O115: HP | P115: {=IFERROR(VLOOKUP(O102,Dex!$B$3:$N415,8,FALSE),"")} -> 45 | Q115: {=IFERROR(VLOOKUP(P115,Dex!$P$22:$Q$276,2,FALSE),"")} | T115: HP | U115: {=IFERROR(VLOOKUP(T102,Dex!$B$3:$N415,8,FALSE),"")} -> 59 | V115: {=IFERROR(VLOOKUP(U115,Dex!$P$22:$Q$276,2,FALSE),"")}
E116: ATK | F116: {=IFERROR(VLOOKUP(E102,Dex!$B$3:$N415,9,FALSE),"")} -> 35 | G116: {=IFERROR(VLOOKUP(F116,Dex!$P$22:$Q$276,2,FALSE),"")} | J116: ATK | K116: {=IFERROR(VLOOKUP(J102,Dex!$B$3:$N415,9,FALSE),"")} -> 75 | L116: {=IFERROR(VLOOKUP(K116,Dex!$P$22:$Q$276,2,FALSE),"")} | O116: ATK | P116: {=IFERROR(VLOOKUP(O102,Dex!$B$3:$N415,9,FALSE),"")} -> 85 | Q116: {=IFERROR(VLOOKUP(P116,Dex!$P$22:$Q$276,2,FALSE),"")} | T116: ATK | U116: {=IFERROR(VLOOKUP(T102,Dex!$B$3:$N415,9,FALSE),"")} -> 63 | V116: {=IFERROR(VLOOKUP(U116,Dex!$P$22:$Q$276,2,FALSE),"")}
E117: DEF | F117: {=IFERROR(VLOOKUP(E102,Dex!$B$3:$N415,10,FALSE),"")} -> 35 | G117: {=IFERROR(VLOOKUP(F117,Dex!$P$22:$Q$276,2,FALSE),"")} | J117: DEF | K117: {=IFERROR(VLOOKUP(J102,Dex!$B$3:$N415,10,FALSE),"")} -> 50 | L117: {=IFERROR(VLOOKUP(K117,Dex!$P$22:$Q$276,2,FALSE),"")} | O117: DEF | P117: {=IFERROR(VLOOKUP(O102,Dex!$B$3:$N415,10,FALSE),"")} -> 70 | Q117: {=IFERROR(VLOOKUP(P117,Dex!$P$22:$Q$276,2,FALSE),"")} | T117: DEF | U117: {=IFERROR(VLOOKUP(T102,Dex!$B$3:$N415,10,FALSE),"")} -> 80 | V117: {=IFERROR(VLOOKUP(U117,Dex!$P$22:$Q$276,2,FALSE),"")}
E118: SPA | F118: {=IFERROR(VLOOKUP(E102,Dex!$B$3:$N415,11,FALSE),"")} -> 65 | G118: {=IFERROR(VLOOKUP(F118,Dex!$P$22:$Q$276,2,FALSE),"")} | J118: SPA | K118: {=IFERROR(VLOOKUP(J102,Dex!$B$3:$N415,11,FALSE),"")} -> 40 | L118: {=IFERROR(VLOOKUP(K118,Dex!$P$22:$Q$276,2,FALSE),"")} | O118: SPA | P118: {=IFERROR(VLOOKUP(O102,Dex!$B$3:$N415,11,FALSE),"")} -> 40 | Q118: {=IFERROR(VLOOKUP(P118,Dex!$P$22:$Q$276,2,FALSE),"")} | T118: SPA | U118: {=IFERROR(VLOOKUP(T102,Dex!$B$3:$N415,11,FALSE),"")} -> 65 | V118: {=IFERROR(VLOOKUP(U118,Dex!$P$22:$Q$276,2,FALSE),"")}
E119: SPD | F119: {=IFERROR(VLOOKUP(E102,Dex!$B$3:$N415,12,FALSE),"")} -> 55 | G119: {=IFERROR(VLOOKUP(F119,Dex!$P$22:$Q$276,2,FALSE),"")} | J119: SPD | K119: {=IFERROR(VLOOKUP(J102,Dex!$B$3:$N415,12,FALSE),"")} -> 40 | L119: {=IFERROR(VLOOKUP(K119,Dex!$P$22:$Q$276,2,FALSE),"")} | O119: SPD | P119: {=IFERROR(VLOOKUP(O102,Dex!$B$3:$N415,12,FALSE),"")} -> 40 | Q119: {=IFERROR(VLOOKUP(P119,Dex!$P$22:$Q$276,2,FALSE),"")} | T119: SPD | U119: {=IFERROR(VLOOKUP(T102,Dex!$B$3:$N415,12,FALSE),"")} -> 80 | V119: {=IFERROR(VLOOKUP(U119,Dex!$P$22:$Q$276,2,FALSE),"")}
C120: IF YOU'RE | E120: SPE | F120: {=IFERROR(VLOOKUP(E102,Dex!$B$3:$N415,13,FALSE),"")} -> 50 | G120: {=IFERROR(VLOOKUP(F120,Dex!$P$22:$Q$276,2,FALSE),"")} | J120: SPE | K120: {=IFERROR(VLOOKUP(J102,Dex!$B$3:$N415,13,FALSE),"")} -> 80 | L120: {=IFERROR(VLOOKUP(K120,Dex!$P$22:$Q$276,2,FALSE),"")} | O120: SPE | P120: {=IFERROR(VLOOKUP(O102,Dex!$B$3:$N415,13,FALSE),"")} -> 60 | Q120: {=IFERROR(VLOOKUP(P120,Dex!$P$22:$Q$276,2,FALSE),"")} | T120: SPE | U120: {=IFERROR(VLOOKUP(T102,Dex!$B$3:$N415,13,FALSE),"")} -> 58 | V120: {=IFERROR(VLOOKUP(U120,Dex!$P$22:$Q$276,2,FALSE),"")}
C121: LEVEL 27 ->> | E121: SPEED STAT: | H121: 36 | J121: SPEED STAT: | M121: 48 | O121: SPEED STAT: | R121: 42 | T121: SPEED STAT: | W121: 40
E123: (!) IF RIVAL HAS CHARMANDER
...

Sheet Team Rocket
C3: =IMAGE("https://i.ibb.co/xhnkr2Z/Archer.png") | E3: {=IFERROR(VLOOKUP(E4,Dex!$B$3:$G330,3,FALSE),"")} | J3: {=IFERROR(VLOOKUP(J4,Dex!$B$3:$G330,3,FALSE),"")} | O3: {=IFERROR(VLOOKUP(O4,Dex!$B$3:$G330,3,FALSE),"")}
C4: MT. MOON ARCHER | E4: Glimmet | J4: Houndour | O4: Mightyena
E5: 18 | J5: 19 | O5: 21
F6: {=IFERROR(VLOOKUP(E4,Dex!$B$3:$H330,5,FALSE),"")} | G6: {=IFERROR(VLOOKUP(E4,Dex!$B$3:$H330,7,FALSE),"")} | K6: {=IFERROR(VLOOKUP(J4,Dex!$B$3:$H330,5,FALSE),"")} | L6: {=IFERROR(VLOOKUP(J4,Dex!$B$3:$H330,7,FALSE),"")} | P6: {=IFERROR(VLOOKUP(O4,Dex!$B$3:$H330,5,FALSE),"")}
E8: Timid | J8: Timid | O8: Jolly
E9: Toxic Debris | J9: Unnerve | O9: Strong Jaw
E10: Shuca Berry | H10: =IMAGE("https://raw.githubusercontent.com/msikma/pokesprite/master/items/berry/shuca.png",3) | J10: Wise Glasses | M10: =IMAGE("https://raw.githubusercontent.com/msikma/pokesprite/master/items/hold-item/wise-glasses.png",3) | O10: Berry Juice | R10: =IMAGE("https://raw.githubusercontent.com/msikma/pokesprite/master/items/medicine/berry-juice.png",3)
E11: Ancient Power | H11: =IMAGE("https://raw.githubusercontent.com/msikma/pokesprite/master/misc/types/gen8/rock.png",4,20,20) | J11: Snarl | M11: =IMAGE("https://raw.githubusercontent.com/msikma/pokesprite/master/misc/types/gen8/dark.png",4,20,20) | O11: Bite | R11: =IMAGE("https://raw.githubusercontent.com/msikma/pokesprite/master/misc/types/gen8/dark.png",4,20,20)
E12: Venoshock | H12: =IMAGE("https://raw.githubusercontent.com/msikma/pokesprite/master/misc/types/gen8/poison.png",4,20,20) | J12: Incinerate | M12: =IMAGE("https://raw.githubusercontent.com/msikma/pokesprite/master/misc/types/gen8/fire.png",4,20,20) | O12: Ice Fang | R12: =IMAGE("https://raw.githubusercontent.com/msikma/pokesprite/master/misc/types/gen8/ice.png",4,20,20)
E13: Mud Shot | H13: =IMAGE("https://raw.githubusercontent.com/msikma/pokesprite/master/misc/types/gen8/ground.png",4,20,20) | J13: HP Grass | M13: =IMAGE("https://raw.githubusercontent.com/msikma/pokesprite/master/misc/types/gen8/grass.png",4,20,20) | O13: Howl | R13: =IMAGE("https://raw.githubusercontent.com/msikma/pokesprite/master/misc/types/gen8/normal.png",4,20,20)
E14: Protect | H14: =IMAGE("https://raw.githubusercontent.com/msikma/pokesprite/master/misc/types/gen8/normal.png",4,20,20) | J14: Protect | M14: =IMAGE("https://raw.githubusercontent.com/msikma/pokesprite/master/misc/types/gen8/normal.png",4,20,20) | O14: Fire Fang | R14: =IMAGE("https://raw.githubusercontent.com/msikma/pokesprite/master/misc/types/gen8/fire.png",4,20,20)
E16: BASE STATS | H16: EVs | J16: BASE STATS | M16: EVs | O16: BASE STATS | R16: EVs
E17: HP | F17: {=IFERROR(VLOOKUP(E4,Dex!$B$3:$N330,8,FALSE),"")} -> 48 | G17: {=IFERROR(VLOOKUP(F17,Dex!$P$22:$Q$276,2,FALSE),"")} | J17: HP | K17: {=IFERROR(VLOOKUP(J4,Dex!$B$3:$N330,8,FALSE),"")} -> 45 | L17: {=IFERROR(VLOOKUP(K17,Dex!$P$22:$Q$276,2,FALSE),"")} | O17: HP | P17: {=IFERROR(VLOOKUP(O4,Dex!$B$3:$N330,8,FALSE),"")} -> 70 | Q17: {=IFERROR(VLOOKUP(P17,Dex!$P$22:$Q$276,2,FALSE),"")}
E18: ATK | F18: {=IFERROR(VLOOKUP(E4,Dex!$B$3:$N330,9,FALSE),"")} -> 35 | G18: {=IFERROR(VLOOKUP(F18,Dex!$P$22:$Q$276,2,FALSE),"")} | J18: ATK | K18: {=IFERROR(VLOOKUP(J4,Dex!$B$3:$N330,9,FALSE),"")} -> 60 | L18: {=IFERROR(VLOOKUP(K18,Dex!$P$22:$Q$276,2,FALSE),"")} | O18: ATK | P18: {=IFERROR(VLOOKUP(O4,Dex!$B$3:$N330,9,FALSE),"")} -> 95 | Q18: {=IFERROR(VLOOKUP(P18,Dex!$P$22:$Q$276,2,FALSE),"")}
E19: DEF | F19: {=IFERROR(VLOOKUP(E4,Dex!$B$3:$N330,10,FALSE),"")} -> 42 | G19: {=IFERROR(VLOOKUP(F19,Dex!$P$22:$Q$276,2,FALSE),"")} | J19: DEF | K19: {=IFERROR(VLOOKUP(J4,Dex!$B$3:$N330,10,FALSE),"")} -> 30 | L19: {=IFERROR(VLOOKUP(K19,Dex!$P$22:$Q$276,2,FALSE),"")} | O19: DEF | P19: {=IFERROR(VLOOKUP(O4,Dex!$B$3:$N330,10,FALSE),"")} -> 70 | Q19: {=IFERROR(VLOOKUP(P19,Dex!$P$22:$Q$276,2,FALSE),"")}
E20: SPA | F20: {=IFERROR(VLOOKUP(E4,Dex!$B$3:$N330,11,FALSE),"")} -> 105 | G20: {=IFERROR(VLOOKUP(F20,Dex!$P$22:$Q$276,2,FALSE),"")} | J20: SPA | K20: {=IFERROR(VLOOKUP(J4,Dex!$B$3:$N330,11,FALSE),"")} -> 80 | L20: {=IFERROR(VLOOKUP(K20,Dex!$P$22:$Q$276,2,FALSE),"")} | O20: SPA | P20: {=IFERROR(VLOOKUP(O4,Dex!$B$3:$N330,11,FALSE),"")} -> 60 | Q20: {=IFERROR(VLOOKUP(P20,Dex!$P$22:$Q$276,2,FALSE),"")}
E21: SPD | F21: {=IFERROR(VLOOKUP(E4,Dex!$B$3:$N330,12,FALSE),"")} -> 60 | G21: {=IFERROR(VLOOKUP(F21,Dex!$P$22:$Q$276,2,FALSE),"")} | J21: SPD | K21: {=IFERROR(VLOOKUP(J4,Dex!$B$3:$N330,12,FALSE),"")} -> 50 | L21: {=IFERROR(VLOOKUP(K21,Dex!$P$22:$Q$276,2,FALSE),"")} | O21: SPD | P21: {=IFERROR(VLOOKUP(O4,Dex!$B$3:$N330,12,FALSE),"")} -> 60 | Q21: {=IFERROR(VLOOKUP(P21,Dex!$P$22:$Q$276,2,FALSE),"")}
E22: SPE | F22: {=IFERROR(VLOOKUP(E4,Dex!$B$3:$N330,13,FALSE),"")} -> 60 | G22: {=IFERROR(VLOOKUP(F22,Dex!$P$22:$Q$276,2,FALSE),"")} | J22: SPE | K22: {=IFERROR(VLOOKUP(J4,Dex!$B$3:$N330,13,FALSE),"")} -> 65 | L22: {=IFERROR(VLOOKUP(K22,Dex!$P$22:$Q$276,2,FALSE),"")} | O22: SPE | P22: {=IFERROR(VLOOKUP(O4,Dex!$B$3:$N330,13,FALSE),"")} -> 70 | Q22: {=IFERROR(VLOOKUP(P22,Dex!$P$22:$Q$276,2,FALSE),"")}
E23: SPEED STAT: | H23: 35 | J23: SPEED STAT: | M23: 38 | O23: SPEED STAT: | R23: 44
C26: =IMAGE("https://i.ibb.co/kJrTDW3/Grunt.png") | E26: {=IFERROR(VLOOKUP(E27,Dex!$B$3:$G330,3,FALSE),"")} | J26: {=IFERROR(VLOOKUP(J27,Dex!$B$3:$G330,3,FALSE),"")} | O26: {=IFERROR(VLOOKUP(O27,Dex!$B$3:$G330,3,FALSE),"")} | T26: {=IFERROR(VLOOKUP(T27,Dex!$B$3:$G330,3,FALSE),"")}
C27: NUGG. BRIDGE GRUNT | E27: Growlithe | J27: Gabite | O27: Togedemaru | T27: Komala
E28: Highest Lv -2 | J28: Highest Lv -4 | O28: Highest Lv -4 | T28: Highest Lv -4
F29: {=IFERROR(VLOOKUP(E27,Dex!$B$3:$H330,5,FALSE),"")} | K29: {=IFERROR(VLOOKUP(J27,Dex!$B$3:$H330,5,FALSE),"")} | L29: {=IFERROR(VLOOKUP(J27,Dex!$B$3:$H330,7,FALSE),"")} | P29: {=IFERROR(VLOOKUP(O27,Dex!$B$3:$H330,5,FALSE),"")} | Q29: {=IFERROR(VLOOKUP(O27,Dex!$B$3:$H330,7,FALSE),"")} | U29: {=IFERROR(VLOOKUP(T27,Dex!$B$3:$H330,5,FALSE),"")}
E31: Careful | J31: Impish | O31: Careful | T31: Adamant
E32: Intimidate | J32: Rough Skin | O32: Iron Barbs | T32: Comotose
E33: Eviolite | H33: =IMAGE("https://raw.githubusercontent.com/msikma/pokesprite/master/items/hold-item/eviolite.png",3) | J33: Eviolite | M33: =IMAGE("https://raw.githubusercontent.com/msikma/pokesprite/master/items/hold-item/eviolite.png",3) | O33: Rocky Helmet | R33: =IMAGE("https://raw.githubusercontent.com/msikma/pokesprite/master/items/hold-item/rocky-helmet.png",3) | T33: Silk Scarf | W33: =IMAGE("https://raw.githubusercontent.com/msikma/pokesprite/master/items/hold-item/silk-scarf.png",3)
E34: Dragon Rage | H34: =IMAGE("https://raw.githubusercontent.com/msikma/pokesprite/master/misc/types/gen8/dragon.png",4,20,20) | J34: Body Slam | M34: =IMAGE("https://raw.githubusercontent.com/msikma/pokesprite/master/misc/types/gen8/normal.png",4,20,20) | O34: U-Turn | R34: =IMAGE("https://raw.githubusercontent.com/msikma/pokesprite/master/misc/types/gen8/bug.png",4,20,20) | T34: Protect | W34: =IMAGE("https://raw.githubusercontent.com/msikma/pokesprite/master/misc/types/gen8/normal.png",4,20,20)
E35: Fire Fang | H35: =IMAGE("https://raw.githubusercontent.com/msikma/pokesprite/master/misc/types/gen8/fire.png",4,20,20) | J35: Rock Slide | M35: =IMAGE("https://raw.githubusercontent.com/msikma/pokesprite/master/misc/types/gen8/rock.png",4,20,20) | O35: Zippy Zap | R35: =IMAGE("https://raw.githubusercontent.com/msikma/pokesprite/master/misc/types/gen8/electric.png",4,20,20) | T35: Last Resort | W35: =IMAGE("https://raw.githubusercontent.com/msikma/pokesprite/master/misc/types/gen8/normal.png",4,20,20)
E36: Thunder Fang | H36: =IMAGE("https://raw.githubusercontent.com/msikma/pokesprite/master/misc/types/gen8/electric.png",4,20,20) | J36: Dual Chop | M36: =IMAGE("https://raw.githubusercontent.com/msikma/pokesprite/master/misc/types/gen8/dragon.png",4,20,20) | O36: Iron Head | R36: =IMAGE("https://raw.githubusercontent.com/msikma/pokesprite/master/misc/types/gen8/steel.png",4,20,20) | T36: -
E37: Bulldoze | H37: =IMAGE("https://raw.githubusercontent.com/msikma/pokesprite/master/misc/types/gen8/ground.png",4,20,20) | J37: Bulldoze | M37: =IMAGE("https://raw.githubusercontent.com/msikma/pokesprite/master/misc/types/gen8/ground.png",4,20,20) | O37: Nuzzle | R37: =IMAGE("https://raw.githubusercontent.com/msikma/pokesprite/master/misc/types/gen8/electric.png",4,20,20) | T37: -
E39: BASE STATS | H39: EVs | J39: BASE STATS | M39: EVs | O39: BASE STATS | R39: EVs | T39: BASE STATS | W39: EVs
E40: HP | F40: {=IFERROR(VLOOKUP(E27,Dex!$B$3:$N330,8,FALSE),"")} -> 55 | G40: {=IFERROR(VLOOKUP(F40,Dex!$P$22:$Q$276,2,FALSE),"")} | J40: HP | K40: {=IFERROR(VLOOKUP(J27,Dex!$B$3:$N330,8,FALSE),"")} -> 68 | L40: {=IFERROR(VLOOKUP(K40,Dex!$P$22:$Q$276,2,FALSE),"")} | O40: HP | P40: {=IFERROR(VLOOKUP(O27,Dex!$B$3:$N330,8,FALSE),"")} -> 65 | Q40: {=IFERROR(VLOOKUP(P40,Dex!$P$22:$Q$276,2,FALSE),"")} | T40: HP | U40: {=IFERROR(VLOOKUP(T27,Dex!$B$3:$N330,8,FALSE),"")} -> 75 | V40: {=IFERROR(VLOOKUP(U40,Dex!$P$22:$Q$276,2,FALSE),"")}
E41: ATK | F41: {=IFERROR(VLOOKUP(E27,Dex!$B$3:$N330,9,FALSE),"")} -> 70 | G41: {=IFERROR(VLOOKUP(F41,Dex!$P$22:$Q$276,2,FALSE),"")} | J41: ATK | K41: {=IFERROR(VLOOKUP(J27,Dex!$B$3:$N330,9,FALSE),"")} -> 90 | L41: {=IFERROR(VLOOKUP(K41,Dex!$P$22:$Q$276,2,FALSE),"")} | O41: ATK | P41: {=IFERROR(VLOOKUP(O27,Dex!$B$3:$N330,9,FALSE),"")} -> 108 | Q41: {=IFERROR(VLOOKUP(P41,Dex!$P$22:$Q$276,2,FALSE),"")} | T41: ATK | U41: {=IFERROR(VLOOKUP(T27,Dex!$B$3:$N330,9,FALSE),"")} -> 115 | V41: {=IFERROR(VLOOKUP(U41,Dex!$P$22:$Q$276,2,FALSE),"")}
E42: DEF | F42: {=IFERROR(VLOOKUP(E27,Dex!$B$3:$N330,10,FALSE),"")} -> 45 | G42: {=IFERROR(VLOOKUP(F42,Dex!$P$22:$Q$276,2,FALSE),"")} | J42: DEF | K42: {=IFERROR(VLOOKUP(J27,Dex!$B$3:$N330,10,FALSE),"")} -> 65 | L42: {=IFERROR(VLOOKUP(K42,Dex!$P$22:$Q$276,2,FALSE),"")} | O42: DEF | P42: {=IFERROR(VLOOKUP(O27,Dex!$B$3:$N330,10,FALSE),"")} -> 63 | Q42: {=IFERROR(VLOOKUP(P42,Dex!$P$22:$Q$276,2,FALSE),"")} | T42: DEF | U42: {=IFERROR(VLOOKUP(T27,Dex!$B$3:$N330,10,FALSE),"")} -> 65 | V42: {=IFERROR(VLOOKUP(U42,Dex!$P$22:$Q$276,2,FALSE),"")}
E43: SPA | F43: {=IFERROR(VLOOKUP(E27,Dex!$B$3:$N330,11,FALSE),"")} -> 70 | G43: {=IFERROR(VLOOKUP(F43,Dex!$P$22:$Q$276,2,FALSE),"")} | J43: SPA | K43: {=IFERROR(VLOOKUP(J27,Dex!$B$3:$N330,11,FALSE),"")} -> 50 | L43: {=IFERROR(VLOOKUP(K43,Dex!$P$22:$Q$276,2,FALSE),"")} | O43: SPA | P43: {=IFERROR(VLOOKUP(O27,Dex!$B$3:$N330,11,FALSE),"")} -> 40 | Q43: {=IFERROR(VLOOKUP(P43,Dex!$P$22:$Q$276,2,FALSE),"")} | T43: SPA | U43: {=IFERROR(VLOOKUP(T27,Dex!$B$3:$N330,11,FALSE),"")} -> 75 | V43: {=IFERROR(VLOOKUP(U43,Dex!$P$22:$Q$276,2,FALSE),"")}
E44: SPD | F44: {=IFERROR(VLOOKUP(E27,Dex!$B$3:$N330,12,FALSE),"")} -> 50 | G44: {=IFERROR(VLOOKUP(F44,Dex!$P$22:$Q$276,2,FALSE),"")} | J44: SPD | K44: {=IFERROR(VLOOKUP(J27,Dex!$B$3:$N330,12,FALSE),"")} -> 55 | L44: {=IFERROR(VLOOKUP(K44,Dex!$P$22:$Q$276,2,FALSE),"")} | O44: SPD | P44: {=IFERROR(VLOOKUP(O27,Dex!$B$3:$N330,12,FALSE),"")} -> 73 | Q44: {=IFERROR(VLOOKUP(P44,Dex!$P$22:$Q$276,2,FALSE),"")} | T44: SPD | U44: {=IFERROR(VLOOKUP(T27,Dex!$B$3:$N330,12,FALSE),"")} -> 95 | V44: {=IFERROR(VLOOKUP(U44,Dex!$P$22:$Q$276,2,FALSE),"")}
C45: IF YOU'RE | E45: SPE | F45: {=IFERROR(VLOOKUP(E27,Dex!$B$3:$N330,13,FALSE),"")} -> 60 | G45: {=IFERROR(VLOOKUP(F45,Dex!$P$22:$Q$276,2,FALSE),"")} | J45: SPE | K45: {=IFERROR(VLOOKUP(J27,Dex!$B$3:$N330,13,FALSE),"")} -> 82 | L45: {=IFERROR(VLOOKUP(K45,Dex!$P$22:$Q$276,2,FALSE),"")} | O45: SPE | P45: {=IFERROR(VLOOKUP(O27,Dex!$B$3:$N330,13,FALSE),"")} -> 96 | Q45: {=IFERROR(VLOOKUP(P45,Dex!$P$22:$Q$276,2,FALSE),"")} | T45: SPE | U45: {=IFERROR(VLOOKUP(T27,Dex!$B$3:$N330,13,FALSE),"")} -> 65 | V45: {=IFERROR(VLOOKUP(U45,Dex!$P$22:$Q$276,2,FALSE),"")}
C46: LEVEL 27 ->> | E46: SPEED STAT: | H46: 42 | J46: SPEED STAT: | M46: 49 | O46: SPEED STAT: | R46: 56 | T46: SPEED STAT: | W46: 42
C49: =IMAGE("https://i.ibb.co/kJrTDW3/Grunt.png") | E49: {=IFERROR(VLOOKUP(E50,Dex!$B$3:$G330,3,FALSE),"")} | J49: {=IFERROR(VLOOKUP(J50,Dex!$B$3:$G330,3,FALSE),"")} | O49: {=IFERROR(VLOOKUP(O50,Dex!$B$3:$G330,3,FALSE),"")} | T49: {=IFERROR(VLOOKUP(T50,Dex!$B$3:$G330,3,FALSE),"")}
C50: DIG HOUSE GRUNT | E50: Persian-A | J50: Golbat | O50: Oinkologne-F | T50: Octillery
E51: Highest Lv -4 | J51: Highest Lv -3 | O51: Highest Lv -5 | T51: Highest Lv -3
F52: {=IFERROR(VLOOKUP(E50,Dex!$B$3:$H330,5,FALSE),"")} | K52: {=IFERROR(VLOOKUP(J50,Dex!$B$3:$H330,5,FALSE),"")} | L52: {=IFERROR(VLOOKUP(J50,Dex!$B$3:$H330,7,FALSE),"")} | P52: {=IFERROR(VLOOKUP(O50,Dex!$B$3:$H330,5,FALSE),"")} | U52: {=IFERROR(VLOOKUP(T50,Dex!$B$3:$H330,5,FALSE),"")}
E54: Timid | J54: Naive | O54: Impish | T54: Rash
E55: Feline Prowess | J55: Sniper | O55: Gluttony | T55: Skill Link
E56: Black Glasses | H56: =IMAGE("https://raw.githubusercontent.com/msikma/pokesprite/master/items/hold-item/black-glasses.png",3) | J56: Eviolite | M56: =IMAGE("https://raw.githubusercontent.com/msikma/pokesprite/master/items/hold-item/eviolite.png",3) | O56: Figy Berry | R56: =IMAGE("https://raw.githubusercontent.com/msikma/pokesprite/master/items/berry/figy.png",3) | T56: Rindo Berry | W56: =IMAGE("https://raw.githubusercontent.com/msikma/pokesprite/master/items/berry/rindo.png",3)
E57: Snarl | H57: =IMAGE("https://raw.githubusercontent.com/msikma/pokesprite/master/misc/types/gen8/dark.png",4,20,20) | J57: Mega Drain | M57: =IMAGE("https://raw.githubusercontent.com/msikma/pokesprite/master/misc/types/gen8/grass.png",4,20,20) | O57: Stockpile | R57: =IMAGE("https://raw.githubusercontent.com/msikma/pokesprite/master/misc/types/gen8/normal.png",4,20,20) | T57: Bullet Seed | W57: =IMAGE("https://raw.githubusercontent.com/msikma/pokesprite/master/misc/types/gen8/grass.png",4,20,20)
E58: Water Pulse | H58: =IMAGE("https://raw.githubusercontent.com/msikma/pokesprite/master/misc/types/gen8/water.png",4,20,20) | J58: Cross Poison | M58: =IMAGE("https://raw.githubusercontent.com/msikma/pokesprite/master/misc/types/gen8/poison.png",4,20,20) | O58: Body Press | R58: =IMAGE("https://raw.githubusercontent.com/msikma/pokesprite/master/misc/types/gen8/fighting.png",4,20,20) | T58: Rock Blast | W58: =IMAGE("https://raw.githubusercontent.com/msikma/pokesprite/master/misc/types/gen8/rock.png",4,20,20)
E59: Parting Shot | H59: =IMAGE("https://raw.githubusercontent.com/msikma/pokesprite/master/misc/types/gen8/dark.png",4,20,20) | J59: Air Cutter | M59: =IMAGE("https://raw.githubusercontent.com/msikma/pokesprite/master/misc/types/gen8/flying.png",4,20,20) | O59: Bullet Seed | R59: =IMAGE("https://raw.githubusercontent.com/msikma/pokesprite/master/misc/types/gen8/grass.png",4,20,20) | T59: Water Pulse | W59: =IMAGE("https://raw.githubusercontent.com/msikma/pokesprite/master/misc/types/gen8/water.png",4,20,20)
E60: Shock Wave | H60: =IMAGE("https://raw.githubusercontent.com/msikma/pokesprite/master/misc/types/gen8/electric.png",4,20,20) | J60: HP Fire | M60: =IMAGE("https://raw.githubusercontent.com/msikma/pokesprite/master/misc/types/gen8/fire.png",4,20,20) | O60: Headbutt | R60: =IMAGE("https://raw.githubusercontent.com/msikma/pokesprite/master/misc/types/gen8/normal.png",4,20,20) | T60: Icy Wind | W60: =IMAGE("https://raw.githubusercontent.com/msikma/pokesprite/master/misc/types/gen8/ice.png",4,20,20)
E62: BASE STATS | H62: EVs | J62: BASE STATS | M62: EVs | O62: BASE STATS | R62: EVs | T62: BASE STATS | W62: EVs
E63: HP | F63: {=IFERROR(VLOOKUP(E50,Dex!$B$3:$N330,8,FALSE),"")} -> 65 | G63: {=IFERROR(VLOOKUP(F63,Dex!$P$22:$Q$276,2,FALSE),"")} | J63: HP | K63: {=IFERROR(VLOOKUP(J50,Dex!$B$3:$N330,8,FALSE),"")} -> 75 | L63: {=IFERROR(VLOOKUP(K63,Dex!$P$22:$Q$276,2,FALSE),"")} | O63: HP | P63: {=IFERROR(VLOOKUP(O50,Dex!$B$3:$N330,8,FALSE),"")} -> 115 | Q63: {=IFERROR(VLOOKUP(P63,Dex!$P$22:$Q$276,2,FALSE),"")} | T63: HP | U63: {=IFERROR(VLOOKUP(T50,Dex!$B$3:$N330,8,FALSE),"")} -> 75 | V63: {=IFERROR(VLOOKUP(U63,Dex!$P$22:$Q$276,2,FALSE),"")}
E64: ATK | F64: {=IFERROR(VLOOKUP(E50,Dex!$B$3:$N330,9,FALSE),"")} -> 60 | G64: {=IFERROR(VLOOKUP(F64,Dex!$P$22:$Q$276,2,FALSE),"")} | J64: ATK | K64: {=IFERROR(VLOOKUP(J50,Dex!$B$3:$N330,9,FALSE),"")} -> 80 | L64: {=IFERROR(VLOOKUP(K64,Dex!$P$22:$Q$276,2,FALSE),"")} | O64: ATK | P64: {=IFERROR(VLOOKUP(O50,Dex!$B$3:$N330,9,FALSE),"")} -> 90 | Q64: {=IFERROR(VLOOKUP(P64,Dex!$P$22:$Q$276,2,FALSE),"")} | T64: ATK | U64: {=IFERROR(VLOOKUP(T50,Dex!$B$3:$N330,9,FALSE),"")} -> 105 | V64: {=IFERROR(VLOOKUP(U64,Dex!$P$22:$Q$276,2,FALSE),"")}
E65: DEF | F65: {=IFERROR(VLOOKUP(E50,Dex!$B$3:$N330,10,FALSE),"")} -> 60 | G65: {=IFERROR(VLOOKUP(F65,Dex!$P$22:$Q$276,2,FALSE),"")} | J65: DEF | K65: {=IFERROR(VLOOKUP(J50,Dex!$B$3:$N330,10,FALSE),"")} -> 70 | L65: {=IFERROR(VLOOKUP(K65,Dex!$P$22:$Q$276,2,FALSE),"")} | O65: DEF | P65: {=IFERROR(VLOOKUP(O50,Dex!$B$3:$N330,10,FALSE),"")} -> 70 | Q65: {=IFERROR(VLOOKUP(P65,Dex!$P$22:$Q$276,2,FALSE),"")} | T65: DEF | U65: {=IFERROR(VLOOKUP(T50,Dex!$B$3:$N330,10,FALSE),"")} -> 75 | V65: {=IFERROR(VLOOKUP(U65,Dex!$P$22:$Q$276,2,FALSE),"")}
E66: SPA | F66: {=IFERROR(VLOOKUP(E50,Dex!$B$3:$N330,11,FALSE),"")} -> 55 | G66: {=IFERROR(VLOOKUP(F66,Dex!$P$22:$Q$276,2,FALSE),"")} | J66: SPA | K66: {=IFERROR(VLOOKUP(J50,Dex!$B$3:$N330,11,FALSE),"")} -> 65 | L66: {=IFERROR(VLOOKUP(K66,Dex!$P$22:$Q$276,2,FALSE),"")} | O66: SPA | P66: {=IFERROR(VLOOKUP(O50,Dex!$B$3:$N330,11,FALSE),"")} -> 59 | Q66: {=IFERROR(VLOOKUP(P66,Dex!$P$22:$Q$276,2,FALSE),"")} | T66: SPA | U66: {=IFERROR(VLOOKUP(T50,Dex!$B$3:$N330,11,FALSE),"")} -> 105 | V66: {=IFERROR(VLOOKUP(U66,Dex!$P$22:$Q$276,2,FALSE),"")}
E67: SPD | F67: {=IFERROR(VLOOKUP(E50,Dex!$B$3:$N330,12,FALSE),"")} -> 65 | G67: {=IFERROR(VLOOKUP(F67,Dex!$P$22:$Q$276,2,FALSE),"")} | J67: SPD | K67: {=IFERROR(VLOOKUP(J50,Dex!$B$3:$N330,12,FALSE),"")} -> 75 | L67: {=IFERROR(VLOOKUP(K67,Dex!$P$22:$Q$276,2,FALSE),"")} | O67: SPD | P67: {=IFERROR(VLOOKUP(O50,Dex!$B$3:$N330,12,FALSE),"")} -> 90 | Q67: {=IFERROR(VLOOKUP(P67,Dex!$P$22:$Q$276,2,FALSE),"")} | T67: SPD | U67: {=IFERROR(VLOOKUP(T50,Dex!$B$3:$N330,12,FALSE),"")} -> 75 | V67: {=IFERROR(VLOOKUP(U67,Dex!$P$22:$Q$276,2,FALSE),"")}
C68: IF YOU'RE | E68: SPE | F68: {=IFERROR(VLOOKUP(E50,Dex!$B$3:$N330,13,FALSE),"")} -> 115 | G68: {=IFERROR(VLOOKUP(F68,Dex!$P$22:$Q$276,2,FALSE),"")} | J68: SPE | K68: {=IFERROR(VLOOKUP(J50,Dex!$B$3:$N330,13,FALSE),"")} -> 90 | L68: {=IFERROR(VLOOKUP(K68,Dex!$P$22:$Q$276,2,FALSE),"")} | O68: SPE | P68: {=IFERROR(VLOOKUP(O50,Dex!$B$3:$N330,13,FALSE),"")} -> 65 | Q68: {=IFERROR(VLOOKUP(P68,Dex!$P$22:$Q$276,2,FALSE),"")} | T68: SPE | U68: {=IFERROR(VLOOKUP(T50,Dex!$B$3:$N330,13,FALSE),"")} -> 75 | V68: {=IFERROR(VLOOKUP(U68,Dex!$P$22:$Q$276,2,FALSE),"")}
C69: LEVEL 34 ->> | E69: SPEED STAT: | H69: 91 | J69: SPEED STAT: | M69: 77 | O69: SPEED STAT: | R69: 51 | T69: SPEED STAT: | W69: 61
E72: BATTLE EFFECT: DOUBLES
C73: =IMAGE("https://i.ibb.co/kJrTDW3/Grunt.png") | E73: {=IFERROR(VLOOKUP(E74,Dex!$B$3:$G330,3,FALSE),"")} | J73: {=IFERROR(VLOOKUP(J74,Dex!$B$3:$G330,3,FALSE),"")} | O73: {=IFERROR(VLOOKUP(O74,Dex!$B$3:$G330,3,FALSE),"")} | T73: {=IFERROR(VLOOKUP(T74,Dex!$B$3:$G330,3,FALSE),"")}
C74: GAME CORNER GUARD | E74: Hypno | J74: Aerodactyl | O74: Granbull | T74: Obstagoon
E75: Highest Lv -3 | J75: Highest Lv -3 | O75: Highest Lv -4 | T75: Highest Lv -4
F76: {=IFERROR(VLOOKUP(E74,Dex!$B$3:$H330,5,FALSE),"")} | K76: {=IFERROR(VLOOKUP(J74,Dex!$B$3:$H330,5,FALSE),"")} | L76: {=IFERROR(VLOOKUP(J74,Dex!$B$3:$H330,7,FALSE),"")} | P76: {=IFERROR(VLOOKUP(O74,Dex!$B$3:$H330,5,FALSE),"")} | Q76: {=IFERROR(VLOOKUP(O74,Dex!$B$3:$H330,7,FALSE),"")} | U76: {=IFERROR(VLOOKUP(T74,Dex!$B$3:$H330,5,FALSE),"")} | V76: {=IFERROR(VLOOKUP(T74,Dex!$B$3:$H330,7,FALSE),"")}
E78: Calm | J78: Jolly | O78: Adamant | T78: Jolly
E79: Bad Dreams | J79: Unnerve | O79: Intimidate | T79: Guts
E80: Colbur Berry | H80: =IMAGE("https://raw.githubusercontent.com/msikma/pokesprite/master/items/berry/colbur.png",3) | J80: Focus Sash | M80: =IMAGE("https://raw.githubusercontent.com/msikma/pokesprite/master/items/hold-item/focus-sash.png",3) | O80: Lum Berry | R80: =IMAGE("https://raw.githubusercontent.com/msikma/pokesprite/master/items/berry/lum.png",3) | T80: Flame Orb | W80: =IMAGE("https://raw.githubusercontent.com/msikma/pokesprite/master/items/hold-item/flame-orb.png",3)
E81: Dark Void | H81: =IMAGE("https://raw.githubusercontent.com/msikma/pokesprite/master/misc/types/gen8/dark.png",4,20,20) | J81: Rock Slide | M81: =IMAGE("https://raw.githubusercontent.com/msikma/pokesprite/master/misc/types/gen8/rock.png",4,20,20) | O81: Drain Punch | R81: =IMAGE("https://raw.githubusercontent.com/msikma/pokesprite/master/misc/types/gen8/fighting.png",4,20,20) | T81: Facade | W81: =IMAGE("https://raw.githubusercontent.com/msikma/pokesprite/master/misc/types/gen8/normal.png",4,20,20)
E82: Psychic | H82: =IMAGE("https://raw.githubusercontent.com/msikma/pokesprite/master/misc/types/gen8/psychic.png",4,20,20) | J82: Dual Wingbeat | M82: =IMAGE("https://raw.githubusercontent.com/msikma/pokesprite/master/misc/types/gen8/flying.png",4,20,20) | O82: Play Rough | R82: =IMAGE("https://raw.githubusercontent.com/msikma/pokesprite/master/misc/types/gen8/fairy.png",4,20,20) | T82: Knock Off | W82: =IMAGE("https://raw.githubusercontent.com/msikma/pokesprite/master/misc/types/gen8/dark.png",4,20,20)
E83: Knock Off | H83: =IMAGE("https://raw.githubusercontent.com/msikma/pokesprite/master/misc/types/gen8/dark.png",4,20,20) | J83: Aqua Tail | M83: =IMAGE("https://raw.githubusercontent.com/msikma/pokesprite/master/misc/types/gen8/water.png",4,20,20) | O83: Temper Flare | R83: =IMAGE("https://raw.githubusercontent.com/msikma/pokesprite/master/misc/types/gen8/fire.png",4,20,20) | T83: Sucker Punch | W83: =IMAGE("https://raw.githubusercontent.com/msikma/pokesprite/master/misc/types/gen8/dark.png",4,20,20)
E84: Shadow Ball | H84: =IMAGE("https://raw.githubusercontent.com/msikma/pokesprite/master/misc/types/gen8/ghost.png",4,20,20) | J84: Iron Head | M84: =IMAGE("https://raw.githubusercontent.com/msikma/pokesprite/master/misc/types/gen8/steel.png",4,20,20) | O84: Psychic Fangs | R84: =IMAGE("https://raw.githubusercontent.com/msikma/pokesprite/master/misc/types/gen8/psychic.png",4,20,20) | T84: Ice Punch | W84: =IMAGE("https://raw.githubusercontent.com/msikma/pokesprite/master/misc/types/gen8/ice.png",4,20,20)
E86: BASE STATS | H86: EVs | J86: BASE STATS | M86: EVs | O86: BASE STATS | R86: EVs | T86: BASE STATS | W86: EVs
E87: HP | F87: {=IFERROR(VLOOKUP(E74,Dex!$B$3:$N330,8,FALSE),"")} -> 85 | G87: {=IFERROR(VLOOKUP(F87,Dex!$P$22:$Q$276,2,FALSE),"")} | H87: 252 | J87: HP | K87: {=IFERROR(VLOOKUP(J74,Dex!$B$3:$N330,8,FALSE),"")} -> 80 | L87: {=IFERROR(VLOOKUP(K87,Dex!$P$22:$Q$276,2,FALSE),"")} | O87: HP | P87: {=IFERROR(VLOOKUP(O74,Dex!$B$3:$N330,8,FALSE),"")} -> 100 | Q87: {=IFERROR(VLOOKUP(P87,Dex!$P$22:$Q$276,2,FALSE),"")} | R87: 252 | T87: HP | U87: {=IFERROR(VLOOKUP(T74,Dex!$B$3:$N330,8,FALSE),"")} -> 93 | V87: {=IFERROR(VLOOKUP(U87,Dex!$P$22:$Q$276,2,FALSE),"")}
E88: ATK | F88: {=IFERROR(VLOOKUP(E74,Dex!$B$3:$N330,9,FALSE),"")} -> 73 | G88: {=IFERROR(VLOOKUP(F88,Dex!$P$22:$Q$276,2,FALSE),"")} | J88: ATK | K88: {=IFERROR(VLOOKUP(J74,Dex!$B$3:$N330,9,FALSE),"")} -> 105 | L88: {=IFERROR(VLOOKUP(K88,Dex!$P$22:$Q$276,2,FALSE),"")} | M88: 252 | O88: ATK | P88: {=IFERROR(VLOOKUP(O74,Dex!$B$3:$N330,9,FALSE),"")} -> 120 | Q88: {=IFERROR(VLOOKUP(P88,Dex!$P$22:$Q$276,2,FALSE),"")} | R88: 252 | T88: ATK | U88: {=IFERROR(VLOOKUP(T74,Dex!$B$3:$N330,9,FALSE),"")} -> 90 | V88: {=IFERROR(VLOOKUP(U88,Dex!$P$22:$Q$276,2,FALSE),"")} | W88: 252
E89: DEF | F89: {=IFERROR(VLOOKUP(E74,Dex!$B$3:$N330,10,FALSE),"")} -> 70 | G89: {=IFERROR(VLOOKUP(F89,Dex!$P$22:$Q$276,2,FALSE),"")} | H89: 252 | J89: DEF | K89: {=IFERROR(VLOOKUP(J74,Dex!$B$3:$N330,10,FALSE),"")} -> 65 | L89: {=IFERROR(VLOOKUP(K89,Dex!$P$22:$Q$276,2,FALSE),"")} | M89: 4 | O89: DEF | P89: {=IFERROR(VLOOKUP(O74,Dex!$B$3:$N330,10,FALSE),"")} -> 75 | Q89: {=IFERROR(VLOOKUP(P89,Dex!$P$22:$Q$276,2,FALSE),"")} | R89: 4 | T89: DEF | U89: {=IFERROR(VLOOKUP(T74,Dex!$B$3:$N330,10,FALSE),"")} -> 101 | V89: {=IFERROR(VLOOKUP(U89,Dex!$P$22:$Q$276,2,FALSE),"")} | W89: 4
E90: SPA | F90: {=IFERROR(VLOOKUP(E74,Dex!$B$3:$N330,11,FALSE),"")} -> 73 | G90: {=IFERROR(VLOOKUP(F90,Dex!$P$22:$Q$276,2,FALSE),"")} | J90: SPA | K90: {=IFERROR(VLOOKUP(J74,Dex!$B$3:$N330,11,FALSE),"")} -> 60 | L90: {=IFERROR(VLOOKUP(K90,Dex!$P$22:$Q$276,2,FALSE),"")} | O90: SPA | P90: {=IFERROR(VLOOKUP(O74,Dex!$B$3:$N330,11,FALSE),"")} -> 60 | Q90: {=IFERROR(VLOOKUP(P90,Dex!$P$22:$Q$276,2,FALSE),"")} | T90: SPA | U90: {=IFERROR(VLOOKUP(T74,Dex!$B$3:$N330,11,FALSE),"")} -> 60 | V90: {=IFERROR(VLOOKUP(U90,Dex!$P$22:$Q$276,2,FALSE),"")}
E91: SPD | F91: {=IFERROR(VLOOKUP(E74,Dex!$B$3:$N330,12,FALSE),"")} -> 115 | G91: {=IFERROR(VLOOKUP(F91,Dex!$P$22:$Q$276,2,FALSE),"")} | H91: 4 | J91: SPD | K91: {=IFERROR(VLOOKUP(J74,Dex!$B$3:$N330,12,FALSE),"")} -> 75 | L91: {=IFERROR(VLOOKUP(K91,Dex!$P$22:$Q$276,2,FALSE),"")} | O91: SPD | P91: {=IFERROR(VLOOKUP(O74,Dex!$B$3:$N330,12,FALSE),"")} -> 60 | Q91: {=IFERROR(VLOOKUP(P91,Dex!$P$22:$Q$276,2,FALSE),"")} | T91: SPD | U91: {=IFERROR(VLOOKUP(T74,Dex!$B$3:$N330,12,FALSE),"")} -> 81 | V91: {=IFERROR(VLOOKUP(U91,Dex!$P$22:$Q$276,2,FALSE),"")}
C92: IF YOU'RE | E92: SPE | F92: {=IFERROR(VLOOKUP(E74,Dex!$B$3:$N330,13,FALSE),"")} -> 67 | G92: {=IFERROR(VLOOKUP(F92,Dex!$P$22:$Q$276,2,FALSE),"")} | J92: SPE | K92: {=IFERROR(VLOOKUP(J74,Dex!$B$3:$N330,13,FALSE),"")} -> 130 | L92: {=IFERROR(VLOOKUP(K92,Dex!$P$22:$Q$276,2,FALSE),"")} | M92: 252 | O92: SPE | P92: {=IFERROR(VLOOKUP(O74,Dex!$B$3:$N330,13,FALSE),"")} -> 45 | Q92: {=IFERROR(VLOOKUP(P92,Dex!$P$22:$Q$276,2,FALSE),"")} | T92: SPE | U92: {=IFERROR(VLOOKUP(T74,Dex!$B$3:$N330,13,FALSE),"")} -> 95 | V92: {=IFERROR(VLOOKUP(U92,Dex!$P$22:$Q$276,2,FALSE),"")} | W92: 252
C93: LEVEL 47 ->> | E93: SPEED STAT: | H93: 77 | J93: SPEED STAT: | M93: 176 | O93: SPEED STAT: | R93: 57 | T93: SPEED STAT: | W93: 139
E96: BATTLE EFFECT: DOUBLES
C97: =IMAGE("https://i.ibb.co/kJrTDW3/Grunt.png") | E97: {=IFERROR(VLOOKUP(E98,Dex!$B$3:$G330,3,FALSE),"")} | J97: {=IFERROR(VLOOKUP(J98,Dex!$B$3:$G330,3,FALSE),"")} | O97: {=IFERROR(VLOOKUP(O98,Dex!$B$3:$G330,3,FALSE),"")} | T97: {=IFERROR(VLOOKUP(T98,Dex!$B$3:$G330,3,FALSE),"")}
C98: ROCKET HIDE. LEFT GUARD | E98: Weezing-G | J98: Slaking | O98: Crobat | T98: Dipplin
E99: Highest Lv -4 | J99: Highest Lv -4 | O99: Highest Lv -4 | T99: Highest Lv -4
F100: {=IFERROR(VLOOKUP(E98,Dex!$B$3:$H330,5,FALSE),"")} | G100: {=IFERROR(VLOOKUP(E98,Dex!$B$3:$H330,7,FALSE),"")} | K100: {=IFERROR(VLOOKUP(J98,Dex!$B$3:$H330,5,FALSE),"")} | P100: {=IFERROR(VLOOKUP(O98,Dex!$B$3:$H330,5,FALSE),"")} | Q100: {=IFERROR(VLOOKUP(O98,Dex!$B$3:$H330,7,FALSE),"")} | U100: {=IFERROR(VLOOKUP(T98,Dex!$B$3:$H330,5,FALSE),"")} | V100: {=IFERROR(VLOOKUP(T98,Dex!$B$3:$H330,7,FALSE),"")}
E102: Bold | J102: Jolly | O102: Timid | T102: Bold
E103: Neutralizing Gas | J103: Truant | O103: Sniper | T103: Sticky Hold
E104: Shuca Berry | H104: =IMAGE("https://raw.githubusercontent.com/msikma/pokesprite/master/items/berry/shuca.png",3) | J104: Lum Berry | M104: =IMAGE("https://raw.githubusercontent.com/msikma/pokesprite/master/items/berry/lum.png",3) | O104: Sitrus Berry | R104: =IMAGE("https://raw.githubusercontent.com/msikma/pokesprite/master/items/berry/sitrus.png",3) | T104: Eviolite | W104: =IMAGE("https://raw.githubusercontent.com/msikma/pokesprite/master/items/hold-item/eviolite.png",3)
E105: Sludge Bomb | H105: =IMAGE("https://raw.githubusercontent.com/msikma/pokesprite/master/misc/types/gen8/poison.png",4,20,20) | J105: Body Slam | M105: =IMAGE("https://raw.githubusercontent.com/msikma/pokesprite/master/misc/types/gen8/normal.png",4,20,20) | O105: Air Slash | R105: =IMAGE("https://raw.githubusercontent.com/msikma/pokesprite/master/misc/types/gen8/flying.png",4,20,20) | T105: Dragon Pulse | W105: =IMAGE("https://raw.githubusercontent.com/msikma/pokesprite/master/misc/types/gen8/dragon.png",4,20,20)
E106: Strange Steam | H106: =IMAGE("https://raw.githubusercontent.com/msikma/pokesprite/master/misc/types/gen8/fairy.png",4,20,20) | J106: Fire Punch | M106: =IMAGE("https://raw.githubusercontent.com/msikma/pokesprite/master/misc/types/gen8/fire.png",4,20,20) | O106: Sludge Bomb | R106: =IMAGE("https://raw.githubusercontent.com/msikma/pokesprite/master/misc/types/gen8/poison.png",4,20,20) | T106: Giga Drain | W106: =IMAGE("https://raw.githubusercontent.com/msikma/pokesprite/master/misc/types/gen8/grass.png",4,20,20)
E107: Flamethrower | H107: =IMAGE("https://raw.githubusercontent.com/msikma/pokesprite/master/misc/types/gen8/fire.png",4,20,20) | J107: Knock Off | M107: =IMAGE("https://raw.githubusercontent.com/msikma/pokesprite/master/misc/types/gen8/dark.png",4,20,20) | O107: Giga Drain | R107: =IMAGE("https://raw.githubusercontent.com/msikma/pokesprite/master/misc/types/gen8/grass.png",4,20,20) | T107: Pollen Puff | W107: =IMAGE("https://raw.githubusercontent.com/msikma/pokesprite/master/misc/types/gen8/bug.png",4,20,20)
E108: Will-O-Wisp | H108: =IMAGE("https://raw.githubusercontent.com/msikma/pokesprite/master/misc/types/gen8/fire.png",4,20,20) | J108: Ice Punch | M108: =IMAGE("https://raw.githubusercontent.com/msikma/pokesprite/master/misc/types/gen8/ice.png",4,20,20) | O108: Shadow Ball | R108: =IMAGE("https://raw.githubusercontent.com/msikma/pokesprite/master/misc/types/gen8/ghost.png",4,20,20) | T108: Recover | W108: =IMAGE("https://raw.githubusercontent.com/msikma/pokesprite/master/misc/types/gen8/normal.png",4,20,20)
E110: BASE STATS | H110: EVs | J110: BASE STATS | M110: EVs | O110: BASE STATS | R110: EVs | T110: BASE STATS | W110: EVs
E111: HP | F111: {=IFERROR(VLOOKUP(E98,Dex!$B$3:$N330,8,FALSE),"")} -> 65 | G111: {=IFERROR(VLOOKUP(F111,Dex!$P$22:$Q$276,2,FALSE),"")} | H111: 252 | J111: HP | K111: {=IFERROR(VLOOKUP(J98,Dex!$B$3:$N330,8,FALSE),"")} -> 150 | L111: {=IFERROR(VLOOKUP(K111,Dex!$P$22:$Q$276,2,FALSE),"")} | O111: HP | P111: {=IFERROR(VLOOKUP(O98,Dex!$B$3:$N330,8,FALSE),"")} -> 85 | Q111: {=IFERROR(VLOOKUP(P111,Dex!$P$22:$Q$276,2,FALSE),"")} | T111: HP | U111: {=IFERROR(VLOOKUP(T98,Dex!$B$3:$N330,8,FALSE),"")} -> 80 | V111: {=IFERROR(VLOOKUP(U111,Dex!$P$22:$Q$276,2,FALSE),"")} | W111: 252
E112: ATK | F112: {=IFERROR(VLOOKUP(E98,Dex!$B$3:$N330,9,FALSE),"")} -> 90 | G112: {=IFERROR(VLOOKUP(F112,Dex!$P$22:$Q$276,2,FALSE),"")} | J112: ATK | K112: {=IFERROR(VLOOKUP(J98,Dex!$B$3:$N330,9,FALSE),"")} -> 160 | L112: {=IFERROR(VLOOKUP(K112,Dex!$P$22:$Q$276,2,FALSE),"")} | M112: 252 | O112: ATK | P112: {=IFERROR(VLOOKUP(O98,Dex!$B$3:$N330,9,FALSE),"")} -> 90 | Q112: {=IFERROR(VLOOKUP(P112,Dex!$P$22:$Q$276,2,FALSE),"")} | T112: ATK | U112: {=IFERROR(VLOOKUP(T98,Dex!$B$3:$N330,9,FALSE),"")} -> 80 | V112: {=IFERROR(VLOOKUP(U112,Dex!$P$22:$Q$276,2,FALSE),"")}
E113: DEF | F113: {=IFERROR(VLOOKUP(E98,Dex!$B$3:$N330,10,FALSE),"")} -> 120 | G113: {=IFERROR(VLOOKUP(F113,Dex!$P$22:$Q$276,2,FALSE),"")} | H113: 252 | J113: DEF | K113: {=IFERROR(VLOOKUP(J98,Dex!$B$3:$N330,10,FALSE),"")} -> 100 | L113: {=IFERROR(VLOOKUP(K113,Dex!$P$22:$Q$276,2,FALSE),"")} | M113: 4 | O113: DEF | P113: {=IFERROR(VLOOKUP(O98,Dex!$B$3:$N330,10,FALSE),"")} -> 80 | Q113: {=IFERROR(VLOOKUP(P113,Dex!$P$22:$Q$276,2,FALSE),"")} | R113: 4 | T113: DEF | U113: {=IFERROR(VLOOKUP(T98,Dex!$B$3:$N330,10,FALSE),"")} -> 110 | V113: {=IFERROR(VLOOKUP(U113,Dex!$P$22:$Q$276,2,FALSE),"")} | W113: 40
E114: SPA | F114: {=IFERROR(VLOOKUP(E98,Dex!$B$3:$N330,11,FALSE),"")} -> 85 | G114: {=IFERROR(VLOOKUP(F114,Dex!$P$22:$Q$276,2,FALSE),"")} | H114: 4 | J114: SPA | K114: {=IFERROR(VLOOKUP(J98,Dex!$B$3:$N330,11,FALSE),"")} -> 95 | L114: {=IFERROR(VLOOKUP(K114,Dex!$P$22:$Q$276,2,FALSE),"")} | O114: SPA | P114: {=IFERROR(VLOOKUP(O98,Dex!$B$3:$N330,11,FALSE),"")} -> 90 | Q114: {=IFERROR(VLOOKUP(P114,Dex!$P$22:$Q$276,2,FALSE),"")} | R114: 252 | T114: SPA | U114: {=IFERROR(VLOOKUP(T98,Dex!$B$3:$N330,11,FALSE),"")} -> 95 | V114: {=IFERROR(VLOOKUP(U114,Dex!$P$22:$Q$276,2,FALSE),"")} | W114: 216
E115: SPD | F115: {=IFERROR(VLOOKUP(E98,Dex!$B$3:$N330,12,FALSE),"")} -> 70 | G115: {=IFERROR(VLOOKUP(F115,Dex!$P$22:$Q$276,2,FALSE),"")} | J115: SPD | K115: {=IFERROR(VLOOKUP(J98,Dex!$B$3:$N330,12,FALSE),"")} -> 65 | L115: {=IFERROR(VLOOKUP(K115,Dex!$P$22:$Q$276,2,FALSE),"")} | O115: SPD | P115: {=IFERROR(VLOOKUP(O98,Dex!$B$3:$N330,12,FALSE),"")} -> 80 | Q115: {=IFERROR(VLOOKUP(P115,Dex!$P$22:$Q$276,2,FALSE),"")} | T115: SPD | U115: {=IFERROR(VLOOKUP(T98,Dex!$B$3:$N330,12,FALSE),"")} -> 80 | V115: {=IFERROR(VLOOKUP(U115,Dex!$P$22:$Q$276,2,FALSE),"")}
C116: IF YOU'RE | E116: SPE | F116: {=IFERROR(VLOOKUP(E98,Dex!$B$3:$N330,13,FALSE),"")} -> 60 | G116: {=IFERROR(VLOOKUP(F116,Dex!$P$22:$Q$276,2,FALSE),"")} | J116: SPE | K116: {=IFERROR(VLOOKUP(J98,Dex!$B$3:$N330,13,FALSE),"")} -> 100 | L116: {=IFERROR(VLOOKUP(K116,Dex!$P$22:$Q$276,2,FALSE),"")} | M116: 252 | O116: SPE | P116: {=IFERROR(VLOOKUP(O98,Dex!$B$3:$N330,13,FALSE),"")} -> 130 | Q116: {=IFERROR(VLOOKUP(P116,Dex!$P$22:$Q$276,2,FALSE),"")} | R116: 252 | T116: SPE | U116: {=IFERROR(VLOOKUP(T98,Dex!$B$3:$N330,13,FALSE),"")} -> 40 | V116: {=IFERROR(VLOOKUP(U116,Dex!$P$22:$Q$276,2,FALSE),"")}
C117: LEVEL 47 ->> | E117: SPEED STAT: | H117: 69 | J117: SPEED STAT: | M117: 144 | O117: SPEED STAT: | R117: 172 | T117: SPEED STAT: | W117: 52
E120: BATTLE EFFECT: DOUBLES
C121: =IMAGE("https://i.ibb.co/kJrTDW3/Grunt.png") | E121: {=IFERROR(VLOOKUP(E122,Dex!$B$3:$G330,3,FALSE),"")} | J121: {=IFERROR(VLOOKUP(J122,Dex!$B$3:$G330,3,FALSE),"")} | O121: {=IFERROR(VLOOKUP(O122,Dex!$B$3:$G330,3,FALSE),"")} | T121: {=IFERROR(VLOOKUP(T122,Dex!$B$3:$G330,3,FALSE),"")}
C122: ROCKET HIDE. RIGHT GUARD | E122: Talonflame | J122: Shiftry | O122: Toxicroak | T122: Eelektross
...

Sheet Mini Bosses
C3: =IMAGE("https://i.ibb.co/8sm893K/Lass.png") | E3: {=IFERROR(VLOOKUP(E4,Dex!$B$3:$G1022,3,FALSE),"")} | J3: {=IFERROR(VLOOKUP(J4,Dex!$B$3:$G1022,3,FALSE),"")} | O3: {=IFERROR(VLOOKUP(O4,Dex!$B$3:$G1022,3,FALSE),"")}
C4: VIRID. FOREST LASS ANNE | E4: Stufful | J4: Clefairy | O4: Audino
E5: Highest Lv -3 | J5: Highest Lv -5 | O5: Highest Lv -3
F6: {=IFERROR(VLOOKUP(E4,Dex!$B$3:$H1022,5,FALSE),"")} | G6: {=IFERROR(VLOOKUP(E4,Dex!$B$3:$H1022,7,FALSE),"")} | K6: {=IFERROR(VLOOKUP(J4,Dex!$B$3:$H1022,5,FALSE),"")} | P6: {=IFERROR(VLOOKUP(O4,Dex!$B$3:$H1022,5,FALSE),"")}
E8: Bashful | J8: Bashful | O8: Bashful
E9: Fluffy | J9: Magic Guard | O9: Regenerator
E10: Oran Berry | H10: =IMAGE("https://raw.githubusercontent.com/msikma/pokesprite/master/items/berry/oran.png",3) | J10: Life Orb | M10: =IMAGE("https://raw.githubusercontent.com/msikma/pokesprite/master/items/hold-item/life-orb.png",3) | O10: No Item | R10: X
E11: Low Sweep | H11: =IMAGE("https://raw.githubusercontent.com/msikma/pokesprite/master/misc/types/gen8/fighting.png",4,20,20) | J11: Metronome | M11: =IMAGE("https://raw.githubusercontent.com/msikma/pokesprite/master/misc/types/gen8/normal.png",4,20,20) | O11: Swagger | R11: =IMAGE("https://raw.githubusercontent.com/msikma/pokesprite/master/misc/types/gen8/normal.png",4,20,20)
E12: Tackle | H12: =IMAGE("https://raw.githubusercontent.com/msikma/pokesprite/master/misc/types/gen8/normal.png",4,20,20) | J12: - | O12: Protect | R12: =IMAGE("https://raw.githubusercontent.com/msikma/pokesprite/master/misc/types/gen8/normal.png",4,20,20)
E13: Aerial Ace | H13: =IMAGE("https://raw.githubusercontent.com/msikma/pokesprite/master/misc/types/gen8/flying.png",4,20,20) | J13: - | O13: Wish | R13: =IMAGE("https://raw.githubusercontent.com/msikma/pokesprite/master/misc/types/gen8/normal.png",4,20,20)
E14: - | J14: - | O14: Yawn | R14: =IMAGE("https://raw.githubusercontent.com/msikma/pokesprite/master/misc/types/gen8/normal.png",4,20,20)
E16: BASE STATS | H16: EVs | J16: BASE STATS | M16: EVs | O16: BASE STATS | R16: EVs
E17: HP | F17: {=IFERROR(VLOOKUP(E4,Dex!$B$3:$N1022,8,FALSE),"")} -> 70 | G17: {=IFERROR(VLOOKUP(F17,Dex!$P$22:$Q$276,2,FALSE),"")} | J17: HP | K17: {=IFERROR(VLOOKUP(J4,Dex!$B$3:$N1022,8,FALSE),"")} -> 70 | L17: {=IFERROR(VLOOKUP(K17,Dex!$P$22:$Q$276,2,FALSE),"")} | O17: HP | P17: {=IFERROR(VLOOKUP(O4,Dex!$B$3:$N1022,8,FALSE),"")} -> 103 | Q17: {=IFERROR(VLOOKUP(P17,Dex!$P$22:$Q$276,2,FALSE),"")}
E18: ATK | F18: {=IFERROR(VLOOKUP(E4,Dex!$B$3:$N1022,9,FALSE),"")} -> 75 | G18: {=IFERROR(VLOOKUP(F18,Dex!$P$22:$Q$276,2,FALSE),"")} | J18: ATK | K18: {=IFERROR(VLOOKUP(J4,Dex!$B$3:$N1022,9,FALSE),"")} -> 45 | L18: {=IFERROR(VLOOKUP(K18,Dex!$P$22:$Q$276,2,FALSE),"")} | O18: ATK | P18: {=IFERROR(VLOOKUP(O4,Dex!$B$3:$N1022,9,FALSE),"")} -> 60 | Q18: {=IFERROR(VLOOKUP(P18,Dex!$P$22:$Q$276,2,FALSE),"")}
E19: DEF | F19: {=IFERROR(VLOOKUP(E4,Dex!$B$3:$N1022,10,FALSE),"")} -> 50 | G19: {=IFERROR(VLOOKUP(F19,Dex!$P$22:$Q$276,2,FALSE),"")} | J19: DEF | K19: {=IFERROR(VLOOKUP(J4,Dex!$B$3:$N1022,10,FALSE),"")} -> 48 | L19: {=IFERROR(VLOOKUP(K19,Dex!$P$22:$Q$276,2,FALSE),"")} | O19: DEF | P19: {=IFERROR(VLOOKUP(O4,Dex!$B$3:$N1022,10,FALSE),"")} -> 86 | Q19: {=IFERROR(VLOOKUP(P19,Dex!$P$22:$Q$276,2,FALSE),"")}
E20: SPA | F20: {=IFERROR(VLOOKUP(E4,Dex!$B$3:$N1022,11,FALSE),"")} -> 45 | G20: {=IFERROR(VLOOKUP(F20,Dex!$P$22:$Q$276,2,FALSE),"")} | J20: SPA | K20: {=IFERROR(VLOOKUP(J4,Dex!$B$3:$N1022,11,FALSE),"")} -> 60 | L20: {=IFERROR(VLOOKUP(K20,Dex!$P$22:$Q$276,2,FALSE),"")} | O20: SPA | P20: {=IFERROR(VLOOKUP(O4,Dex!$B$3:$N1022,11,FALSE),"")} -> 60 | Q20: {=IFERROR(VLOOKUP(P20,Dex!$P$22:$Q$276,2,FALSE),"")}
E21: SPD | F21: {=IFERROR(VLOOKUP(E4,Dex!$B$3:$N1022,12,FALSE),"")} -> 50 | G21: {=IFERROR(VLOOKUP(F21,Dex!$P$22:$Q$276,2,FALSE),"")} | J21: SPD | K21: {=IFERROR(VLOOKUP(J4,Dex!$B$3:$N1022,12,FALSE),"")} -> 65 | L21: {=IFERROR(VLOOKUP(K21,Dex!$P$22:$Q$276,2,FALSE),"")} | O21: SPD | P21: {=IFERROR(VLOOKUP(O4,Dex!$B$3:$N1022,12,FALSE),"")} -> 86 | Q21: {=IFERROR(VLOOKUP(P21,Dex!$P$22:$Q$276,2,FALSE),"")}
C22: IF YOU'RE | E22: SPE | F22: {=IFERROR(VLOOKUP(E4,Dex!$B$3:$N1022,13,FALSE),"")} -> 50 | G22: {=IFERROR(VLOOKUP(F22,Dex!$P$22:$Q$276,2,FALSE),"")} | J22: SPE | K22: {=IFERROR(VLOOKUP(J4,Dex!$B$3:$N1022,13,FALSE),"")} -> 35 | L22: {=IFERROR(VLOOKUP(K22,Dex!$P$22:$Q$276,2,FALSE),"")} | O22: SPE | P22: {=IFERROR(VLOOKUP(O4,Dex!$B$3:$N1022,13,FALSE),"")} -> 50 | Q22: {=IFERROR(VLOOKUP(P22,Dex!$P$22:$Q$276,2,FALSE),"")}
C23: LEVEL 15 ->> | E23: SPEED STAT: | H23: 20 | J23: SPEED STAT: | M23: 15 | O23: SPEED STAT: | R23: 20
C26: =IMAGE("https://i.ibb.co/26kF6WW/Ace-Trainer-F.png") | E26: {=IFERROR(VLOOKUP(E27,Dex!$B$3:$G1022,3,FALSE),"")} | J26: {=IFERROR(VLOOKUP(J27,Dex!$B$3:$G1022,3,FALSE),"")}
C27: VIRID. FOREST ACE TRAINER NELLE | E27: Charcadet | J27: Gulpin
E28: Highest Lv -3 | J28: Highest Lv -3
F29: {=IFERROR(VLOOKUP(E27,Dex!$B$3:$H1022,5,FALSE),"")} | K29: {=IFERROR(VLOOKUP(J27,Dex!$B$3:$H1022,5,FALSE),"")}
E31: Bashful | J31: Bashful
E32: Flame Body | J32: Gluttony
E33: Berry Juice | H33: =IMAGE("https://raw.githubusercontent.com/msikma/pokesprite/master/items/medicine/berry-juice.png",3) | J33: Iapapa Berry | M33: =IMAGE("https://raw.githubusercontent.com/msikma/pokesprite/master/items/berry/iapapa.png",3)
E34: Fire Spin | H34: =IMAGE("https://raw.githubusercontent.com/msikma/pokesprite/master/misc/types/gen8/fire.png",4,20,20) | J34: Belch | M34: =IMAGE("https://raw.githubusercontent.com/msikma/pokesprite/master/misc/types/gen8/poison.png",4,20,20)
E35: Night Shade | H35: =IMAGE("https://raw.githubusercontent.com/msikma/pokesprite/master/misc/types/gen8/ghost.png",4,20,20) | J35: Sludge | M35: =IMAGE("https://raw.githubusercontent.com/msikma/pokesprite/master/misc/types/gen8/poison.png",4,20,20)
E36: Will-O-Wisp | H36: =IMAGE("https://raw.githubusercontent.com/msikma/pokesprite/master/misc/types/gen8/fire.png",4,20,20) | J36: Bullet Seed | M36: =IMAGE("https://raw.githubusercontent.com/msikma/pokesprite/master/misc/types/gen8/grass.png",4,20,20)
E37: Clear Smog | H37: =IMAGE("https://raw.githubusercontent.com/msikma/pokesprite/master/misc/types/gen8/poison.png",4,20,20) | J37: Sleep Talk | M37: =IMAGE("https://raw.githubusercontent.com/msikma/pokesprite/master/misc/types/gen8/normal.png",4,20,20)
E39: BASE STATS | H39: EVs | J39: BASE STATS | M39: EVs
E40: HP | F40: {=IFERROR(VLOOKUP(E27,Dex!$B$3:$N1022,8,FALSE),"")} -> 40 | G40: {=IFERROR(VLOOKUP(F40,Dex!$P$22:$Q$276,2,FALSE),"")} | J40: HP | K40: {=IFERROR(VLOOKUP(J27,Dex!$B$3:$N1022,8,FALSE),"")} -> 70 | L40: {=IFERROR(VLOOKUP(K40,Dex!$P$22:$Q$276,2,FALSE),"")}
E41: ATK | F41: {=IFERROR(VLOOKUP(E27,Dex!$B$3:$N1022,9,FALSE),"")} -> 50 | G41: {=IFERROR(VLOOKUP(F41,Dex!$P$22:$Q$276,2,FALSE),"")} | J41: ATK | K41: {=IFERROR(VLOOKUP(J27,Dex!$B$3:$N1022,9,FALSE),"")} -> 43 | L41: {=IFERROR(VLOOKUP(K41,Dex!$P$22:$Q$276,2,FALSE),"")}
E42: DEF | F42: {=IFERROR(VLOOKUP(E27,Dex!$B$3:$N1022,10,FALSE),"")} -> 40 | G42: {=IFERROR(VLOOKUP(F42,Dex!$P$22:$Q$276,2,FALSE),"")} | J42: DEF | K42: {=IFERROR(VLOOKUP(J27,Dex!$B$3:$N1022,10,FALSE),"")} -> 53 | L42: {=IFERROR(VLOOKUP(K42,Dex!$P$22:$Q$276,2,FALSE),"")}
E43: SPA | F43: {=IFERROR(VLOOKUP(E27,Dex!$B$3:$N1022,11,FALSE),"")} -> 50 | G43: {=IFERROR(VLOOKUP(F43,Dex!$P$22:$Q$276,2,FALSE),"")} | J43: SPA | K43: {=IFERROR(VLOOKUP(J27,Dex!$B$3:$N1022,11,FALSE),"")} -> 43 | L43: {=IFERROR(VLOOKUP(K43,Dex!$P$22:$Q$276,2,FALSE),"")}
E44: SPD | F44: {=IFERROR(VLOOKUP(E27,Dex!$B$3:$N1022,12,FALSE),"")} -> 40 | G44: {=IFERROR(VLOOKUP(F44,Dex!$P$22:$Q$276,2,FALSE),"")} | J44: SPD | K44: {=IFERROR(VLOOKUP(J27,Dex!$B$3:$N1022,12,FALSE),"")} -> 53 | L44: {=IFERROR(VLOOKUP(K44,Dex!$P$22:$Q$276,2,FALSE),"")}
C45: IF YOU'RE | E45: SPE | F45: {=IFERROR(VLOOKUP(E27,Dex!$B$3:$N1022,13,FALSE),"")} -> 35 | G45: {=IFERROR(VLOOKUP(F45,Dex!$P$22:$Q$276,2,FALSE),"")} | J45: SPE | K45: {=IFERROR(VLOOKUP(J27,Dex!$B$3:$N1022,13,FALSE),"")} -> 40 | L45: {=IFERROR(VLOOKUP(K45,Dex!$P$22:$Q$276,2,FALSE),"")}
C46: LEVEL 15 ->> | E46: SPEED STAT: | H46: 17 | J46: SPEED STAT: | M46: 18
E49: BATTLE EFFECT: DOUBLES
C50: =IMAGE("https://i.ibb.co/vsXQ7g7/Super-Nerd.png") | E50: {=IFERROR(VLOOKUP(E51,Dex!$B$3:$G1022,3,FALSE),"")} | J50: {=IFERROR(VLOOKUP(J51,Dex!$B$3:$G1022,3,FALSE),"")} | O50: {=IFERROR(VLOOKUP(O51,Dex!$B$3:$G1022,3,FALSE),"")} | T50: {=IFERROR(VLOOKUP(T51,Dex!$B$3:$G1022,3,FALSE),"")}
C51: MT. MOON SUPER NERD MIGUEL | E51: Thwackey | J51: Voltorb-H | O51: Bibarel | T51: Sableye
E52: Highest Lv -5 | J52: Highest Lv -5 | O52: Highest Lv -5 | T52: Highest Lv -5
